2025-01-29 01:00:36,635 [Worker-0: Loading available Gradle versions] INFO  o.e.b.c.i.u.g.PublishedGradleVersions - Gradle version information cache is not available. Remote download required.
2025-01-29 01:01:44,430 [ModalContext] INFO  o.e.m.c.i.e.AbstractTransferListenerAdapter - Downloading https://repo.maven.apache.org/maven2/org/apache/maven/archetypes/maven-archetype-archetype/1.5/maven-archetype-archetype-1.5.pom
2025-01-29 01:01:44,457 [ModalContext] INFO  o.e.m.c.i.e.AbstractTransferListenerAdapter - Downloaded https://repo.maven.apache.org/maven2/org/apache/maven/archetypes/maven-archetype-archetype/1.5/maven-archetype-archetype-1.5.pom
2025-01-29 01:01:44,561 [ModalContext] INFO  o.e.m.c.i.e.AbstractTransferListenerAdapter - Downloading https://repo.maven.apache.org/maven2/org/apache/maven/archetypes/maven-archetype-bundles/1.5/maven-archetype-bundles-1.5.pom
2025-01-29 01:01:44,573 [ModalContext] INFO  o.e.m.c.i.e.AbstractTransferListenerAdapter - Downloaded https://repo.maven.apache.org/maven2/org/apache/maven/archetypes/maven-archetype-bundles/1.5/maven-archetype-bundles-1.5.pom
2025-01-29 01:01:44,631 [ModalContext] INFO  o.e.m.c.i.e.AbstractTransferListenerAdapter - Downloading https://repo.maven.apache.org/maven2/org/apache/maven/maven-parent/43/maven-parent-43.pom
2025-01-29 01:01:44,689 [ModalContext] INFO  o.e.m.c.i.e.AbstractTransferListenerAdapter - Downloaded https://repo.maven.apache.org/maven2/org/apache/maven/maven-parent/43/maven-parent-43.pom
2025-01-29 01:01:44,767 [ModalContext] INFO  o.e.m.c.i.e.AbstractTransferListenerAdapter - Downloading https://repo.maven.apache.org/maven2/org/apache/apache/33/apache-33.pom
2025-01-29 01:01:44,786 [ModalContext] INFO  o.e.m.c.i.e.AbstractTransferListenerAdapter - Downloaded https://repo.maven.apache.org/maven2/org/apache/apache/33/apache-33.pom
2025-01-29 01:01:44,863 [ModalContext] INFO  o.e.m.c.i.e.AbstractTransferListenerAdapter - Downloading https://repo.maven.apache.org/maven2/org/junit/junit-bom/5.10.3/junit-bom-5.10.3.pom
2025-01-29 01:01:44,872 [ModalContext] INFO  o.e.m.c.i.e.AbstractTransferListenerAdapter - Downloaded https://repo.maven.apache.org/maven2/org/junit/junit-bom/5.10.3/junit-bom-5.10.3.pom
2025-01-29 01:01:44,945 [ModalContext] INFO  o.e.m.c.i.e.AbstractTransferListenerAdapter - Downloading https://repo.maven.apache.org/maven2/org/apache/maven/archetypes/maven-archetype-archetype/1.5/maven-archetype-archetype-1.5.jar
2025-01-29 01:01:44,962 [ModalContext] INFO  o.e.m.c.i.e.AbstractTransferListenerAdapter - Downloaded https://repo.maven.apache.org/maven2/org/apache/maven/archetypes/maven-archetype-archetype/1.5/maven-archetype-archetype-1.5.jar
2025-01-29 01:02:09,357 [Worker-12: Launching mavenrun-836de04b-466c-472b-b40f-5748df37a396] INFO  o.eclipse.m2e.core.internal.Bundles - getClasspathEntries(Bundle=org.eclipse.m2e.maven.runtime_3.9.900.20240824-1409 [300])
2025-01-29 01:02:09,361 [Worker-12: Launching mavenrun-836de04b-466c-472b-b40f-5748df37a396] INFO  o.eclipse.m2e.core.internal.Bundles - 	Entry: C:\Users\ADMIN\.p2\pool\plugins\org.eclipse.m2e.maven.runtime_3.9.900.20240824-1409
2025-01-29 01:02:09,362 [Worker-12: Launching mavenrun-836de04b-466c-472b-b40f-5748df37a396] INFO  o.eclipse.m2e.core.internal.Bundles - 	Entry: C:\Users\ADMIN\.p2\pool\plugins\org.eclipse.m2e.maven.runtime_3.9.900.20240824-1409\jars\aopalliance-1.0.jar
2025-01-29 01:02:09,363 [Worker-12: Launching mavenrun-836de04b-466c-472b-b40f-5748df37a396] INFO  o.eclipse.m2e.core.internal.Bundles - 	Entry: C:\Users\ADMIN\.p2\pool\plugins\org.eclipse.m2e.maven.runtime_3.9.900.20240824-1409\jars\guice-5.1.0.jar
2025-01-29 01:02:09,363 [Worker-12: Launching mavenrun-836de04b-466c-472b-b40f-5748df37a396] INFO  o.eclipse.m2e.core.internal.Bundles - 	Entry: C:\Users\ADMIN\.p2\pool\plugins\org.eclipse.m2e.maven.runtime_3.9.900.20240824-1409\jars\httpclient-4.5.14.jar
2025-01-29 01:02:09,363 [Worker-12: Launching mavenrun-836de04b-466c-472b-b40f-5748df37a396] INFO  o.eclipse.m2e.core.internal.Bundles - 	Entry: C:\Users\ADMIN\.p2\pool\plugins\org.eclipse.m2e.maven.runtime_3.9.900.20240824-1409\jars\httpcore-4.4.16.jar
2025-01-29 01:02:09,363 [Worker-12: Launching mavenrun-836de04b-466c-472b-b40f-5748df37a396] INFO  o.eclipse.m2e.core.internal.Bundles - 	Entry: C:\Users\ADMIN\.p2\pool\plugins\org.eclipse.m2e.maven.runtime_3.9.900.20240824-1409\jars\jansi-2.4.1.jar
2025-01-29 01:02:09,364 [Worker-12: Launching mavenrun-836de04b-466c-472b-b40f-5748df37a396] INFO  o.eclipse.m2e.core.internal.Bundles - 	Entry: C:\Users\ADMIN\.p2\pool\plugins\org.eclipse.m2e.maven.runtime_3.9.900.20240824-1409\jars\jcl-over-slf4j-1.7.36.jar
2025-01-29 01:02:09,364 [Worker-12: Launching mavenrun-836de04b-466c-472b-b40f-5748df37a396] INFO  o.eclipse.m2e.core.internal.Bundles - 	Entry: C:\Users\ADMIN\.p2\pool\plugins\org.eclipse.m2e.maven.runtime_3.9.900.20240824-1409\jars\maven-artifact-3.9.9.jar
2025-01-29 01:02:09,364 [Worker-12: Launching mavenrun-836de04b-466c-472b-b40f-5748df37a396] INFO  o.eclipse.m2e.core.internal.Bundles - 	Entry: C:\Users\ADMIN\.p2\pool\plugins\org.eclipse.m2e.maven.runtime_3.9.900.20240824-1409\jars\maven-builder-support-3.9.9.jar
2025-01-29 01:02:09,364 [Worker-12: Launching mavenrun-836de04b-466c-472b-b40f-5748df37a396] INFO  o.eclipse.m2e.core.internal.Bundles - 	Entry: C:\Users\ADMIN\.p2\pool\plugins\org.eclipse.m2e.maven.runtime_3.9.900.20240824-1409\jars\maven-compat-3.9.9.jar
2025-01-29 01:02:09,364 [Worker-12: Launching mavenrun-836de04b-466c-472b-b40f-5748df37a396] INFO  o.eclipse.m2e.core.internal.Bundles - 	Entry: C:\Users\ADMIN\.p2\pool\plugins\org.eclipse.m2e.maven.runtime_3.9.900.20240824-1409\jars\maven-core-3.9.9.jar
2025-01-29 01:02:09,365 [Worker-12: Launching mavenrun-836de04b-466c-472b-b40f-5748df37a396] INFO  o.eclipse.m2e.core.internal.Bundles - 	Entry: C:\Users\ADMIN\.p2\pool\plugins\org.eclipse.m2e.maven.runtime_3.9.900.20240824-1409\jars\maven-embedder-3.9.9.jar
2025-01-29 01:02:09,365 [Worker-12: Launching mavenrun-836de04b-466c-472b-b40f-5748df37a396] INFO  o.eclipse.m2e.core.internal.Bundles - 	Entry: C:\Users\ADMIN\.p2\pool\plugins\org.eclipse.m2e.maven.runtime_3.9.900.20240824-1409\jars\maven-model-3.9.9.jar
2025-01-29 01:02:09,365 [Worker-12: Launching mavenrun-836de04b-466c-472b-b40f-5748df37a396] INFO  o.eclipse.m2e.core.internal.Bundles - 	Entry: C:\Users\ADMIN\.p2\pool\plugins\org.eclipse.m2e.maven.runtime_3.9.900.20240824-1409\jars\maven-model-builder-3.9.9.jar
2025-01-29 01:02:09,365 [Worker-12: Launching mavenrun-836de04b-466c-472b-b40f-5748df37a396] INFO  o.eclipse.m2e.core.internal.Bundles - 	Entry: C:\Users\ADMIN\.p2\pool\plugins\org.eclipse.m2e.maven.runtime_3.9.900.20240824-1409\jars\maven-plugin-api-3.9.9.jar
2025-01-29 01:02:09,365 [Worker-12: Launching mavenrun-836de04b-466c-472b-b40f-5748df37a396] INFO  o.eclipse.m2e.core.internal.Bundles - 	Entry: C:\Users\ADMIN\.p2\pool\plugins\org.eclipse.m2e.maven.runtime_3.9.900.20240824-1409\jars\maven-repository-metadata-3.9.9.jar
2025-01-29 01:02:09,366 [Worker-12: Launching mavenrun-836de04b-466c-472b-b40f-5748df37a396] INFO  o.eclipse.m2e.core.internal.Bundles - 	Entry: C:\Users\ADMIN\.p2\pool\plugins\org.eclipse.m2e.maven.runtime_3.9.900.20240824-1409\jars\maven-resolver-api-1.9.22.jar
2025-01-29 01:02:09,366 [Worker-12: Launching mavenrun-836de04b-466c-472b-b40f-5748df37a396] INFO  o.eclipse.m2e.core.internal.Bundles - 	Entry: C:\Users\ADMIN\.p2\pool\plugins\org.eclipse.m2e.maven.runtime_3.9.900.20240824-1409\jars\maven-resolver-connector-basic-1.9.22.jar
2025-01-29 01:02:09,366 [Worker-12: Launching mavenrun-836de04b-466c-472b-b40f-5748df37a396] INFO  o.eclipse.m2e.core.internal.Bundles - 	Entry: C:\Users\ADMIN\.p2\pool\plugins\org.eclipse.m2e.maven.runtime_3.9.900.20240824-1409\jars\maven-resolver-impl-1.9.22.jar
2025-01-29 01:02:09,366 [Worker-12: Launching mavenrun-836de04b-466c-472b-b40f-5748df37a396] INFO  o.eclipse.m2e.core.internal.Bundles - 	Entry: C:\Users\ADMIN\.p2\pool\plugins\org.eclipse.m2e.maven.runtime_3.9.900.20240824-1409\jars\maven-resolver-named-locks-1.9.22.jar
2025-01-29 01:02:09,366 [Worker-12: Launching mavenrun-836de04b-466c-472b-b40f-5748df37a396] INFO  o.eclipse.m2e.core.internal.Bundles - 	Entry: C:\Users\ADMIN\.p2\pool\plugins\org.eclipse.m2e.maven.runtime_3.9.900.20240824-1409\jars\maven-resolver-provider-3.9.9.jar
2025-01-29 01:02:09,367 [Worker-12: Launching mavenrun-836de04b-466c-472b-b40f-5748df37a396] INFO  o.eclipse.m2e.core.internal.Bundles - 	Entry: C:\Users\ADMIN\.p2\pool\plugins\org.eclipse.m2e.maven.runtime_3.9.900.20240824-1409\jars\maven-resolver-spi-1.9.22.jar
2025-01-29 01:02:09,367 [Worker-12: Launching mavenrun-836de04b-466c-472b-b40f-5748df37a396] INFO  o.eclipse.m2e.core.internal.Bundles - 	Entry: C:\Users\ADMIN\.p2\pool\plugins\org.eclipse.m2e.maven.runtime_3.9.900.20240824-1409\jars\maven-resolver-transport-file-1.9.22.jar
2025-01-29 01:02:09,368 [Worker-12: Launching mavenrun-836de04b-466c-472b-b40f-5748df37a396] INFO  o.eclipse.m2e.core.internal.Bundles - 	Entry: C:\Users\ADMIN\.p2\pool\plugins\org.eclipse.m2e.maven.runtime_3.9.900.20240824-1409\jars\maven-resolver-transport-http-1.9.22.jar
2025-01-29 01:02:09,368 [Worker-12: Launching mavenrun-836de04b-466c-472b-b40f-5748df37a396] INFO  o.eclipse.m2e.core.internal.Bundles - 	Entry: C:\Users\ADMIN\.p2\pool\plugins\org.eclipse.m2e.maven.runtime_3.9.900.20240824-1409\jars\maven-resolver-transport-wagon-1.9.22.jar
2025-01-29 01:02:09,368 [Worker-12: Launching mavenrun-836de04b-466c-472b-b40f-5748df37a396] INFO  o.eclipse.m2e.core.internal.Bundles - 	Entry: C:\Users\ADMIN\.p2\pool\plugins\org.eclipse.m2e.maven.runtime_3.9.900.20240824-1409\jars\maven-resolver-util-1.9.22.jar
2025-01-29 01:02:09,368 [Worker-12: Launching mavenrun-836de04b-466c-472b-b40f-5748df37a396] INFO  o.eclipse.m2e.core.internal.Bundles - 	Entry: C:\Users\ADMIN\.p2\pool\plugins\org.eclipse.m2e.maven.runtime_3.9.900.20240824-1409\jars\maven-settings-3.9.9.jar
2025-01-29 01:02:09,368 [Worker-12: Launching mavenrun-836de04b-466c-472b-b40f-5748df37a396] INFO  o.eclipse.m2e.core.internal.Bundles - 	Entry: C:\Users\ADMIN\.p2\pool\plugins\org.eclipse.m2e.maven.runtime_3.9.900.20240824-1409\jars\maven-settings-builder-3.9.9.jar
2025-01-29 01:02:09,368 [Worker-12: Launching mavenrun-836de04b-466c-472b-b40f-5748df37a396] INFO  o.eclipse.m2e.core.internal.Bundles - 	Entry: C:\Users\ADMIN\.p2\pool\plugins\org.eclipse.m2e.maven.runtime_3.9.900.20240824-1409\jars\maven-shared-utils-3.4.2.jar
2025-01-29 01:02:09,369 [Worker-12: Launching mavenrun-836de04b-466c-472b-b40f-5748df37a396] INFO  o.eclipse.m2e.core.internal.Bundles - 	Entry: C:\Users\ADMIN\.p2\pool\plugins\org.eclipse.m2e.maven.runtime_3.9.900.20240824-1409\jars\org.eclipse.sisu.inject-0.9.0.M3.jar
2025-01-29 01:02:09,369 [Worker-12: Launching mavenrun-836de04b-466c-472b-b40f-5748df37a396] INFO  o.eclipse.m2e.core.internal.Bundles - 	Entry: C:\Users\ADMIN\.p2\pool\plugins\org.eclipse.m2e.maven.runtime_3.9.900.20240824-1409\jars\org.eclipse.sisu.plexus-0.9.0.M3.jar
2025-01-29 01:02:09,369 [Worker-12: Launching mavenrun-836de04b-466c-472b-b40f-5748df37a396] INFO  o.eclipse.m2e.core.internal.Bundles - 	Entry: C:\Users\ADMIN\.p2\pool\plugins\org.eclipse.m2e.maven.runtime_3.9.900.20240824-1409\jars\plexus-build-api-0.0.7.jar
2025-01-29 01:02:09,369 [Worker-12: Launching mavenrun-836de04b-466c-472b-b40f-5748df37a396] INFO  o.eclipse.m2e.core.internal.Bundles - 	Entry: C:\Users\ADMIN\.p2\pool\plugins\org.eclipse.m2e.maven.runtime_3.9.900.20240824-1409\jars\plexus-build-api-1.2.0.jar
2025-01-29 01:02:09,369 [Worker-12: Launching mavenrun-836de04b-466c-472b-b40f-5748df37a396] INFO  o.eclipse.m2e.core.internal.Bundles - 	Entry: C:\Users\ADMIN\.p2\pool\plugins\org.eclipse.m2e.maven.runtime_3.9.900.20240824-1409\jars\plexus-cipher-2.0.jar
2025-01-29 01:02:09,369 [Worker-12: Launching mavenrun-836de04b-466c-472b-b40f-5748df37a396] INFO  o.eclipse.m2e.core.internal.Bundles - 	Entry: C:\Users\ADMIN\.p2\pool\plugins\org.eclipse.m2e.maven.runtime_3.9.900.20240824-1409\jars\plexus-classworlds-2.8.0.jar
2025-01-29 01:02:09,370 [Worker-12: Launching mavenrun-836de04b-466c-472b-b40f-5748df37a396] INFO  o.eclipse.m2e.core.internal.Bundles - 	Entry: C:\Users\ADMIN\.p2\pool\plugins\org.eclipse.m2e.maven.runtime_3.9.900.20240824-1409\jars\plexus-component-annotations-2.1.0.jar
2025-01-29 01:02:09,370 [Worker-12: Launching mavenrun-836de04b-466c-472b-b40f-5748df37a396] INFO  o.eclipse.m2e.core.internal.Bundles - 	Entry: C:\Users\ADMIN\.p2\pool\plugins\org.eclipse.m2e.maven.runtime_3.9.900.20240824-1409\jars\plexus-interpolation-1.27.jar
2025-01-29 01:02:09,370 [Worker-12: Launching mavenrun-836de04b-466c-472b-b40f-5748df37a396] INFO  o.eclipse.m2e.core.internal.Bundles - 	Entry: C:\Users\ADMIN\.p2\pool\plugins\org.eclipse.m2e.maven.runtime_3.9.900.20240824-1409\jars\plexus-sec-dispatcher-2.0.jar
2025-01-29 01:02:09,370 [Worker-12: Launching mavenrun-836de04b-466c-472b-b40f-5748df37a396] INFO  o.eclipse.m2e.core.internal.Bundles - 	Entry: C:\Users\ADMIN\.p2\pool\plugins\org.eclipse.m2e.maven.runtime_3.9.900.20240824-1409\jars\plexus-utils-3.5.1.jar
2025-01-29 01:02:09,370 [Worker-12: Launching mavenrun-836de04b-466c-472b-b40f-5748df37a396] INFO  o.eclipse.m2e.core.internal.Bundles - 	Entry: C:\Users\ADMIN\.p2\pool\plugins\org.eclipse.m2e.maven.runtime_3.9.900.20240824-1409\jars\plexus-xml-3.0.1.jar
2025-01-29 01:02:09,371 [Worker-12: Launching mavenrun-836de04b-466c-472b-b40f-5748df37a396] INFO  o.eclipse.m2e.core.internal.Bundles - 	Entry: C:\Users\ADMIN\.p2\pool\plugins\org.eclipse.m2e.maven.runtime_3.9.900.20240824-1409\jars\wagon-file-3.5.3.jar
2025-01-29 01:02:09,371 [Worker-12: Launching mavenrun-836de04b-466c-472b-b40f-5748df37a396] INFO  o.eclipse.m2e.core.internal.Bundles - 	Entry: C:\Users\ADMIN\.p2\pool\plugins\org.eclipse.m2e.maven.runtime_3.9.900.20240824-1409\jars\wagon-http-3.5.3.jar
2025-01-29 01:02:09,372 [Worker-12: Launching mavenrun-836de04b-466c-472b-b40f-5748df37a396] INFO  o.eclipse.m2e.core.internal.Bundles - 	Entry: C:\Users\ADMIN\.p2\pool\plugins\org.eclipse.m2e.maven.runtime_3.9.900.20240824-1409\jars\wagon-http-shared-3.5.3.jar
2025-01-29 01:02:09,372 [Worker-12: Launching mavenrun-836de04b-466c-472b-b40f-5748df37a396] INFO  o.eclipse.m2e.core.internal.Bundles - 	Entry: C:\Users\ADMIN\.p2\pool\plugins\org.eclipse.m2e.maven.runtime_3.9.900.20240824-1409\jars\wagon-provider-api-3.5.3.jar
2025-01-29 01:02:09,374 [Worker-12: Launching mavenrun-836de04b-466c-472b-b40f-5748df37a396] INFO  o.eclipse.m2e.core.internal.Bundles - getClasspathEntries(Bundle=com.google.guava_33.3.1.jre [10])
2025-01-29 01:02:09,377 [Worker-12: Launching mavenrun-836de04b-466c-472b-b40f-5748df37a396] INFO  o.eclipse.m2e.core.internal.Bundles - 	Entry: C:\Users\ADMIN\.p2\pool\plugins\com.google.guava_33.3.1.jre.jar
2025-01-29 01:02:09,378 [Worker-12: Launching mavenrun-836de04b-466c-472b-b40f-5748df37a396] INFO  o.eclipse.m2e.core.internal.Bundles - getClasspathEntries(Bundle=slf4j.api_2.0.16 [524])
2025-01-29 01:02:09,379 [Worker-12: Launching mavenrun-836de04b-466c-472b-b40f-5748df37a396] INFO  o.eclipse.m2e.core.internal.Bundles - 	Entry: C:\Users\ADMIN\.p2\pool\plugins\slf4j.api_2.0.16.jar
2025-01-29 01:02:09,380 [Worker-12: Launching mavenrun-836de04b-466c-472b-b40f-5748df37a396] INFO  o.eclipse.m2e.core.internal.Bundles - getClasspathEntries(Bundle=jakarta.inject.jakarta.inject-api_1.0.5 [22])
2025-01-29 01:02:09,380 [Worker-12: Launching mavenrun-836de04b-466c-472b-b40f-5748df37a396] INFO  o.eclipse.m2e.core.internal.Bundles - 	Entry: C:\Users\ADMIN\.p2\pool\plugins\jakarta.inject.jakarta.inject-api_1.0.5.jar
2025-01-29 01:02:09,380 [Worker-12: Launching mavenrun-836de04b-466c-472b-b40f-5748df37a396] INFO  o.eclipse.m2e.core.internal.Bundles - getClasspathEntries(Bundle=jakarta.annotation-api_1.3.5 [20])
2025-01-29 01:02:09,381 [Worker-12: Launching mavenrun-836de04b-466c-472b-b40f-5748df37a396] INFO  o.eclipse.m2e.core.internal.Bundles - 	Entry: C:\Users\ADMIN\.p2\pool\plugins\jakarta.annotation-api_1.3.5.jar
2025-01-29 01:02:09,381 [Worker-12: Launching mavenrun-836de04b-466c-472b-b40f-5748df37a396] INFO  o.eclipse.m2e.core.internal.Bundles - getClasspathEntries(Bundle=org.apache.commons.cli_1.9.0 [47])
2025-01-29 01:02:09,381 [Worker-12: Launching mavenrun-836de04b-466c-472b-b40f-5748df37a396] INFO  o.eclipse.m2e.core.internal.Bundles - 	Entry: C:\Users\ADMIN\.p2\pool\plugins\org.apache.commons.cli_1.9.0.jar
2025-01-29 01:02:09,381 [Worker-12: Launching mavenrun-836de04b-466c-472b-b40f-5748df37a396] INFO  o.eclipse.m2e.core.internal.Bundles - getClasspathEntries(Bundle=org.apache.commons.commons-codec_1.16.0 [50])
2025-01-29 01:02:09,382 [Worker-12: Launching mavenrun-836de04b-466c-472b-b40f-5748df37a396] INFO  o.eclipse.m2e.core.internal.Bundles - 	Entry: C:\Users\ADMIN\.p2\pool\plugins\org.apache.commons.commons-codec_1.16.0.jar
2025-01-29 01:02:09,382 [Worker-12: Launching mavenrun-836de04b-466c-472b-b40f-5748df37a396] INFO  o.eclipse.m2e.core.internal.Bundles - getClasspathEntries(Bundle=com.google.guava.failureaccess_1.0.2 [11])
2025-01-29 01:02:09,382 [Worker-12: Launching mavenrun-836de04b-466c-472b-b40f-5748df37a396] INFO  o.eclipse.m2e.core.internal.Bundles - 	Entry: C:\Users\ADMIN\.p2\pool\plugins\com.google.guava.failureaccess_1.0.2.jar
2025-01-29 01:02:09,386 [Worker-12: Launching mavenrun-836de04b-466c-472b-b40f-5748df37a396] INFO  o.e.m.i.launch.MavenLaunchDelegate - Run build in "C:\Users\ADMIN\AppData\Local\Temp\m2e-archetypeGenerator5280514569132460717":
2025-01-29 01:02:09,391 [Worker-12: Launching mavenrun-836de04b-466c-472b-b40f-5748df37a396] INFO  o.e.m.i.launch.MavenLaunchDelegate -  mvn  -DarchetypeGroupId=org.apache.maven.archetypes -DarchetypeArtifactId=maven-archetype-archetype -DarchetypeVersion=1.5 -DgroupId=com.vc -DartifactId=testing -Dversion=0.0.1-SNAPSHOT -Dpackage=com.vc.testing -DoutputDirectory=C:\Users\ADMIN\eclipse-workspace -Dstyle.color=always -U archetype:generate
2025-01-29 01:08:19,711 [Worker-8: Creating maven-archetype-archetype] INFO  o.e.m.c.i.p.ProjectConfigurationManager - Collecting project info '/pom.xml' C:\Users\ADMIN\eclipse-workspace\testing\pom.xml
2025-01-29 01:08:20,115 [Worker-8: Creating maven-archetype-archetype] INFO  o.e.m.c.i.e.AbstractTransferListenerAdapter - Downloading https://repo.maven.apache.org/maven2/org/apache/maven/archetype/archetype-packaging/3.2.0/archetype-packaging-3.2.0.pom
2025-01-29 01:08:20,134 [Worker-8: Creating maven-archetype-archetype] INFO  o.e.m.c.i.e.AbstractTransferListenerAdapter - Downloaded https://repo.maven.apache.org/maven2/org/apache/maven/archetype/archetype-packaging/3.2.0/archetype-packaging-3.2.0.pom
2025-01-29 01:08:20,193 [Worker-8: Creating maven-archetype-archetype] INFO  o.e.m.c.i.e.AbstractTransferListenerAdapter - Downloading https://repo.maven.apache.org/maven2/org/apache/maven/archetype/maven-archetype/3.2.0/maven-archetype-3.2.0.pom
2025-01-29 01:08:20,207 [Worker-8: Creating maven-archetype-archetype] INFO  o.e.m.c.i.e.AbstractTransferListenerAdapter - Downloaded https://repo.maven.apache.org/maven2/org/apache/maven/archetype/maven-archetype/3.2.0/maven-archetype-3.2.0.pom
2025-01-29 01:08:20,277 [Worker-8: Creating maven-archetype-archetype] INFO  o.e.m.c.i.e.AbstractTransferListenerAdapter - Downloading https://repo.maven.apache.org/maven2/org/apache/maven/archetype/archetype-packaging/3.2.0/archetype-packaging-3.2.0.jar
2025-01-29 01:08:20,292 [Worker-8: Creating maven-archetype-archetype] INFO  o.e.m.c.i.e.AbstractTransferListenerAdapter - Downloaded https://repo.maven.apache.org/maven2/org/apache/maven/archetype/archetype-packaging/3.2.0/archetype-packaging-3.2.0.jar
2025-01-29 01:08:20,633 [Worker-8: Creating maven-archetype-archetype] INFO  o.e.m.c.i.e.AbstractTransferListenerAdapter - Downloading https://repo.maven.apache.org/maven2/org/apache/maven/plugins/maven-clean-plugin/3.4.0/maven-clean-plugin-3.4.0.jar
2025-01-29 01:08:20,687 [Worker-8: Creating maven-archetype-archetype] INFO  o.e.m.c.i.e.AbstractTransferListenerAdapter - Downloaded https://repo.maven.apache.org/maven2/org/apache/maven/plugins/maven-clean-plugin/3.4.0/maven-clean-plugin-3.4.0.jar
2025-01-29 01:08:20,753 [Worker-8: Creating maven-archetype-archetype] INFO  o.e.m.c.i.e.AbstractTransferListenerAdapter - Downloading https://repo.maven.apache.org/maven2/org/apache/maven/plugins/maven-resources-plugin/3.3.1/maven-resources-plugin-3.3.1.jar
2025-01-29 01:08:20,805 [Worker-8: Creating maven-archetype-archetype] INFO  o.e.m.c.i.e.AbstractTransferListenerAdapter - Downloaded https://repo.maven.apache.org/maven2/org/apache/maven/plugins/maven-resources-plugin/3.3.1/maven-resources-plugin-3.3.1.jar
2025-01-29 01:08:20,917 [Worker-8: Creating maven-archetype-archetype] INFO  o.e.m.c.i.e.AbstractTransferListenerAdapter - Downloading https://repo.maven.apache.org/maven2/org/apache/maven/plugins/maven-archetype-plugin/3.2.0/maven-archetype-plugin-3.2.0.jar
2025-01-29 01:08:21,040 [Worker-8: Creating maven-archetype-archetype] INFO  o.e.m.c.i.e.AbstractTransferListenerAdapter - Downloaded https://repo.maven.apache.org/maven2/org/apache/maven/plugins/maven-archetype-plugin/3.2.0/maven-archetype-plugin-3.2.0.jar
2025-01-29 01:08:21,086 [Worker-8: Creating maven-archetype-archetype] INFO  o.e.m.c.i.l.LifecycleMappingFactory - Using DEFAULT lifecycle mapping for MavenProject: com.vc:testing:0.0.1-SNAPSHOT @ C:\Users\ADMIN\eclipse-workspace\testing\pom.xml.
2025-01-29 01:08:21,197 [Worker-8: Creating maven-archetype-archetype] INFO  o.e.m.c.i.e.AbstractTransferListenerAdapter - Downloading https://repo.maven.apache.org/maven2/org/apache/maven/plugins/maven-resources-plugin/3.3.1/maven-resources-plugin-3.3.1.pom
2025-01-29 01:08:21,217 [Worker-8: Creating maven-archetype-archetype] INFO  o.e.m.c.i.e.AbstractTransferListenerAdapter - Downloaded https://repo.maven.apache.org/maven2/org/apache/maven/plugins/maven-resources-plugin/3.3.1/maven-resources-plugin-3.3.1.pom
2025-01-29 01:08:21,294 [Worker-8: Creating maven-archetype-archetype] INFO  o.e.m.c.i.e.AbstractTransferListenerAdapter - Downloading https://repo.maven.apache.org/maven2/org/apache/maven/plugins/maven-plugins/39/maven-plugins-39.pom
2025-01-29 01:08:21,342 [Worker-8: Creating maven-archetype-archetype] INFO  o.e.m.c.i.e.AbstractTransferListenerAdapter - Downloaded https://repo.maven.apache.org/maven2/org/apache/maven/plugins/maven-plugins/39/maven-plugins-39.pom
2025-01-29 01:08:21,408 [Worker-8: Creating maven-archetype-archetype] INFO  o.e.m.c.i.p.ProjectConfigurationManager - Imported and configured 1 project(s) in 1 sec
2025-01-29 01:08:21,843 [Worker-13: Building] INFO  o.e.m.c.i.e.AbstractTransferListenerAdapter - Downloading https://repo.maven.apache.org/maven2/org/codehaus/plexus/plexus-interpolation/1.26/plexus-interpolation-1.26.pom
2025-01-29 01:08:21,853 [Worker-13: Building] INFO  o.e.m.c.i.e.AbstractTransferListenerAdapter - Downloaded https://repo.maven.apache.org/maven2/org/codehaus/plexus/plexus-interpolation/1.26/plexus-interpolation-1.26.pom
2025-01-29 01:08:21,921 [Worker-13: Building] INFO  o.e.m.c.i.e.AbstractTransferListenerAdapter - Downloading https://repo.maven.apache.org/maven2/org/codehaus/plexus/plexus/5.1/plexus-5.1.pom
2025-01-29 01:08:21,939 [Worker-13: Building] INFO  o.e.m.c.i.e.AbstractTransferListenerAdapter - Downloaded https://repo.maven.apache.org/maven2/org/codehaus/plexus/plexus/5.1/plexus-5.1.pom
2025-01-29 01:08:22,003 [Worker-13: Building] INFO  o.e.m.c.i.e.AbstractTransferListenerAdapter - Downloading https://repo.maven.apache.org/maven2/org/codehaus/plexus/plexus-utils/3.5.1/plexus-utils-3.5.1.pom
2025-01-29 01:08:22,026 [Worker-13: Building] INFO  o.e.m.c.i.e.AbstractTransferListenerAdapter - Downloaded https://repo.maven.apache.org/maven2/org/codehaus/plexus/plexus-utils/3.5.1/plexus-utils-3.5.1.pom
2025-01-29 01:08:22,087 [Worker-13: Building] INFO  o.e.m.c.i.e.AbstractTransferListenerAdapter - Downloading https://repo.maven.apache.org/maven2/org/codehaus/plexus/plexus/10/plexus-10.pom
2025-01-29 01:08:22,116 [Worker-13: Building] INFO  o.e.m.c.i.e.AbstractTransferListenerAdapter - Downloaded https://repo.maven.apache.org/maven2/org/codehaus/plexus/plexus/10/plexus-10.pom
2025-01-29 01:08:22,175 [Worker-13: Building] INFO  o.e.m.c.i.e.AbstractTransferListenerAdapter - Downloading https://repo.maven.apache.org/maven2/org/apache/maven/shared/maven-filtering/3.3.1/maven-filtering-3.3.1.pom
2025-01-29 01:08:22,189 [Worker-13: Building] INFO  o.e.m.c.i.e.AbstractTransferListenerAdapter - Downloaded https://repo.maven.apache.org/maven2/org/apache/maven/shared/maven-filtering/3.3.1/maven-filtering-3.3.1.pom
2025-01-29 01:08:22,276 [Worker-13: Building] INFO  o.e.m.c.i.e.AbstractTransferListenerAdapter - Downloading https://repo.maven.apache.org/maven2/org/sonatype/plexus/plexus-build-api/0.0.7/plexus-build-api-0.0.7.pom
2025-01-29 01:08:22,289 [Worker-13: Building] INFO  o.e.m.c.i.e.AbstractTransferListenerAdapter - Downloaded https://repo.maven.apache.org/maven2/org/sonatype/plexus/plexus-build-api/0.0.7/plexus-build-api-0.0.7.pom
2025-01-29 01:08:22,358 [Worker-13: Building] INFO  o.e.m.c.i.e.AbstractTransferListenerAdapter - Downloading https://repo.maven.apache.org/maven2/org/sonatype/spice/spice-parent/15/spice-parent-15.pom
2025-01-29 01:08:22,371 [Worker-13: Building] INFO  o.e.m.c.i.e.AbstractTransferListenerAdapter - Downloaded https://repo.maven.apache.org/maven2/org/sonatype/spice/spice-parent/15/spice-parent-15.pom
2025-01-29 01:08:22,439 [Worker-13: Building] INFO  o.e.m.c.i.e.AbstractTransferListenerAdapter - Downloading https://repo.maven.apache.org/maven2/org/sonatype/forge/forge-parent/5/forge-parent-5.pom
2025-01-29 01:08:22,452 [Worker-13: Building] INFO  o.e.m.c.i.e.AbstractTransferListenerAdapter - Downloaded https://repo.maven.apache.org/maven2/org/sonatype/forge/forge-parent/5/forge-parent-5.pom
2025-01-29 01:08:22,514 [Worker-13: Building] INFO  o.e.m.c.i.e.AbstractTransferListenerAdapter - Downloading https://repo.maven.apache.org/maven2/org/codehaus/plexus/plexus-utils/3.5.0/plexus-utils-3.5.0.pom
2025-01-29 01:08:22,531 [Worker-13: Building] INFO  o.e.m.c.i.e.AbstractTransferListenerAdapter - Downloaded https://repo.maven.apache.org/maven2/org/codehaus/plexus/plexus-utils/3.5.0/plexus-utils-3.5.0.pom
2025-01-29 01:08:22,597 [Worker-13: Building] INFO  o.e.m.c.i.e.AbstractTransferListenerAdapter - Downloading https://repo.maven.apache.org/maven2/commons-io/commons-io/2.11.0/commons-io-2.11.0.pom
2025-01-29 01:08:22,628 [Worker-13: Building] INFO  o.e.m.c.i.e.AbstractTransferListenerAdapter - Downloaded https://repo.maven.apache.org/maven2/commons-io/commons-io/2.11.0/commons-io-2.11.0.pom
2025-01-29 01:08:22,707 [Worker-13: Building] INFO  o.e.m.c.i.e.AbstractTransferListenerAdapter - Downloading https://repo.maven.apache.org/maven2/org/apache/commons/commons-parent/52/commons-parent-52.pom
2025-01-29 01:08:22,822 [Worker-13: Building] INFO  o.e.m.c.i.e.AbstractTransferListenerAdapter - Downloaded https://repo.maven.apache.org/maven2/org/apache/commons/commons-parent/52/commons-parent-52.pom
2025-01-29 01:08:22,917 [Worker-13: Building] INFO  o.e.m.c.i.e.AbstractTransferListenerAdapter - Downloading https://repo.maven.apache.org/maven2/org/junit/junit-bom/5.7.2/junit-bom-5.7.2.pom
2025-01-29 01:08:22,933 [Worker-13: Building] INFO  o.e.m.c.i.e.AbstractTransferListenerAdapter - Downloaded https://repo.maven.apache.org/maven2/org/junit/junit-bom/5.7.2/junit-bom-5.7.2.pom
2025-01-29 01:08:22,989 [Worker-13: Building] INFO  o.e.m.c.i.e.AbstractTransferListenerAdapter - Downloading https://repo.maven.apache.org/maven2/org/apache/commons/commons-lang3/3.12.0/commons-lang3-3.12.0.pom
2025-01-29 01:08:23,024 [Worker-13: Building] INFO  o.e.m.c.i.e.AbstractTransferListenerAdapter - Downloaded https://repo.maven.apache.org/maven2/org/apache/commons/commons-lang3/3.12.0/commons-lang3-3.12.0.pom
2025-01-29 01:08:23,087 [Worker-13: Building] INFO  o.e.m.c.i.e.AbstractTransferListenerAdapter - Downloading https://repo.maven.apache.org/maven2/org/junit/junit-bom/5.7.1/junit-bom-5.7.1.pom
2025-01-29 01:08:23,101 [Worker-13: Building] INFO  o.e.m.c.i.e.AbstractTransferListenerAdapter - Downloaded https://repo.maven.apache.org/maven2/org/junit/junit-bom/5.7.1/junit-bom-5.7.1.pom
2025-01-29 01:08:23,166 [Worker-13: Building] INFO  o.e.m.c.i.e.AbstractTransferListenerAdapter - Downloading https://repo.maven.apache.org/maven2/org/codehaus/plexus/plexus-interpolation/1.26/plexus-interpolation-1.26.jar
2025-01-29 01:08:23,265 [Worker-13: Building] INFO  o.e.m.c.i.e.AbstractTransferListenerAdapter - Downloaded https://repo.maven.apache.org/maven2/org/codehaus/plexus/plexus-interpolation/1.26/plexus-interpolation-1.26.jar
2025-01-29 01:08:23,356 [BasicRepositoryConnector-repo.maven.apache.org-0-0] INFO  o.e.m.c.i.e.AbstractTransferListenerAdapter - Downloading https://repo.maven.apache.org/maven2/org/codehaus/plexus/plexus-utils/3.5.1/plexus-utils-3.5.1.jar
2025-01-29 01:08:23,488 [BasicRepositoryConnector-repo.maven.apache.org-0-2] INFO  o.e.m.c.i.e.AbstractTransferListenerAdapter - Downloading https://repo.maven.apache.org/maven2/org/sonatype/plexus/plexus-build-api/0.0.7/plexus-build-api-0.0.7.jar
2025-01-29 01:08:23,490 [BasicRepositoryConnector-repo.maven.apache.org-0-3] INFO  o.e.m.c.i.e.AbstractTransferListenerAdapter - Downloading https://repo.maven.apache.org/maven2/commons-io/commons-io/2.11.0/commons-io-2.11.0.jar
2025-01-29 01:08:23,497 [BasicRepositoryConnector-repo.maven.apache.org-0-1] INFO  o.e.m.c.i.e.AbstractTransferListenerAdapter - Downloading https://repo.maven.apache.org/maven2/org/apache/maven/shared/maven-filtering/3.3.1/maven-filtering-3.3.1.jar
2025-01-29 01:08:23,501 [BasicRepositoryConnector-repo.maven.apache.org-0-4] INFO  o.e.m.c.i.e.AbstractTransferListenerAdapter - Downloading https://repo.maven.apache.org/maven2/org/apache/commons/commons-lang3/3.12.0/commons-lang3-3.12.0.jar
2025-01-29 01:08:23,509 [BasicRepositoryConnector-repo.maven.apache.org-0-2] INFO  o.e.m.c.i.e.AbstractTransferListenerAdapter - Downloaded https://repo.maven.apache.org/maven2/org/sonatype/plexus/plexus-build-api/0.0.7/plexus-build-api-0.0.7.jar
2025-01-29 01:08:23,579 [BasicRepositoryConnector-repo.maven.apache.org-0-1] INFO  o.e.m.c.i.e.AbstractTransferListenerAdapter - Downloaded https://repo.maven.apache.org/maven2/org/apache/maven/shared/maven-filtering/3.3.1/maven-filtering-3.3.1.jar
2025-01-29 01:08:23,707 [BasicRepositoryConnector-repo.maven.apache.org-0-0] INFO  o.e.m.c.i.e.AbstractTransferListenerAdapter - Downloaded https://repo.maven.apache.org/maven2/org/codehaus/plexus/plexus-utils/3.5.1/plexus-utils-3.5.1.jar
2025-01-29 01:08:23,757 [BasicRepositoryConnector-repo.maven.apache.org-0-4] INFO  o.e.m.c.i.e.AbstractTransferListenerAdapter - Downloaded https://repo.maven.apache.org/maven2/org/apache/commons/commons-lang3/3.12.0/commons-lang3-3.12.0.jar
2025-01-29 01:08:23,807 [BasicRepositoryConnector-repo.maven.apache.org-0-3] INFO  o.e.m.c.i.e.AbstractTransferListenerAdapter - Downloaded https://repo.maven.apache.org/maven2/commons-io/commons-io/2.11.0/commons-io-2.11.0.jar
2025-01-29 01:08:23,932 [Worker-13: Building] INFO  o.a.m.s.f.DefaultMavenResourcesFiltering - Copying 4 resources from src\main\resources to target\classes
2025-01-29 01:08:23,956 [Worker-13: Building] INFO  o.a.m.s.f.DefaultMavenResourcesFiltering - Copying 2 resources from src\test\resources to target\test-classes
2025-01-29 01:49:22,775 [Worker-0: Loading available Gradle versions] INFO  o.e.b.c.i.u.g.PublishedGradleVersions - Gradle version information cache is up-to-date. Trying to read.
2025-01-29 01:49:56,825 [ModalContext] INFO  o.e.m.c.i.e.AbstractTransferListenerAdapter - Downloading https://repo.maven.apache.org/maven2/org/apache/maven/archetypes/maven-archetype-quickstart/1.5/maven-archetype-quickstart-1.5.pom
2025-01-29 01:49:56,855 [ModalContext] INFO  o.e.m.c.i.e.AbstractTransferListenerAdapter - Downloaded https://repo.maven.apache.org/maven2/org/apache/maven/archetypes/maven-archetype-quickstart/1.5/maven-archetype-quickstart-1.5.pom
2025-01-29 01:49:56,963 [ModalContext] INFO  o.e.m.c.i.e.AbstractTransferListenerAdapter - Downloading https://repo.maven.apache.org/maven2/org/apache/maven/archetypes/maven-archetype-quickstart/1.5/maven-archetype-quickstart-1.5.jar
2025-01-29 01:49:56,982 [ModalContext] INFO  o.e.m.c.i.e.AbstractTransferListenerAdapter - Downloaded https://repo.maven.apache.org/maven2/org/apache/maven/archetypes/maven-archetype-quickstart/1.5/maven-archetype-quickstart-1.5.jar
2025-01-29 01:50:07,845 [Worker-3: Launching mavenrun-737f90ce-755e-4de1-ae2c-f53560c48a3e] INFO  o.eclipse.m2e.core.internal.Bundles - getClasspathEntries(Bundle=org.eclipse.m2e.maven.runtime_3.9.900.20240824-1409 [300])
2025-01-29 01:50:07,847 [Worker-3: Launching mavenrun-737f90ce-755e-4de1-ae2c-f53560c48a3e] INFO  o.eclipse.m2e.core.internal.Bundles - 	Entry: C:\Users\ADMIN\.p2\pool\plugins\org.eclipse.m2e.maven.runtime_3.9.900.20240824-1409
2025-01-29 01:50:07,848 [Worker-3: Launching mavenrun-737f90ce-755e-4de1-ae2c-f53560c48a3e] INFO  o.eclipse.m2e.core.internal.Bundles - 	Entry: C:\Users\ADMIN\.p2\pool\plugins\org.eclipse.m2e.maven.runtime_3.9.900.20240824-1409\jars\aopalliance-1.0.jar
2025-01-29 01:50:07,849 [Worker-3: Launching mavenrun-737f90ce-755e-4de1-ae2c-f53560c48a3e] INFO  o.eclipse.m2e.core.internal.Bundles - 	Entry: C:\Users\ADMIN\.p2\pool\plugins\org.eclipse.m2e.maven.runtime_3.9.900.20240824-1409\jars\guice-5.1.0.jar
2025-01-29 01:50:07,849 [Worker-3: Launching mavenrun-737f90ce-755e-4de1-ae2c-f53560c48a3e] INFO  o.eclipse.m2e.core.internal.Bundles - 	Entry: C:\Users\ADMIN\.p2\pool\plugins\org.eclipse.m2e.maven.runtime_3.9.900.20240824-1409\jars\httpclient-4.5.14.jar
2025-01-29 01:50:07,850 [Worker-3: Launching mavenrun-737f90ce-755e-4de1-ae2c-f53560c48a3e] INFO  o.eclipse.m2e.core.internal.Bundles - 	Entry: C:\Users\ADMIN\.p2\pool\plugins\org.eclipse.m2e.maven.runtime_3.9.900.20240824-1409\jars\httpcore-4.4.16.jar
2025-01-29 01:50:07,851 [Worker-3: Launching mavenrun-737f90ce-755e-4de1-ae2c-f53560c48a3e] INFO  o.eclipse.m2e.core.internal.Bundles - 	Entry: C:\Users\ADMIN\.p2\pool\plugins\org.eclipse.m2e.maven.runtime_3.9.900.20240824-1409\jars\jansi-2.4.1.jar
2025-01-29 01:50:07,852 [Worker-3: Launching mavenrun-737f90ce-755e-4de1-ae2c-f53560c48a3e] INFO  o.eclipse.m2e.core.internal.Bundles - 	Entry: C:\Users\ADMIN\.p2\pool\plugins\org.eclipse.m2e.maven.runtime_3.9.900.20240824-1409\jars\jcl-over-slf4j-1.7.36.jar
2025-01-29 01:50:07,852 [Worker-3: Launching mavenrun-737f90ce-755e-4de1-ae2c-f53560c48a3e] INFO  o.eclipse.m2e.core.internal.Bundles - 	Entry: C:\Users\ADMIN\.p2\pool\plugins\org.eclipse.m2e.maven.runtime_3.9.900.20240824-1409\jars\maven-artifact-3.9.9.jar
2025-01-29 01:50:07,853 [Worker-3: Launching mavenrun-737f90ce-755e-4de1-ae2c-f53560c48a3e] INFO  o.eclipse.m2e.core.internal.Bundles - 	Entry: C:\Users\ADMIN\.p2\pool\plugins\org.eclipse.m2e.maven.runtime_3.9.900.20240824-1409\jars\maven-builder-support-3.9.9.jar
2025-01-29 01:50:07,853 [Worker-3: Launching mavenrun-737f90ce-755e-4de1-ae2c-f53560c48a3e] INFO  o.eclipse.m2e.core.internal.Bundles - 	Entry: C:\Users\ADMIN\.p2\pool\plugins\org.eclipse.m2e.maven.runtime_3.9.900.20240824-1409\jars\maven-compat-3.9.9.jar
2025-01-29 01:50:07,853 [Worker-3: Launching mavenrun-737f90ce-755e-4de1-ae2c-f53560c48a3e] INFO  o.eclipse.m2e.core.internal.Bundles - 	Entry: C:\Users\ADMIN\.p2\pool\plugins\org.eclipse.m2e.maven.runtime_3.9.900.20240824-1409\jars\maven-core-3.9.9.jar
2025-01-29 01:50:07,854 [Worker-3: Launching mavenrun-737f90ce-755e-4de1-ae2c-f53560c48a3e] INFO  o.eclipse.m2e.core.internal.Bundles - 	Entry: C:\Users\ADMIN\.p2\pool\plugins\org.eclipse.m2e.maven.runtime_3.9.900.20240824-1409\jars\maven-embedder-3.9.9.jar
2025-01-29 01:50:07,854 [Worker-3: Launching mavenrun-737f90ce-755e-4de1-ae2c-f53560c48a3e] INFO  o.eclipse.m2e.core.internal.Bundles - 	Entry: C:\Users\ADMIN\.p2\pool\plugins\org.eclipse.m2e.maven.runtime_3.9.900.20240824-1409\jars\maven-model-3.9.9.jar
2025-01-29 01:50:07,854 [Worker-3: Launching mavenrun-737f90ce-755e-4de1-ae2c-f53560c48a3e] INFO  o.eclipse.m2e.core.internal.Bundles - 	Entry: C:\Users\ADMIN\.p2\pool\plugins\org.eclipse.m2e.maven.runtime_3.9.900.20240824-1409\jars\maven-model-builder-3.9.9.jar
2025-01-29 01:50:07,854 [Worker-3: Launching mavenrun-737f90ce-755e-4de1-ae2c-f53560c48a3e] INFO  o.eclipse.m2e.core.internal.Bundles - 	Entry: C:\Users\ADMIN\.p2\pool\plugins\org.eclipse.m2e.maven.runtime_3.9.900.20240824-1409\jars\maven-plugin-api-3.9.9.jar
2025-01-29 01:50:07,855 [Worker-3: Launching mavenrun-737f90ce-755e-4de1-ae2c-f53560c48a3e] INFO  o.eclipse.m2e.core.internal.Bundles - 	Entry: C:\Users\ADMIN\.p2\pool\plugins\org.eclipse.m2e.maven.runtime_3.9.900.20240824-1409\jars\maven-repository-metadata-3.9.9.jar
2025-01-29 01:50:07,855 [Worker-3: Launching mavenrun-737f90ce-755e-4de1-ae2c-f53560c48a3e] INFO  o.eclipse.m2e.core.internal.Bundles - 	Entry: C:\Users\ADMIN\.p2\pool\plugins\org.eclipse.m2e.maven.runtime_3.9.900.20240824-1409\jars\maven-resolver-api-1.9.22.jar
2025-01-29 01:50:07,855 [Worker-3: Launching mavenrun-737f90ce-755e-4de1-ae2c-f53560c48a3e] INFO  o.eclipse.m2e.core.internal.Bundles - 	Entry: C:\Users\ADMIN\.p2\pool\plugins\org.eclipse.m2e.maven.runtime_3.9.900.20240824-1409\jars\maven-resolver-connector-basic-1.9.22.jar
2025-01-29 01:50:07,855 [Worker-3: Launching mavenrun-737f90ce-755e-4de1-ae2c-f53560c48a3e] INFO  o.eclipse.m2e.core.internal.Bundles - 	Entry: C:\Users\ADMIN\.p2\pool\plugins\org.eclipse.m2e.maven.runtime_3.9.900.20240824-1409\jars\maven-resolver-impl-1.9.22.jar
2025-01-29 01:50:07,855 [Worker-3: Launching mavenrun-737f90ce-755e-4de1-ae2c-f53560c48a3e] INFO  o.eclipse.m2e.core.internal.Bundles - 	Entry: C:\Users\ADMIN\.p2\pool\plugins\org.eclipse.m2e.maven.runtime_3.9.900.20240824-1409\jars\maven-resolver-named-locks-1.9.22.jar
2025-01-29 01:50:07,856 [Worker-3: Launching mavenrun-737f90ce-755e-4de1-ae2c-f53560c48a3e] INFO  o.eclipse.m2e.core.internal.Bundles - 	Entry: C:\Users\ADMIN\.p2\pool\plugins\org.eclipse.m2e.maven.runtime_3.9.900.20240824-1409\jars\maven-resolver-provider-3.9.9.jar
2025-01-29 01:50:07,856 [Worker-3: Launching mavenrun-737f90ce-755e-4de1-ae2c-f53560c48a3e] INFO  o.eclipse.m2e.core.internal.Bundles - 	Entry: C:\Users\ADMIN\.p2\pool\plugins\org.eclipse.m2e.maven.runtime_3.9.900.20240824-1409\jars\maven-resolver-spi-1.9.22.jar
2025-01-29 01:50:07,856 [Worker-3: Launching mavenrun-737f90ce-755e-4de1-ae2c-f53560c48a3e] INFO  o.eclipse.m2e.core.internal.Bundles - 	Entry: C:\Users\ADMIN\.p2\pool\plugins\org.eclipse.m2e.maven.runtime_3.9.900.20240824-1409\jars\maven-resolver-transport-file-1.9.22.jar
2025-01-29 01:50:07,857 [Worker-3: Launching mavenrun-737f90ce-755e-4de1-ae2c-f53560c48a3e] INFO  o.eclipse.m2e.core.internal.Bundles - 	Entry: C:\Users\ADMIN\.p2\pool\plugins\org.eclipse.m2e.maven.runtime_3.9.900.20240824-1409\jars\maven-resolver-transport-http-1.9.22.jar
2025-01-29 01:50:07,857 [Worker-3: Launching mavenrun-737f90ce-755e-4de1-ae2c-f53560c48a3e] INFO  o.eclipse.m2e.core.internal.Bundles - 	Entry: C:\Users\ADMIN\.p2\pool\plugins\org.eclipse.m2e.maven.runtime_3.9.900.20240824-1409\jars\maven-resolver-transport-wagon-1.9.22.jar
2025-01-29 01:50:07,857 [Worker-3: Launching mavenrun-737f90ce-755e-4de1-ae2c-f53560c48a3e] INFO  o.eclipse.m2e.core.internal.Bundles - 	Entry: C:\Users\ADMIN\.p2\pool\plugins\org.eclipse.m2e.maven.runtime_3.9.900.20240824-1409\jars\maven-resolver-util-1.9.22.jar
2025-01-29 01:50:07,857 [Worker-3: Launching mavenrun-737f90ce-755e-4de1-ae2c-f53560c48a3e] INFO  o.eclipse.m2e.core.internal.Bundles - 	Entry: C:\Users\ADMIN\.p2\pool\plugins\org.eclipse.m2e.maven.runtime_3.9.900.20240824-1409\jars\maven-settings-3.9.9.jar
2025-01-29 01:50:07,857 [Worker-3: Launching mavenrun-737f90ce-755e-4de1-ae2c-f53560c48a3e] INFO  o.eclipse.m2e.core.internal.Bundles - 	Entry: C:\Users\ADMIN\.p2\pool\plugins\org.eclipse.m2e.maven.runtime_3.9.900.20240824-1409\jars\maven-settings-builder-3.9.9.jar
2025-01-29 01:50:07,858 [Worker-3: Launching mavenrun-737f90ce-755e-4de1-ae2c-f53560c48a3e] INFO  o.eclipse.m2e.core.internal.Bundles - 	Entry: C:\Users\ADMIN\.p2\pool\plugins\org.eclipse.m2e.maven.runtime_3.9.900.20240824-1409\jars\maven-shared-utils-3.4.2.jar
2025-01-29 01:50:07,858 [Worker-3: Launching mavenrun-737f90ce-755e-4de1-ae2c-f53560c48a3e] INFO  o.eclipse.m2e.core.internal.Bundles - 	Entry: C:\Users\ADMIN\.p2\pool\plugins\org.eclipse.m2e.maven.runtime_3.9.900.20240824-1409\jars\org.eclipse.sisu.inject-0.9.0.M3.jar
2025-01-29 01:50:07,858 [Worker-3: Launching mavenrun-737f90ce-755e-4de1-ae2c-f53560c48a3e] INFO  o.eclipse.m2e.core.internal.Bundles - 	Entry: C:\Users\ADMIN\.p2\pool\plugins\org.eclipse.m2e.maven.runtime_3.9.900.20240824-1409\jars\org.eclipse.sisu.plexus-0.9.0.M3.jar
2025-01-29 01:50:07,858 [Worker-3: Launching mavenrun-737f90ce-755e-4de1-ae2c-f53560c48a3e] INFO  o.eclipse.m2e.core.internal.Bundles - 	Entry: C:\Users\ADMIN\.p2\pool\plugins\org.eclipse.m2e.maven.runtime_3.9.900.20240824-1409\jars\plexus-build-api-0.0.7.jar
2025-01-29 01:50:07,859 [Worker-3: Launching mavenrun-737f90ce-755e-4de1-ae2c-f53560c48a3e] INFO  o.eclipse.m2e.core.internal.Bundles - 	Entry: C:\Users\ADMIN\.p2\pool\plugins\org.eclipse.m2e.maven.runtime_3.9.900.20240824-1409\jars\plexus-build-api-1.2.0.jar
2025-01-29 01:50:07,859 [Worker-3: Launching mavenrun-737f90ce-755e-4de1-ae2c-f53560c48a3e] INFO  o.eclipse.m2e.core.internal.Bundles - 	Entry: C:\Users\ADMIN\.p2\pool\plugins\org.eclipse.m2e.maven.runtime_3.9.900.20240824-1409\jars\plexus-cipher-2.0.jar
2025-01-29 01:50:07,859 [Worker-3: Launching mavenrun-737f90ce-755e-4de1-ae2c-f53560c48a3e] INFO  o.eclipse.m2e.core.internal.Bundles - 	Entry: C:\Users\ADMIN\.p2\pool\plugins\org.eclipse.m2e.maven.runtime_3.9.900.20240824-1409\jars\plexus-classworlds-2.8.0.jar
2025-01-29 01:50:07,859 [Worker-3: Launching mavenrun-737f90ce-755e-4de1-ae2c-f53560c48a3e] INFO  o.eclipse.m2e.core.internal.Bundles - 	Entry: C:\Users\ADMIN\.p2\pool\plugins\org.eclipse.m2e.maven.runtime_3.9.900.20240824-1409\jars\plexus-component-annotations-2.1.0.jar
2025-01-29 01:50:07,860 [Worker-3: Launching mavenrun-737f90ce-755e-4de1-ae2c-f53560c48a3e] INFO  o.eclipse.m2e.core.internal.Bundles - 	Entry: C:\Users\ADMIN\.p2\pool\plugins\org.eclipse.m2e.maven.runtime_3.9.900.20240824-1409\jars\plexus-interpolation-1.27.jar
2025-01-29 01:50:07,860 [Worker-3: Launching mavenrun-737f90ce-755e-4de1-ae2c-f53560c48a3e] INFO  o.eclipse.m2e.core.internal.Bundles - 	Entry: C:\Users\ADMIN\.p2\pool\plugins\org.eclipse.m2e.maven.runtime_3.9.900.20240824-1409\jars\plexus-sec-dispatcher-2.0.jar
2025-01-29 01:50:07,861 [Worker-3: Launching mavenrun-737f90ce-755e-4de1-ae2c-f53560c48a3e] INFO  o.eclipse.m2e.core.internal.Bundles - 	Entry: C:\Users\ADMIN\.p2\pool\plugins\org.eclipse.m2e.maven.runtime_3.9.900.20240824-1409\jars\plexus-utils-3.5.1.jar
2025-01-29 01:50:07,861 [Worker-3: Launching mavenrun-737f90ce-755e-4de1-ae2c-f53560c48a3e] INFO  o.eclipse.m2e.core.internal.Bundles - 	Entry: C:\Users\ADMIN\.p2\pool\plugins\org.eclipse.m2e.maven.runtime_3.9.900.20240824-1409\jars\plexus-xml-3.0.1.jar
2025-01-29 01:50:07,861 [Worker-3: Launching mavenrun-737f90ce-755e-4de1-ae2c-f53560c48a3e] INFO  o.eclipse.m2e.core.internal.Bundles - 	Entry: C:\Users\ADMIN\.p2\pool\plugins\org.eclipse.m2e.maven.runtime_3.9.900.20240824-1409\jars\wagon-file-3.5.3.jar
2025-01-29 01:50:07,861 [Worker-3: Launching mavenrun-737f90ce-755e-4de1-ae2c-f53560c48a3e] INFO  o.eclipse.m2e.core.internal.Bundles - 	Entry: C:\Users\ADMIN\.p2\pool\plugins\org.eclipse.m2e.maven.runtime_3.9.900.20240824-1409\jars\wagon-http-3.5.3.jar
2025-01-29 01:50:07,861 [Worker-3: Launching mavenrun-737f90ce-755e-4de1-ae2c-f53560c48a3e] INFO  o.eclipse.m2e.core.internal.Bundles - 	Entry: C:\Users\ADMIN\.p2\pool\plugins\org.eclipse.m2e.maven.runtime_3.9.900.20240824-1409\jars\wagon-http-shared-3.5.3.jar
2025-01-29 01:50:07,862 [Worker-3: Launching mavenrun-737f90ce-755e-4de1-ae2c-f53560c48a3e] INFO  o.eclipse.m2e.core.internal.Bundles - 	Entry: C:\Users\ADMIN\.p2\pool\plugins\org.eclipse.m2e.maven.runtime_3.9.900.20240824-1409\jars\wagon-provider-api-3.5.3.jar
2025-01-29 01:50:07,863 [Worker-3: Launching mavenrun-737f90ce-755e-4de1-ae2c-f53560c48a3e] INFO  o.eclipse.m2e.core.internal.Bundles - getClasspathEntries(Bundle=com.google.guava_33.3.1.jre [10])
2025-01-29 01:50:07,864 [Worker-3: Launching mavenrun-737f90ce-755e-4de1-ae2c-f53560c48a3e] INFO  o.eclipse.m2e.core.internal.Bundles - 	Entry: C:\Users\ADMIN\.p2\pool\plugins\com.google.guava_33.3.1.jre.jar
2025-01-29 01:50:07,865 [Worker-3: Launching mavenrun-737f90ce-755e-4de1-ae2c-f53560c48a3e] INFO  o.eclipse.m2e.core.internal.Bundles - getClasspathEntries(Bundle=slf4j.api_2.0.16 [524])
2025-01-29 01:50:07,866 [Worker-3: Launching mavenrun-737f90ce-755e-4de1-ae2c-f53560c48a3e] INFO  o.eclipse.m2e.core.internal.Bundles - 	Entry: C:\Users\ADMIN\.p2\pool\plugins\slf4j.api_2.0.16.jar
2025-01-29 01:50:07,866 [Worker-3: Launching mavenrun-737f90ce-755e-4de1-ae2c-f53560c48a3e] INFO  o.eclipse.m2e.core.internal.Bundles - getClasspathEntries(Bundle=jakarta.inject.jakarta.inject-api_1.0.5 [22])
2025-01-29 01:50:07,867 [Worker-3: Launching mavenrun-737f90ce-755e-4de1-ae2c-f53560c48a3e] INFO  o.eclipse.m2e.core.internal.Bundles - 	Entry: C:\Users\ADMIN\.p2\pool\plugins\jakarta.inject.jakarta.inject-api_1.0.5.jar
2025-01-29 01:50:07,867 [Worker-3: Launching mavenrun-737f90ce-755e-4de1-ae2c-f53560c48a3e] INFO  o.eclipse.m2e.core.internal.Bundles - getClasspathEntries(Bundle=jakarta.annotation-api_1.3.5 [20])
2025-01-29 01:50:07,868 [Worker-3: Launching mavenrun-737f90ce-755e-4de1-ae2c-f53560c48a3e] INFO  o.eclipse.m2e.core.internal.Bundles - 	Entry: C:\Users\ADMIN\.p2\pool\plugins\jakarta.annotation-api_1.3.5.jar
2025-01-29 01:50:07,868 [Worker-3: Launching mavenrun-737f90ce-755e-4de1-ae2c-f53560c48a3e] INFO  o.eclipse.m2e.core.internal.Bundles - getClasspathEntries(Bundle=org.apache.commons.cli_1.9.0 [47])
2025-01-29 01:50:07,869 [Worker-3: Launching mavenrun-737f90ce-755e-4de1-ae2c-f53560c48a3e] INFO  o.eclipse.m2e.core.internal.Bundles - 	Entry: C:\Users\ADMIN\.p2\pool\plugins\org.apache.commons.cli_1.9.0.jar
2025-01-29 01:50:07,869 [Worker-3: Launching mavenrun-737f90ce-755e-4de1-ae2c-f53560c48a3e] INFO  o.eclipse.m2e.core.internal.Bundles - getClasspathEntries(Bundle=org.apache.commons.commons-codec_1.16.0 [50])
2025-01-29 01:50:07,869 [Worker-3: Launching mavenrun-737f90ce-755e-4de1-ae2c-f53560c48a3e] INFO  o.eclipse.m2e.core.internal.Bundles - 	Entry: C:\Users\ADMIN\.p2\pool\plugins\org.apache.commons.commons-codec_1.16.0.jar
2025-01-29 01:50:07,869 [Worker-3: Launching mavenrun-737f90ce-755e-4de1-ae2c-f53560c48a3e] INFO  o.eclipse.m2e.core.internal.Bundles - getClasspathEntries(Bundle=com.google.guava.failureaccess_1.0.2 [11])
2025-01-29 01:50:07,870 [Worker-3: Launching mavenrun-737f90ce-755e-4de1-ae2c-f53560c48a3e] INFO  o.eclipse.m2e.core.internal.Bundles - 	Entry: C:\Users\ADMIN\.p2\pool\plugins\com.google.guava.failureaccess_1.0.2.jar
2025-01-29 01:50:07,910 [Worker-3: Launching mavenrun-737f90ce-755e-4de1-ae2c-f53560c48a3e] INFO  o.e.m.i.launch.MavenLaunchDelegate - Run build in "C:\Users\ADMIN\AppData\Local\Temp\m2e-archetypeGenerator6577225348333807524":
2025-01-29 01:50:07,917 [Worker-3: Launching mavenrun-737f90ce-755e-4de1-ae2c-f53560c48a3e] INFO  o.e.m.i.launch.MavenLaunchDelegate -  mvn  -DjavaCompilerVersion=17 -DjunitVersion=5.11.0 -DarchetypeGroupId=org.apache.maven.archetypes -DarchetypeArtifactId=maven-archetype-quickstart -DarchetypeVersion=1.5 -DgroupId=com.vc -DartifactId=test -Dversion=0.0.1-SNAPSHOT -Dpackage=com.vc.test -DoutputDirectory=C:\Users\ADMIN\eclipse-workspace -Dstyle.color=always -U archetype:generate
2025-01-29 01:50:30,414 [Worker-5: Creating maven-archetype-quickstart] INFO  o.e.m.c.i.p.ProjectConfigurationManager - Collecting project info '/pom.xml' C:\Users\ADMIN\eclipse-workspace\test\pom.xml
2025-01-29 01:50:30,972 [Worker-5: Creating maven-archetype-quickstart] INFO  o.e.m.c.i.e.AbstractTransferListenerAdapter - Downloading https://repo.maven.apache.org/maven2/org/apache/maven/plugins/maven-compiler-plugin/3.13.0/maven-compiler-plugin-3.13.0.jar
2025-01-29 01:50:31,082 [Worker-5: Creating maven-archetype-quickstart] INFO  o.e.m.c.i.e.AbstractTransferListenerAdapter - Downloaded https://repo.maven.apache.org/maven2/org/apache/maven/plugins/maven-compiler-plugin/3.13.0/maven-compiler-plugin-3.13.0.jar
2025-01-29 01:50:31,175 [Worker-5: Creating maven-archetype-quickstart] INFO  o.e.m.c.i.e.AbstractTransferListenerAdapter - Downloading https://repo.maven.apache.org/maven2/org/apache/maven/plugins/maven-surefire-plugin/3.3.0/maven-surefire-plugin-3.3.0.jar
2025-01-29 01:50:31,240 [Worker-5: Creating maven-archetype-quickstart] INFO  o.e.m.c.i.e.AbstractTransferListenerAdapter - Downloaded https://repo.maven.apache.org/maven2/org/apache/maven/plugins/maven-surefire-plugin/3.3.0/maven-surefire-plugin-3.3.0.jar
2025-01-29 01:50:31,357 [Worker-5: Creating maven-archetype-quickstart] INFO  o.e.m.c.i.e.AbstractTransferListenerAdapter - Downloading https://repo.maven.apache.org/maven2/org/apache/maven/plugins/maven-jar-plugin/3.4.2/maven-jar-plugin-3.4.2.jar
2025-01-29 01:50:31,418 [Worker-5: Creating maven-archetype-quickstart] INFO  o.e.m.c.i.e.AbstractTransferListenerAdapter - Downloaded https://repo.maven.apache.org/maven2/org/apache/maven/plugins/maven-jar-plugin/3.4.2/maven-jar-plugin-3.4.2.jar
2025-01-29 01:50:31,559 [Worker-5: Creating maven-archetype-quickstart] INFO  o.e.m.c.i.e.AbstractTransferListenerAdapter - Downloading https://repo.maven.apache.org/maven2/org/apache/maven/plugins/maven-compiler-plugin/3.13.0/maven-compiler-plugin-3.13.0.pom
2025-01-29 01:50:31,573 [Worker-5: Creating maven-archetype-quickstart] INFO  o.e.m.c.i.e.AbstractTransferListenerAdapter - Downloaded https://repo.maven.apache.org/maven2/org/apache/maven/plugins/maven-compiler-plugin/3.13.0/maven-compiler-plugin-3.13.0.pom
2025-01-29 01:50:31,830 [Worker-5: Creating maven-archetype-quickstart] INFO  o.e.m.c.i.e.AbstractTransferListenerAdapter - Downloading https://repo.maven.apache.org/maven2/org/apache/maven/shared/maven-shared-incremental/1.1/maven-shared-incremental-1.1.pom
2025-01-29 01:50:31,847 [Worker-5: Creating maven-archetype-quickstart] INFO  o.e.m.c.i.e.AbstractTransferListenerAdapter - Downloaded https://repo.maven.apache.org/maven2/org/apache/maven/shared/maven-shared-incremental/1.1/maven-shared-incremental-1.1.pom
2025-01-29 01:50:31,913 [Worker-5: Creating maven-archetype-quickstart] INFO  o.e.m.c.i.e.AbstractTransferListenerAdapter - Downloading https://repo.maven.apache.org/maven2/org/apache/maven/shared/maven-shared-components/19/maven-shared-components-19.pom
2025-01-29 01:50:31,929 [Worker-5: Creating maven-archetype-quickstart] INFO  o.e.m.c.i.e.AbstractTransferListenerAdapter - Downloaded https://repo.maven.apache.org/maven2/org/apache/maven/shared/maven-shared-components/19/maven-shared-components-19.pom
2025-01-29 01:50:32,031 [Worker-5: Creating maven-archetype-quickstart] INFO  o.e.m.c.i.e.AbstractTransferListenerAdapter - Downloading https://repo.maven.apache.org/maven2/org/apache/maven/maven-parent/23/maven-parent-23.pom
2025-01-29 01:50:32,068 [Worker-5: Creating maven-archetype-quickstart] INFO  o.e.m.c.i.e.AbstractTransferListenerAdapter - Downloaded https://repo.maven.apache.org/maven2/org/apache/maven/maven-parent/23/maven-parent-23.pom
2025-01-29 01:50:32,136 [Worker-5: Creating maven-archetype-quickstart] INFO  o.e.m.c.i.e.AbstractTransferListenerAdapter - Downloading https://repo.maven.apache.org/maven2/org/apache/apache/13/apache-13.pom
2025-01-29 01:50:32,160 [Worker-5: Creating maven-archetype-quickstart] INFO  o.e.m.c.i.e.AbstractTransferListenerAdapter - Downloaded https://repo.maven.apache.org/maven2/org/apache/apache/13/apache-13.pom
2025-01-29 01:50:32,231 [Worker-5: Creating maven-archetype-quickstart] INFO  o.e.m.c.i.e.AbstractTransferListenerAdapter - Downloading https://repo.maven.apache.org/maven2/org/codehaus/plexus/plexus-java/1.2.0/plexus-java-1.2.0.pom
2025-01-29 01:50:32,249 [Worker-5: Creating maven-archetype-quickstart] INFO  o.e.m.c.i.e.AbstractTransferListenerAdapter - Downloaded https://repo.maven.apache.org/maven2/org/codehaus/plexus/plexus-java/1.2.0/plexus-java-1.2.0.pom
2025-01-29 01:50:32,313 [Worker-5: Creating maven-archetype-quickstart] INFO  o.e.m.c.i.e.AbstractTransferListenerAdapter - Downloading https://repo.maven.apache.org/maven2/org/codehaus/plexus/plexus-languages/1.2.0/plexus-languages-1.2.0.pom
2025-01-29 01:50:32,328 [Worker-5: Creating maven-archetype-quickstart] INFO  o.e.m.c.i.e.AbstractTransferListenerAdapter - Downloaded https://repo.maven.apache.org/maven2/org/codehaus/plexus/plexus-languages/1.2.0/plexus-languages-1.2.0.pom
2025-01-29 01:50:32,410 [Worker-5: Creating maven-archetype-quickstart] INFO  o.e.m.c.i.e.AbstractTransferListenerAdapter - Downloading https://repo.maven.apache.org/maven2/org/codehaus/plexus/plexus/15/plexus-15.pom
2025-01-29 01:50:32,442 [Worker-5: Creating maven-archetype-quickstart] INFO  o.e.m.c.i.e.AbstractTransferListenerAdapter - Downloaded https://repo.maven.apache.org/maven2/org/codehaus/plexus/plexus/15/plexus-15.pom
2025-01-29 01:50:32,553 [Worker-5: Creating maven-archetype-quickstart] INFO  o.e.m.c.i.e.AbstractTransferListenerAdapter - Downloading https://repo.maven.apache.org/maven2/org/junit/junit-bom/5.10.0/junit-bom-5.10.0.pom
2025-01-29 01:50:32,565 [Worker-5: Creating maven-archetype-quickstart] INFO  o.e.m.c.i.e.AbstractTransferListenerAdapter - Downloaded https://repo.maven.apache.org/maven2/org/junit/junit-bom/5.10.0/junit-bom-5.10.0.pom
2025-01-29 01:50:32,632 [Worker-5: Creating maven-archetype-quickstart] INFO  o.e.m.c.i.e.AbstractTransferListenerAdapter - Downloading https://repo.maven.apache.org/maven2/org/ow2/asm/asm/9.6/asm-9.6.pom
2025-01-29 01:50:32,649 [Worker-5: Creating maven-archetype-quickstart] INFO  o.e.m.c.i.e.AbstractTransferListenerAdapter - Downloaded https://repo.maven.apache.org/maven2/org/ow2/asm/asm/9.6/asm-9.6.pom
2025-01-29 01:50:32,713 [Worker-5: Creating maven-archetype-quickstart] INFO  o.e.m.c.i.e.AbstractTransferListenerAdapter - Downloading https://repo.maven.apache.org/maven2/org/ow2/ow2/1.5.1/ow2-1.5.1.pom
2025-01-29 01:50:32,739 [Worker-5: Creating maven-archetype-quickstart] INFO  o.e.m.c.i.e.AbstractTransferListenerAdapter - Downloaded https://repo.maven.apache.org/maven2/org/ow2/ow2/1.5.1/ow2-1.5.1.pom
2025-01-29 01:50:32,805 [Worker-5: Creating maven-archetype-quickstart] INFO  o.e.m.c.i.e.AbstractTransferListenerAdapter - Downloading https://repo.maven.apache.org/maven2/com/thoughtworks/qdox/qdox/2.0.3/qdox-2.0.3.pom
2025-01-29 01:50:32,827 [Worker-5: Creating maven-archetype-quickstart] INFO  o.e.m.c.i.e.AbstractTransferListenerAdapter - Downloaded https://repo.maven.apache.org/maven2/com/thoughtworks/qdox/qdox/2.0.3/qdox-2.0.3.pom
2025-01-29 01:50:32,899 [Worker-5: Creating maven-archetype-quickstart] INFO  o.e.m.c.i.e.AbstractTransferListenerAdapter - Downloading https://repo.maven.apache.org/maven2/org/sonatype/oss/oss-parent/9/oss-parent-9.pom
2025-01-29 01:50:32,917 [Worker-5: Creating maven-archetype-quickstart] INFO  o.e.m.c.i.e.AbstractTransferListenerAdapter - Downloaded https://repo.maven.apache.org/maven2/org/sonatype/oss/oss-parent/9/oss-parent-9.pom
2025-01-29 01:50:32,994 [Worker-5: Creating maven-archetype-quickstart] INFO  o.e.m.c.i.e.AbstractTransferListenerAdapter - Downloading https://repo.maven.apache.org/maven2/org/codehaus/plexus/plexus-compiler-api/2.15.0/plexus-compiler-api-2.15.0.pom
2025-01-29 01:50:33,009 [Worker-5: Creating maven-archetype-quickstart] INFO  o.e.m.c.i.e.AbstractTransferListenerAdapter - Downloaded https://repo.maven.apache.org/maven2/org/codehaus/plexus/plexus-compiler-api/2.15.0/plexus-compiler-api-2.15.0.pom
2025-01-29 01:50:33,073 [Worker-5: Creating maven-archetype-quickstart] INFO  o.e.m.c.i.e.AbstractTransferListenerAdapter - Downloading https://repo.maven.apache.org/maven2/org/codehaus/plexus/plexus-compiler/2.15.0/plexus-compiler-2.15.0.pom
2025-01-29 01:50:33,098 [Worker-5: Creating maven-archetype-quickstart] INFO  o.e.m.c.i.e.AbstractTransferListenerAdapter - Downloaded https://repo.maven.apache.org/maven2/org/codehaus/plexus/plexus-compiler/2.15.0/plexus-compiler-2.15.0.pom
2025-01-29 01:50:33,172 [Worker-5: Creating maven-archetype-quickstart] INFO  o.e.m.c.i.e.AbstractTransferListenerAdapter - Downloading https://repo.maven.apache.org/maven2/org/codehaus/plexus/plexus-utils/4.0.0/plexus-utils-4.0.0.pom
2025-01-29 01:50:33,186 [Worker-5: Creating maven-archetype-quickstart] INFO  o.e.m.c.i.e.AbstractTransferListenerAdapter - Downloaded https://repo.maven.apache.org/maven2/org/codehaus/plexus/plexus-utils/4.0.0/plexus-utils-4.0.0.pom
2025-01-29 01:50:33,249 [Worker-5: Creating maven-archetype-quickstart] INFO  o.e.m.c.i.e.AbstractTransferListenerAdapter - Downloading https://repo.maven.apache.org/maven2/org/codehaus/plexus/plexus/13/plexus-13.pom
2025-01-29 01:50:33,273 [Worker-5: Creating maven-archetype-quickstart] INFO  o.e.m.c.i.e.AbstractTransferListenerAdapter - Downloaded https://repo.maven.apache.org/maven2/org/codehaus/plexus/plexus/13/plexus-13.pom
2025-01-29 01:50:33,331 [Worker-5: Creating maven-archetype-quickstart] INFO  o.e.m.c.i.e.AbstractTransferListenerAdapter - Downloading https://repo.maven.apache.org/maven2/org/junit/junit-bom/5.9.3/junit-bom-5.9.3.pom
2025-01-29 01:50:33,347 [Worker-5: Creating maven-archetype-quickstart] INFO  o.e.m.c.i.e.AbstractTransferListenerAdapter - Downloaded https://repo.maven.apache.org/maven2/org/junit/junit-bom/5.9.3/junit-bom-5.9.3.pom
2025-01-29 01:50:33,402 [Worker-5: Creating maven-archetype-quickstart] INFO  o.e.m.c.i.e.AbstractTransferListenerAdapter - Downloading https://repo.maven.apache.org/maven2/org/codehaus/plexus/plexus-compiler-manager/2.15.0/plexus-compiler-manager-2.15.0.pom
2025-01-29 01:50:33,411 [Worker-5: Creating maven-archetype-quickstart] INFO  o.e.m.c.i.e.AbstractTransferListenerAdapter - Downloaded https://repo.maven.apache.org/maven2/org/codehaus/plexus/plexus-compiler-manager/2.15.0/plexus-compiler-manager-2.15.0.pom
2025-01-29 01:50:33,472 [Worker-5: Creating maven-archetype-quickstart] INFO  o.e.m.c.i.e.AbstractTransferListenerAdapter - Downloading https://repo.maven.apache.org/maven2/org/codehaus/plexus/plexus-xml/3.0.0/plexus-xml-3.0.0.pom
2025-01-29 01:50:33,484 [Worker-5: Creating maven-archetype-quickstart] INFO  o.e.m.c.i.e.AbstractTransferListenerAdapter - Downloaded https://repo.maven.apache.org/maven2/org/codehaus/plexus/plexus-xml/3.0.0/plexus-xml-3.0.0.pom
2025-01-29 01:50:33,550 [Worker-5: Creating maven-archetype-quickstart] INFO  o.e.m.c.i.e.AbstractTransferListenerAdapter - Downloading https://repo.maven.apache.org/maven2/org/codehaus/plexus/plexus-compiler-javac/2.15.0/plexus-compiler-javac-2.15.0.pom
2025-01-29 01:50:33,559 [Worker-5: Creating maven-archetype-quickstart] INFO  o.e.m.c.i.e.AbstractTransferListenerAdapter - Downloaded https://repo.maven.apache.org/maven2/org/codehaus/plexus/plexus-compiler-javac/2.15.0/plexus-compiler-javac-2.15.0.pom
2025-01-29 01:50:33,631 [Worker-5: Creating maven-archetype-quickstart] INFO  o.e.m.c.i.e.AbstractTransferListenerAdapter - Downloading https://repo.maven.apache.org/maven2/org/codehaus/plexus/plexus-compilers/2.15.0/plexus-compilers-2.15.0.pom
2025-01-29 01:50:33,641 [Worker-5: Creating maven-archetype-quickstart] INFO  o.e.m.c.i.e.AbstractTransferListenerAdapter - Downloaded https://repo.maven.apache.org/maven2/org/codehaus/plexus/plexus-compilers/2.15.0/plexus-compilers-2.15.0.pom
2025-01-29 01:50:33,727 [Worker-5: Creating maven-archetype-quickstart] INFO  o.e.m.c.i.e.AbstractTransferListenerAdapter - Downloading https://repo.maven.apache.org/maven2/org/apache/maven/shared/maven-shared-incremental/1.1/maven-shared-incremental-1.1.jar
2025-01-29 01:50:33,745 [Worker-5: Creating maven-archetype-quickstart] INFO  o.e.m.c.i.e.AbstractTransferListenerAdapter - Downloaded https://repo.maven.apache.org/maven2/org/apache/maven/shared/maven-shared-incremental/1.1/maven-shared-incremental-1.1.jar
2025-01-29 01:50:33,804 [BasicRepositoryConnector-repo.maven.apache.org-0-0] INFO  o.e.m.c.i.e.AbstractTransferListenerAdapter - Downloading https://repo.maven.apache.org/maven2/org/codehaus/plexus/plexus-java/1.2.0/plexus-java-1.2.0.jar
2025-01-29 01:50:33,857 [BasicRepositoryConnector-repo.maven.apache.org-0-0] INFO  o.e.m.c.i.e.AbstractTransferListenerAdapter - Downloaded https://repo.maven.apache.org/maven2/org/codehaus/plexus/plexus-java/1.2.0/plexus-java-1.2.0.jar
2025-01-29 01:50:33,914 [BasicRepositoryConnector-repo.maven.apache.org-0-0] INFO  o.e.m.c.i.e.AbstractTransferListenerAdapter - Downloading https://repo.maven.apache.org/maven2/org/codehaus/plexus/plexus-xml/3.0.0/plexus-xml-3.0.0.jar
2025-01-29 01:50:33,914 [BasicRepositoryConnector-repo.maven.apache.org-0-1] INFO  o.e.m.c.i.e.AbstractTransferListenerAdapter - Downloading https://repo.maven.apache.org/maven2/org/ow2/asm/asm/9.6/asm-9.6.jar
2025-01-29 01:50:33,923 [BasicRepositoryConnector-repo.maven.apache.org-0-4] INFO  o.e.m.c.i.e.AbstractTransferListenerAdapter - Downloading https://repo.maven.apache.org/maven2/org/codehaus/plexus/plexus-compiler-manager/2.15.0/plexus-compiler-manager-2.15.0.jar
2025-01-29 01:50:33,936 [BasicRepositoryConnector-repo.maven.apache.org-0-4] INFO  o.e.m.c.i.e.AbstractTransferListenerAdapter - Downloaded https://repo.maven.apache.org/maven2/org/codehaus/plexus/plexus-compiler-manager/2.15.0/plexus-compiler-manager-2.15.0.jar
2025-01-29 01:50:33,946 [BasicRepositoryConnector-repo.maven.apache.org-0-2] INFO  o.e.m.c.i.e.AbstractTransferListenerAdapter - Downloading https://repo.maven.apache.org/maven2/com/thoughtworks/qdox/qdox/2.0.3/qdox-2.0.3.jar
2025-01-29 01:50:33,948 [BasicRepositoryConnector-repo.maven.apache.org-0-3] INFO  o.e.m.c.i.e.AbstractTransferListenerAdapter - Downloading https://repo.maven.apache.org/maven2/org/codehaus/plexus/plexus-compiler-api/2.15.0/plexus-compiler-api-2.15.0.jar
2025-01-29 01:50:33,985 [BasicRepositoryConnector-repo.maven.apache.org-0-0] INFO  o.e.m.c.i.e.AbstractTransferListenerAdapter - Downloaded https://repo.maven.apache.org/maven2/org/codehaus/plexus/plexus-xml/3.0.0/plexus-xml-3.0.0.jar
2025-01-29 01:50:33,991 [BasicRepositoryConnector-repo.maven.apache.org-0-3] INFO  o.e.m.c.i.e.AbstractTransferListenerAdapter - Downloaded https://repo.maven.apache.org/maven2/org/codehaus/plexus/plexus-compiler-api/2.15.0/plexus-compiler-api-2.15.0.jar
2025-01-29 01:50:33,996 [BasicRepositoryConnector-repo.maven.apache.org-0-4] INFO  o.e.m.c.i.e.AbstractTransferListenerAdapter - Downloading https://repo.maven.apache.org/maven2/org/codehaus/plexus/plexus-compiler-javac/2.15.0/plexus-compiler-javac-2.15.0.jar
2025-01-29 01:50:34,021 [BasicRepositoryConnector-repo.maven.apache.org-0-4] INFO  o.e.m.c.i.e.AbstractTransferListenerAdapter - Downloaded https://repo.maven.apache.org/maven2/org/codehaus/plexus/plexus-compiler-javac/2.15.0/plexus-compiler-javac-2.15.0.jar
2025-01-29 01:50:34,031 [BasicRepositoryConnector-repo.maven.apache.org-0-0] INFO  o.e.m.c.i.e.AbstractTransferListenerAdapter - Downloading https://repo.maven.apache.org/maven2/org/codehaus/plexus/plexus-utils/4.0.0/plexus-utils-4.0.0.jar
2025-01-29 01:50:34,066 [BasicRepositoryConnector-repo.maven.apache.org-0-1] INFO  o.e.m.c.i.e.AbstractTransferListenerAdapter - Downloaded https://repo.maven.apache.org/maven2/org/ow2/asm/asm/9.6/asm-9.6.jar
2025-01-29 01:50:34,247 [BasicRepositoryConnector-repo.maven.apache.org-0-0] INFO  o.e.m.c.i.e.AbstractTransferListenerAdapter - Downloaded https://repo.maven.apache.org/maven2/org/codehaus/plexus/plexus-utils/4.0.0/plexus-utils-4.0.0.jar
2025-01-29 01:50:34,291 [BasicRepositoryConnector-repo.maven.apache.org-0-2] INFO  o.e.m.c.i.e.AbstractTransferListenerAdapter - Downloaded https://repo.maven.apache.org/maven2/com/thoughtworks/qdox/qdox/2.0.3/qdox-2.0.3.jar
2025-01-29 01:50:34,467 [Worker-5: Creating maven-archetype-quickstart] INFO  o.e.m.c.i.l.LifecycleMappingFactory - Using org.eclipse.m2e.jdt.JarLifecycleMapping lifecycle mapping for MavenProject: com.vc:test:0.0.1-SNAPSHOT @ C:\Users\ADMIN\eclipse-workspace\test\pom.xml.
2025-01-29 01:50:34,552 [Worker-5: Creating maven-archetype-quickstart] INFO  o.e.m.c.i.e.AbstractTransferListenerAdapter - Downloading https://repo.maven.apache.org/maven2/org/junit/jupiter/junit-jupiter-api/5.11.0/junit-jupiter-api-5.11.0.pom
2025-01-29 01:50:34,561 [Worker-5: Creating maven-archetype-quickstart] INFO  o.e.m.c.i.e.AbstractTransferListenerAdapter - Downloaded https://repo.maven.apache.org/maven2/org/junit/jupiter/junit-jupiter-api/5.11.0/junit-jupiter-api-5.11.0.pom
2025-01-29 01:50:34,630 [Worker-5: Creating maven-archetype-quickstart] INFO  o.e.m.c.i.e.AbstractTransferListenerAdapter - Downloading https://repo.maven.apache.org/maven2/org/opentest4j/opentest4j/1.3.0/opentest4j-1.3.0.pom
2025-01-29 01:50:34,647 [Worker-5: Creating maven-archetype-quickstart] INFO  o.e.m.c.i.e.AbstractTransferListenerAdapter - Downloaded https://repo.maven.apache.org/maven2/org/opentest4j/opentest4j/1.3.0/opentest4j-1.3.0.pom
2025-01-29 01:50:34,715 [Worker-5: Creating maven-archetype-quickstart] INFO  o.e.m.c.i.e.AbstractTransferListenerAdapter - Downloading https://repo.maven.apache.org/maven2/org/junit/platform/junit-platform-commons/1.11.0/junit-platform-commons-1.11.0.pom
2025-01-29 01:50:34,725 [Worker-5: Creating maven-archetype-quickstart] INFO  o.e.m.c.i.e.AbstractTransferListenerAdapter - Downloaded https://repo.maven.apache.org/maven2/org/junit/platform/junit-platform-commons/1.11.0/junit-platform-commons-1.11.0.pom
2025-01-29 01:50:34,790 [Worker-5: Creating maven-archetype-quickstart] INFO  o.e.m.c.i.e.AbstractTransferListenerAdapter - Downloading https://repo.maven.apache.org/maven2/org/apiguardian/apiguardian-api/1.1.2/apiguardian-api-1.1.2.pom
2025-01-29 01:50:34,799 [Worker-5: Creating maven-archetype-quickstart] INFO  o.e.m.c.i.e.AbstractTransferListenerAdapter - Downloaded https://repo.maven.apache.org/maven2/org/apiguardian/apiguardian-api/1.1.2/apiguardian-api-1.1.2.pom
2025-01-29 01:50:34,875 [Worker-5: Creating maven-archetype-quickstart] INFO  o.e.m.c.i.e.AbstractTransferListenerAdapter - Downloading https://repo.maven.apache.org/maven2/org/junit/jupiter/junit-jupiter-params/5.11.0/junit-jupiter-params-5.11.0.pom
2025-01-29 01:50:34,885 [Worker-5: Creating maven-archetype-quickstart] INFO  o.e.m.c.i.e.AbstractTransferListenerAdapter - Downloaded https://repo.maven.apache.org/maven2/org/junit/jupiter/junit-jupiter-params/5.11.0/junit-jupiter-params-5.11.0.pom
2025-01-29 01:50:34,957 [Worker-5: Creating maven-archetype-quickstart] INFO  o.e.m.c.i.e.AbstractTransferListenerAdapter - Downloading https://repo.maven.apache.org/maven2/org/junit/jupiter/junit-jupiter-api/5.11.0/junit-jupiter-api-5.11.0.jar
2025-01-29 01:50:35,164 [Worker-5: Creating maven-archetype-quickstart] INFO  o.e.m.c.i.e.AbstractTransferListenerAdapter - Downloaded https://repo.maven.apache.org/maven2/org/junit/jupiter/junit-jupiter-api/5.11.0/junit-jupiter-api-5.11.0.jar
2025-01-29 01:50:35,232 [BasicRepositoryConnector-repo.maven.apache.org-1-2] INFO  o.e.m.c.i.e.AbstractTransferListenerAdapter - Downloading https://repo.maven.apache.org/maven2/org/apiguardian/apiguardian-api/1.1.2/apiguardian-api-1.1.2.jar
2025-01-29 01:50:35,233 [BasicRepositoryConnector-repo.maven.apache.org-1-0] INFO  o.e.m.c.i.e.AbstractTransferListenerAdapter - Downloading https://repo.maven.apache.org/maven2/org/opentest4j/opentest4j/1.3.0/opentest4j-1.3.0.jar
2025-01-29 01:50:35,233 [BasicRepositoryConnector-repo.maven.apache.org-1-3] INFO  o.e.m.c.i.e.AbstractTransferListenerAdapter - Downloading https://repo.maven.apache.org/maven2/org/junit/jupiter/junit-jupiter-params/5.11.0/junit-jupiter-params-5.11.0.jar
2025-01-29 01:50:35,235 [BasicRepositoryConnector-repo.maven.apache.org-1-1] INFO  o.e.m.c.i.e.AbstractTransferListenerAdapter - Downloading https://repo.maven.apache.org/maven2/org/junit/platform/junit-platform-commons/1.11.0/junit-platform-commons-1.11.0.jar
2025-01-29 01:50:35,245 [BasicRepositoryConnector-repo.maven.apache.org-1-2] INFO  o.e.m.c.i.e.AbstractTransferListenerAdapter - Downloaded https://repo.maven.apache.org/maven2/org/apiguardian/apiguardian-api/1.1.2/apiguardian-api-1.1.2.jar
2025-01-29 01:50:35,263 [BasicRepositoryConnector-repo.maven.apache.org-1-0] INFO  o.e.m.c.i.e.AbstractTransferListenerAdapter - Downloaded https://repo.maven.apache.org/maven2/org/opentest4j/opentest4j/1.3.0/opentest4j-1.3.0.jar
2025-01-29 01:50:35,365 [BasicRepositoryConnector-repo.maven.apache.org-1-1] INFO  o.e.m.c.i.e.AbstractTransferListenerAdapter - Downloaded https://repo.maven.apache.org/maven2/org/junit/platform/junit-platform-commons/1.11.0/junit-platform-commons-1.11.0.jar
2025-01-29 01:50:35,529 [BasicRepositoryConnector-repo.maven.apache.org-1-3] INFO  o.e.m.c.i.e.AbstractTransferListenerAdapter - Downloaded https://repo.maven.apache.org/maven2/org/junit/jupiter/junit-jupiter-params/5.11.0/junit-jupiter-params-5.11.0.jar
2025-01-29 01:50:35,669 [Worker-5: Creating maven-archetype-quickstart] INFO  o.e.m.c.i.e.AbstractTransferListenerAdapter - Downloading https://repo.maven.apache.org/maven2/org/apache/maven/plugins/maven-surefire-plugin/3.3.0/maven-surefire-plugin-3.3.0.pom
2025-01-29 01:50:35,678 [Worker-5: Creating maven-archetype-quickstart] INFO  o.e.m.c.i.e.AbstractTransferListenerAdapter - Downloaded https://repo.maven.apache.org/maven2/org/apache/maven/plugins/maven-surefire-plugin/3.3.0/maven-surefire-plugin-3.3.0.pom
2025-01-29 01:50:35,765 [Worker-5: Creating maven-archetype-quickstart] INFO  o.e.m.c.i.e.AbstractTransferListenerAdapter - Downloading https://repo.maven.apache.org/maven2/org/apache/maven/surefire/surefire/3.3.0/surefire-3.3.0.pom
2025-01-29 01:50:35,783 [Worker-5: Creating maven-archetype-quickstart] INFO  o.e.m.c.i.e.AbstractTransferListenerAdapter - Downloaded https://repo.maven.apache.org/maven2/org/apache/maven/surefire/surefire/3.3.0/surefire-3.3.0.pom
2025-01-29 01:50:35,850 [Worker-5: Creating maven-archetype-quickstart] INFO  o.e.m.c.i.e.AbstractTransferListenerAdapter - Downloading https://repo.maven.apache.org/maven2/org/apache/maven/plugins/maven-jar-plugin/3.4.2/maven-jar-plugin-3.4.2.pom
2025-01-29 01:50:35,866 [Worker-5: Creating maven-archetype-quickstart] INFO  o.e.m.c.i.e.AbstractTransferListenerAdapter - Downloaded https://repo.maven.apache.org/maven2/org/apache/maven/plugins/maven-jar-plugin/3.4.2/maven-jar-plugin-3.4.2.pom
2025-01-29 01:50:35,952 [Worker-5: Creating maven-archetype-quickstart] INFO  o.e.m.c.i.e.AbstractTransferListenerAdapter - Downloading https://repo.maven.apache.org/maven2/org/apache/maven/shared/file-management/3.1.0/file-management-3.1.0.pom
2025-01-29 01:50:35,964 [Worker-5: Creating maven-archetype-quickstart] INFO  o.e.m.c.i.e.AbstractTransferListenerAdapter - Downloaded https://repo.maven.apache.org/maven2/org/apache/maven/shared/file-management/3.1.0/file-management-3.1.0.pom
2025-01-29 01:50:36,033 [Worker-5: Creating maven-archetype-quickstart] INFO  o.e.m.c.i.e.AbstractTransferListenerAdapter - Downloading https://repo.maven.apache.org/maven2/org/apache/maven/shared/maven-shared-components/36/maven-shared-components-36.pom
2025-01-29 01:50:36,055 [Worker-5: Creating maven-archetype-quickstart] INFO  o.e.m.c.i.e.AbstractTransferListenerAdapter - Downloaded https://repo.maven.apache.org/maven2/org/apache/maven/shared/maven-shared-components/36/maven-shared-components-36.pom
2025-01-29 01:50:36,153 [Worker-5: Creating maven-archetype-quickstart] INFO  o.e.m.c.i.e.AbstractTransferListenerAdapter - Downloading https://repo.maven.apache.org/maven2/commons-io/commons-io/2.16.1/commons-io-2.16.1.pom
2025-01-29 01:50:36,175 [Worker-5: Creating maven-archetype-quickstart] INFO  o.e.m.c.i.e.AbstractTransferListenerAdapter - Downloaded https://repo.maven.apache.org/maven2/commons-io/commons-io/2.16.1/commons-io-2.16.1.pom
2025-01-29 01:50:36,313 [Worker-5: Creating maven-archetype-quickstart] INFO  o.e.m.c.i.e.AbstractTransferListenerAdapter - Downloading https://repo.maven.apache.org/maven2/org/apache/commons/commons-lang3/3.14.0/commons-lang3-3.14.0.pom
2025-01-29 01:50:36,353 [Worker-5: Creating maven-archetype-quickstart] INFO  o.e.m.c.i.e.AbstractTransferListenerAdapter - Downloaded https://repo.maven.apache.org/maven2/org/apache/commons/commons-lang3/3.14.0/commons-lang3-3.14.0.pom
2025-01-29 01:50:36,431 [Worker-5: Creating maven-archetype-quickstart] INFO  o.e.m.c.i.e.AbstractTransferListenerAdapter - Downloading https://repo.maven.apache.org/maven2/org/apache/commons/commons-parent/64/commons-parent-64.pom
2025-01-29 01:50:36,474 [Worker-5: Creating maven-archetype-quickstart] INFO  o.e.m.c.i.e.AbstractTransferListenerAdapter - Downloaded https://repo.maven.apache.org/maven2/org/apache/commons/commons-parent/64/commons-parent-64.pom
2025-01-29 01:50:36,553 [Worker-5: Creating maven-archetype-quickstart] INFO  o.e.m.c.i.e.AbstractTransferListenerAdapter - Downloading https://repo.maven.apache.org/maven2/org/apache/apache/30/apache-30.pom
2025-01-29 01:50:36,574 [Worker-5: Creating maven-archetype-quickstart] INFO  o.e.m.c.i.e.AbstractTransferListenerAdapter - Downloaded https://repo.maven.apache.org/maven2/org/apache/apache/30/apache-30.pom
2025-01-29 01:50:36,672 [Worker-5: Creating maven-archetype-quickstart] INFO  o.e.m.c.i.e.AbstractTransferListenerAdapter - Downloading https://repo.maven.apache.org/maven2/org/apache/maven/shared/file-management/3.1.0/file-management-3.1.0.jar
2025-01-29 01:50:36,702 [Worker-5: Creating maven-archetype-quickstart] INFO  o.e.m.c.i.e.AbstractTransferListenerAdapter - Downloaded https://repo.maven.apache.org/maven2/org/apache/maven/shared/file-management/3.1.0/file-management-3.1.0.jar
2025-01-29 01:50:36,763 [BasicRepositoryConnector-repo.maven.apache.org-2-2] INFO  o.e.m.c.i.e.AbstractTransferListenerAdapter - Downloading https://repo.maven.apache.org/maven2/org/codehaus/plexus/plexus-io/3.4.2/plexus-io-3.4.2.jar
2025-01-29 01:50:36,771 [BasicRepositoryConnector-repo.maven.apache.org-2-0] INFO  o.e.m.c.i.e.AbstractTransferListenerAdapter - Downloading https://repo.maven.apache.org/maven2/commons-io/commons-io/2.16.1/commons-io-2.16.1.jar
2025-01-29 01:50:36,776 [BasicRepositoryConnector-repo.maven.apache.org-2-4] INFO  o.e.m.c.i.e.AbstractTransferListenerAdapter - Downloading https://repo.maven.apache.org/maven2/org/apache/commons/commons-lang3/3.14.0/commons-lang3-3.14.0.jar
2025-01-29 01:50:36,776 [BasicRepositoryConnector-repo.maven.apache.org-2-3] INFO  o.e.m.c.i.e.AbstractTransferListenerAdapter - Downloading https://repo.maven.apache.org/maven2/org/apache/commons/commons-compress/1.26.1/commons-compress-1.26.1.jar
2025-01-29 01:50:36,779 [BasicRepositoryConnector-repo.maven.apache.org-2-1] INFO  o.e.m.c.i.e.AbstractTransferListenerAdapter - Downloading https://repo.maven.apache.org/maven2/org/codehaus/plexus/plexus-archiver/4.9.2/plexus-archiver-4.9.2.jar
2025-01-29 01:50:36,869 [BasicRepositoryConnector-repo.maven.apache.org-2-2] INFO  o.e.m.c.i.e.AbstractTransferListenerAdapter - Downloaded https://repo.maven.apache.org/maven2/org/codehaus/plexus/plexus-io/3.4.2/plexus-io-3.4.2.jar
2025-01-29 01:50:36,950 [BasicRepositoryConnector-repo.maven.apache.org-2-2] INFO  o.e.m.c.i.e.AbstractTransferListenerAdapter - Downloading https://repo.maven.apache.org/maven2/commons-codec/commons-codec/1.16.1/commons-codec-1.16.1.jar
2025-01-29 01:50:37,012 [BasicRepositoryConnector-repo.maven.apache.org-2-1] INFO  o.e.m.c.i.e.AbstractTransferListenerAdapter - Downloaded https://repo.maven.apache.org/maven2/org/codehaus/plexus/plexus-archiver/4.9.2/plexus-archiver-4.9.2.jar
2025-01-29 01:50:37,117 [BasicRepositoryConnector-repo.maven.apache.org-2-3] INFO  o.e.m.c.i.e.AbstractTransferListenerAdapter - Downloaded https://repo.maven.apache.org/maven2/org/apache/commons/commons-compress/1.26.1/commons-compress-1.26.1.jar
2025-01-29 01:50:37,124 [BasicRepositoryConnector-repo.maven.apache.org-2-1] INFO  o.e.m.c.i.e.AbstractTransferListenerAdapter - Downloading https://repo.maven.apache.org/maven2/org/iq80/snappy/snappy/0.4/snappy-0.4.jar
2025-01-29 01:50:37,158 [BasicRepositoryConnector-repo.maven.apache.org-2-1] INFO  o.e.m.c.i.e.AbstractTransferListenerAdapter - Downloaded https://repo.maven.apache.org/maven2/org/iq80/snappy/snappy/0.4/snappy-0.4.jar
2025-01-29 01:50:37,177 [BasicRepositoryConnector-repo.maven.apache.org-2-3] INFO  o.e.m.c.i.e.AbstractTransferListenerAdapter - Downloading https://repo.maven.apache.org/maven2/com/github/luben/zstd-jni/1.5.5-11/zstd-jni-1.5.5-11.jar
2025-01-29 01:50:37,363 [BasicRepositoryConnector-repo.maven.apache.org-2-4] INFO  o.e.m.c.i.e.AbstractTransferListenerAdapter - Downloaded https://repo.maven.apache.org/maven2/org/apache/commons/commons-lang3/3.14.0/commons-lang3-3.14.0.jar
2025-01-29 01:50:37,466 [BasicRepositoryConnector-repo.maven.apache.org-2-0] INFO  o.e.m.c.i.e.AbstractTransferListenerAdapter - Downloaded https://repo.maven.apache.org/maven2/commons-io/commons-io/2.16.1/commons-io-2.16.1.jar
2025-01-29 01:50:37,524 [BasicRepositoryConnector-repo.maven.apache.org-2-2] INFO  o.e.m.c.i.e.AbstractTransferListenerAdapter - Downloaded https://repo.maven.apache.org/maven2/commons-codec/commons-codec/1.16.1/commons-codec-1.16.1.jar
2025-01-29 01:50:38,149 [BasicRepositoryConnector-repo.maven.apache.org-2-3] INFO  o.e.m.c.i.e.AbstractTransferListenerAdapter - Downloaded https://repo.maven.apache.org/maven2/com/github/luben/zstd-jni/1.5.5-11/zstd-jni-1.5.5-11.jar
2025-01-29 01:50:38,632 [Worker-5: Creating maven-archetype-quickstart] INFO  o.e.m.j.i.AbstractJavaProjectConfigurator - Adding source folder /test/src/main/java
2025-01-29 01:50:38,637 [Worker-5: Creating maven-archetype-quickstart] INFO  o.e.m.j.i.AbstractJavaProjectConfigurator - Adding resource folder /test/src/main/resources
2025-01-29 01:50:38,642 [Worker-5: Creating maven-archetype-quickstart] INFO  o.e.m.j.i.AbstractJavaProjectConfigurator - Adding source folder /test/src/test/java
2025-01-29 01:50:38,643 [Worker-5: Creating maven-archetype-quickstart] INFO  o.e.m.j.i.AbstractJavaProjectConfigurator - Adding resource folder /test/src/test/resources
2025-01-29 01:50:38,762 [Worker-5: Creating maven-archetype-quickstart] INFO  o.e.m.c.i.p.ProjectConfigurationManager - Imported and configured 1 project(s) in 8 sec
2025-01-29 01:50:39,793 [Worker-8: Download sources and javadoc] INFO  o.e.m.c.i.e.AbstractTransferListenerAdapter - Downloading https://repo.maven.apache.org/maven2/org/junit/jupiter/junit-jupiter-api/5.11.0/junit-jupiter-api-5.11.0-sources.jar
2025-01-29 01:50:39,931 [Worker-7: Building] INFO  o.a.m.s.f.DefaultMavenResourcesFiltering - skip non existing resourceDirectory C:\Users\ADMIN\eclipse-workspace\test\src\main\resources
2025-01-29 01:50:39,943 [Worker-7: Building] INFO  o.a.m.s.f.DefaultMavenResourcesFiltering - skip non existing resourceDirectory C:\Users\ADMIN\eclipse-workspace\test\src\test\resources
2025-01-29 01:50:40,778 [Worker-8: Download sources and javadoc] INFO  o.e.m.c.i.e.AbstractTransferListenerAdapter - Downloaded https://repo.maven.apache.org/maven2/org/junit/jupiter/junit-jupiter-api/5.11.0/junit-jupiter-api-5.11.0-sources.jar
2025-01-29 01:50:40,790 [Worker-8: Download sources and javadoc] INFO  o.e.m.j.internal.DownloadSourcesJob - Downloaded sources for org.junit.jupiter:junit-jupiter-api:5.11.0
2025-01-29 01:50:41,034 [Worker-8: Download sources and javadoc] INFO  o.e.m.c.i.e.AbstractTransferListenerAdapter - Downloading https://repo.maven.apache.org/maven2/org/opentest4j/opentest4j/1.3.0/opentest4j-1.3.0-sources.jar
2025-01-29 01:50:41,068 [Worker-8: Download sources and javadoc] INFO  o.e.m.c.i.e.AbstractTransferListenerAdapter - Downloaded https://repo.maven.apache.org/maven2/org/opentest4j/opentest4j/1.3.0/opentest4j-1.3.0-sources.jar
2025-01-29 01:50:41,078 [Worker-8: Download sources and javadoc] INFO  o.e.m.j.internal.DownloadSourcesJob - Downloaded sources for org.opentest4j:opentest4j:1.3.0
2025-01-29 01:50:41,321 [Worker-8: Download sources and javadoc] INFO  o.e.m.c.i.e.AbstractTransferListenerAdapter - Downloading https://repo.maven.apache.org/maven2/org/junit/platform/junit-platform-commons/1.11.0/junit-platform-commons-1.11.0-sources.jar
2025-01-29 01:50:41,509 [Worker-8: Download sources and javadoc] INFO  o.e.m.c.i.e.AbstractTransferListenerAdapter - Downloaded https://repo.maven.apache.org/maven2/org/junit/platform/junit-platform-commons/1.11.0/junit-platform-commons-1.11.0-sources.jar
2025-01-29 01:50:41,516 [Worker-8: Download sources and javadoc] INFO  o.e.m.j.internal.DownloadSourcesJob - Downloaded sources for org.junit.platform:junit-platform-commons:1.11.0
2025-01-29 01:50:41,725 [Worker-8: Download sources and javadoc] INFO  o.e.m.c.i.e.AbstractTransferListenerAdapter - Downloading https://repo.maven.apache.org/maven2/org/apiguardian/apiguardian-api/1.1.2/apiguardian-api-1.1.2-sources.jar
2025-01-29 01:50:41,740 [Worker-8: Download sources and javadoc] INFO  o.e.m.c.i.e.AbstractTransferListenerAdapter - Downloaded https://repo.maven.apache.org/maven2/org/apiguardian/apiguardian-api/1.1.2/apiguardian-api-1.1.2-sources.jar
2025-01-29 01:50:41,747 [Worker-8: Download sources and javadoc] INFO  o.e.m.j.internal.DownloadSourcesJob - Downloaded sources for org.apiguardian:apiguardian-api:1.1.2
2025-01-29 01:50:41,958 [Worker-8: Download sources and javadoc] INFO  o.e.m.c.i.e.AbstractTransferListenerAdapter - Downloading https://repo.maven.apache.org/maven2/org/junit/jupiter/junit-jupiter-params/5.11.0/junit-jupiter-params-5.11.0-sources.jar
2025-01-29 01:50:42,130 [Worker-8: Download sources and javadoc] INFO  o.e.m.c.i.e.AbstractTransferListenerAdapter - Downloaded https://repo.maven.apache.org/maven2/org/junit/jupiter/junit-jupiter-params/5.11.0/junit-jupiter-params-5.11.0-sources.jar
2025-01-29 01:50:42,136 [Worker-8: Download sources and javadoc] INFO  o.e.m.j.internal.DownloadSourcesJob - Downloaded sources for org.junit.jupiter:junit-jupiter-params:5.11.0
2025-01-29 01:56:33,476 [Worker-10: Building] INFO  o.e.m.c.i.l.LifecycleMappingFactory - Using org.eclipse.m2e.jdt.JarLifecycleMapping lifecycle mapping for MavenProject: com.vc:test:0.0.1-SNAPSHOT @ C:\Users\ADMIN\eclipse-workspace\test\pom.xml.
2025-01-29 01:56:33,710 [Worker-10: Building] INFO  o.e.m.c.i.e.AbstractTransferListenerAdapter - Downloading https://repo.maven.apache.org/maven2/org/junit/jupiter/junit-jupiter-engine/5.11.0/junit-jupiter-engine-5.11.0.pom
2025-01-29 01:56:33,723 [Worker-10: Building] INFO  o.e.m.c.i.e.AbstractTransferListenerAdapter - Downloaded https://repo.maven.apache.org/maven2/org/junit/jupiter/junit-jupiter-engine/5.11.0/junit-jupiter-engine-5.11.0.pom
2025-01-29 01:56:33,843 [Worker-10: Building] INFO  o.e.m.c.i.e.AbstractTransferListenerAdapter - Downloading https://repo.maven.apache.org/maven2/org/junit/platform/junit-platform-engine/1.11.0/junit-platform-engine-1.11.0.pom
2025-01-29 01:56:33,857 [Worker-10: Building] INFO  o.e.m.c.i.e.AbstractTransferListenerAdapter - Downloaded https://repo.maven.apache.org/maven2/org/junit/platform/junit-platform-engine/1.11.0/junit-platform-engine-1.11.0.pom
2025-01-29 01:56:33,923 [Worker-10: Building] INFO  o.e.m.c.i.e.AbstractTransferListenerAdapter - Downloading https://repo.maven.apache.org/maven2/org/testng/testng/7.7.0/testng-7.7.0.pom
2025-01-29 01:56:33,936 [Worker-10: Building] INFO  o.e.m.c.i.e.AbstractTransferListenerAdapter - Downloaded https://repo.maven.apache.org/maven2/org/testng/testng/7.7.0/testng-7.7.0.pom
2025-01-29 01:56:34,032 [Worker-10: Building] INFO  o.e.m.c.i.e.AbstractTransferListenerAdapter - Downloading https://repo.maven.apache.org/maven2/com/beust/jcommander/1.82/jcommander-1.82.pom
2025-01-29 01:56:34,043 [Worker-10: Building] INFO  o.e.m.c.i.e.AbstractTransferListenerAdapter - Downloaded https://repo.maven.apache.org/maven2/com/beust/jcommander/1.82/jcommander-1.82.pom
2025-01-29 01:56:34,110 [Worker-10: Building] INFO  o.e.m.c.i.e.AbstractTransferListenerAdapter - Downloading https://repo.maven.apache.org/maven2/org/webjars/jquery/3.6.1/jquery-3.6.1.pom
2025-01-29 01:56:34,138 [Worker-10: Building] INFO  o.e.m.c.i.e.AbstractTransferListenerAdapter - Downloaded https://repo.maven.apache.org/maven2/org/webjars/jquery/3.6.1/jquery-3.6.1.pom
2025-01-29 01:56:34,240 [Worker-10: Building] INFO  o.e.m.c.i.e.AbstractTransferListenerAdapter - Downloading https://repo.maven.apache.org/maven2/org/sonatype/oss/oss-parent/7/oss-parent-7.pom
2025-01-29 01:56:34,272 [Worker-10: Building] INFO  o.e.m.c.i.e.AbstractTransferListenerAdapter - Downloaded https://repo.maven.apache.org/maven2/org/sonatype/oss/oss-parent/7/oss-parent-7.pom
2025-01-29 01:56:34,347 [Worker-10: Building] INFO  o.e.m.c.i.e.AbstractTransferListenerAdapter - Downloading https://repo.maven.apache.org/maven2/org/apache/poi/poi/5.2.3/poi-5.2.3.pom
2025-01-29 01:56:34,372 [Worker-10: Building] INFO  o.e.m.c.i.e.AbstractTransferListenerAdapter - Downloaded https://repo.maven.apache.org/maven2/org/apache/poi/poi/5.2.3/poi-5.2.3.pom
2025-01-29 01:56:34,423 [Worker-10: Building] INFO  o.e.m.c.i.e.AbstractTransferListenerAdapter - Downloading https://repo.maven.apache.org/maven2/commons-codec/commons-codec/1.15/commons-codec-1.15.pom
2025-01-29 01:56:34,441 [Worker-10: Building] INFO  o.e.m.c.i.e.AbstractTransferListenerAdapter - Downloaded https://repo.maven.apache.org/maven2/commons-codec/commons-codec/1.15/commons-codec-1.15.pom
2025-01-29 01:56:34,510 [Worker-10: Building] INFO  o.e.m.c.i.e.AbstractTransferListenerAdapter - Downloading https://repo.maven.apache.org/maven2/org/apache/commons/commons-collections4/4.4/commons-collections4-4.4.pom
2025-01-29 01:56:34,542 [Worker-10: Building] INFO  o.e.m.c.i.e.AbstractTransferListenerAdapter - Downloaded https://repo.maven.apache.org/maven2/org/apache/commons/commons-collections4/4.4/commons-collections4-4.4.pom
2025-01-29 01:56:34,610 [Worker-10: Building] INFO  o.e.m.c.i.e.AbstractTransferListenerAdapter - Downloading https://repo.maven.apache.org/maven2/org/apache/commons/commons-parent/48/commons-parent-48.pom
2025-01-29 01:56:34,689 [Worker-10: Building] INFO  o.e.m.c.i.e.AbstractTransferListenerAdapter - Downloaded https://repo.maven.apache.org/maven2/org/apache/commons/commons-parent/48/commons-parent-48.pom
2025-01-29 01:56:34,740 [Worker-10: Building] INFO  o.e.m.c.i.e.AbstractTransferListenerAdapter - Downloading https://repo.maven.apache.org/maven2/org/apache/apache/21/apache-21.pom
2025-01-29 01:56:34,756 [Worker-10: Building] INFO  o.e.m.c.i.e.AbstractTransferListenerAdapter - Downloaded https://repo.maven.apache.org/maven2/org/apache/apache/21/apache-21.pom
2025-01-29 01:56:34,811 [Worker-10: Building] INFO  o.e.m.c.i.e.AbstractTransferListenerAdapter - Downloading https://repo.maven.apache.org/maven2/org/apache/commons/commons-math3/3.6.1/commons-math3-3.6.1.pom
2025-01-29 01:56:34,829 [Worker-10: Building] INFO  o.e.m.c.i.e.AbstractTransferListenerAdapter - Downloaded https://repo.maven.apache.org/maven2/org/apache/commons/commons-math3/3.6.1/commons-math3-3.6.1.pom
2025-01-29 01:56:34,905 [Worker-10: Building] INFO  o.e.m.c.i.e.AbstractTransferListenerAdapter - Downloading https://repo.maven.apache.org/maven2/com/zaxxer/SparseBitSet/1.2/SparseBitSet-1.2.pom
2025-01-29 01:56:34,914 [Worker-10: Building] INFO  o.e.m.c.i.e.AbstractTransferListenerAdapter - Downloaded https://repo.maven.apache.org/maven2/com/zaxxer/SparseBitSet/1.2/SparseBitSet-1.2.pom
2025-01-29 01:56:35,006 [Worker-10: Building] INFO  o.e.m.c.i.e.AbstractTransferListenerAdapter - Downloading https://repo.maven.apache.org/maven2/org/apache/logging/log4j/log4j-api/2.18.0/log4j-api-2.18.0.pom
2025-01-29 01:56:35,031 [Worker-10: Building] INFO  o.e.m.c.i.e.AbstractTransferListenerAdapter - Downloaded https://repo.maven.apache.org/maven2/org/apache/logging/log4j/log4j-api/2.18.0/log4j-api-2.18.0.pom
2025-01-29 01:56:35,097 [Worker-10: Building] INFO  o.e.m.c.i.e.AbstractTransferListenerAdapter - Downloading https://repo.maven.apache.org/maven2/org/apache/logging/log4j/log4j/2.18.0/log4j-2.18.0.pom
2025-01-29 01:56:35,154 [Worker-10: Building] INFO  o.e.m.c.i.e.AbstractTransferListenerAdapter - Downloaded https://repo.maven.apache.org/maven2/org/apache/logging/log4j/log4j/2.18.0/log4j-2.18.0.pom
2025-01-29 01:56:35,208 [Worker-10: Building] INFO  o.e.m.c.i.e.AbstractTransferListenerAdapter - Downloading https://repo.maven.apache.org/maven2/org/apache/logging/logging-parent/5/logging-parent-5.pom
2025-01-29 01:56:35,217 [Worker-10: Building] INFO  o.e.m.c.i.e.AbstractTransferListenerAdapter - Downloaded https://repo.maven.apache.org/maven2/org/apache/logging/logging-parent/5/logging-parent-5.pom
2025-01-29 01:56:35,272 [Worker-10: Building] INFO  o.e.m.c.i.e.AbstractTransferListenerAdapter - Downloading https://repo.maven.apache.org/maven2/org/apache/apache/24/apache-24.pom
2025-01-29 01:56:35,289 [Worker-10: Building] INFO  o.e.m.c.i.e.AbstractTransferListenerAdapter - Downloaded https://repo.maven.apache.org/maven2/org/apache/apache/24/apache-24.pom
2025-01-29 01:56:35,358 [Worker-10: Building] INFO  o.e.m.c.i.e.AbstractTransferListenerAdapter - Downloading https://repo.maven.apache.org/maven2/org/apache/poi/poi-ooxml/5.2.3/poi-ooxml-5.2.3.pom
2025-01-29 01:56:35,386 [Worker-10: Building] INFO  o.e.m.c.i.e.AbstractTransferListenerAdapter - Downloaded https://repo.maven.apache.org/maven2/org/apache/poi/poi-ooxml/5.2.3/poi-ooxml-5.2.3.pom
2025-01-29 01:56:35,472 [Worker-10: Building] INFO  o.e.m.c.i.e.AbstractTransferListenerAdapter - Downloading https://repo.maven.apache.org/maven2/org/apache/poi/poi-ooxml-lite/5.2.3/poi-ooxml-lite-5.2.3.pom
2025-01-29 01:56:35,497 [Worker-10: Building] INFO  o.e.m.c.i.e.AbstractTransferListenerAdapter - Downloaded https://repo.maven.apache.org/maven2/org/apache/poi/poi-ooxml-lite/5.2.3/poi-ooxml-lite-5.2.3.pom
2025-01-29 01:56:35,561 [Worker-10: Building] INFO  o.e.m.c.i.e.AbstractTransferListenerAdapter - Downloading https://repo.maven.apache.org/maven2/org/apache/xmlbeans/xmlbeans/5.1.1/xmlbeans-5.1.1.pom
2025-01-29 01:56:35,602 [Worker-10: Building] INFO  o.e.m.c.i.e.AbstractTransferListenerAdapter - Downloaded https://repo.maven.apache.org/maven2/org/apache/xmlbeans/xmlbeans/5.1.1/xmlbeans-5.1.1.pom
2025-01-29 01:56:35,690 [Worker-10: Building] INFO  o.e.m.c.i.e.AbstractTransferListenerAdapter - Downloading https://repo.maven.apache.org/maven2/org/apache/commons/commons-compress/1.21/commons-compress-1.21.pom
2025-01-29 01:56:35,724 [Worker-10: Building] INFO  o.e.m.c.i.e.AbstractTransferListenerAdapter - Downloaded https://repo.maven.apache.org/maven2/org/apache/commons/commons-compress/1.21/commons-compress-1.21.pom
2025-01-29 01:56:35,797 [Worker-10: Building] INFO  o.e.m.c.i.e.AbstractTransferListenerAdapter - Downloading https://repo.maven.apache.org/maven2/com/github/virtuald/curvesapi/1.07/curvesapi-1.07.pom
2025-01-29 01:56:35,826 [Worker-10: Building] INFO  o.e.m.c.i.e.AbstractTransferListenerAdapter - Downloaded https://repo.maven.apache.org/maven2/com/github/virtuald/curvesapi/1.07/curvesapi-1.07.pom
2025-01-29 01:56:35,910 [Worker-10: Building] INFO  o.e.m.c.i.e.AbstractTransferListenerAdapter - Downloading https://repo.maven.apache.org/maven2/org/seleniumhq/selenium/selenium-java/4.5.0/selenium-java-4.5.0.pom
2025-01-29 01:56:35,932 [Worker-10: Building] INFO  o.e.m.c.i.e.AbstractTransferListenerAdapter - Downloaded https://repo.maven.apache.org/maven2/org/seleniumhq/selenium/selenium-java/4.5.0/selenium-java-4.5.0.pom
2025-01-29 01:56:36,015 [Worker-10: Building] INFO  o.e.m.c.i.e.AbstractTransferListenerAdapter - Downloading https://repo.maven.apache.org/maven2/org/seleniumhq/selenium/selenium-api/4.5.0/selenium-api-4.5.0.pom
2025-01-29 01:56:36,037 [Worker-10: Building] INFO  o.e.m.c.i.e.AbstractTransferListenerAdapter - Downloaded https://repo.maven.apache.org/maven2/org/seleniumhq/selenium/selenium-api/4.5.0/selenium-api-4.5.0.pom
2025-01-29 01:56:36,108 [Worker-10: Building] INFO  o.e.m.c.i.e.AbstractTransferListenerAdapter - Downloading https://repo.maven.apache.org/maven2/org/seleniumhq/selenium/selenium-chrome-driver/4.5.0/selenium-chrome-driver-4.5.0.pom
2025-01-29 01:56:36,132 [Worker-10: Building] INFO  o.e.m.c.i.e.AbstractTransferListenerAdapter - Downloaded https://repo.maven.apache.org/maven2/org/seleniumhq/selenium/selenium-chrome-driver/4.5.0/selenium-chrome-driver-4.5.0.pom
2025-01-29 01:56:36,184 [Worker-10: Building] INFO  o.e.m.c.i.e.AbstractTransferListenerAdapter - Downloading https://repo.maven.apache.org/maven2/com/google/auto/service/auto-service-annotations/1.0.1/auto-service-annotations-1.0.1.pom
2025-01-29 01:56:36,193 [Worker-10: Building] INFO  o.e.m.c.i.e.AbstractTransferListenerAdapter - Downloaded https://repo.maven.apache.org/maven2/com/google/auto/service/auto-service-annotations/1.0.1/auto-service-annotations-1.0.1.pom
2025-01-29 01:56:36,269 [Worker-10: Building] INFO  o.e.m.c.i.e.AbstractTransferListenerAdapter - Downloading https://repo.maven.apache.org/maven2/com/google/auto/service/auto-service-aggregator/1.0.1/auto-service-aggregator-1.0.1.pom
2025-01-29 01:56:36,283 [Worker-10: Building] INFO  o.e.m.c.i.e.AbstractTransferListenerAdapter - Downloaded https://repo.maven.apache.org/maven2/com/google/auto/service/auto-service-aggregator/1.0.1/auto-service-aggregator-1.0.1.pom
2025-01-29 01:56:36,347 [Worker-10: Building] INFO  o.e.m.c.i.e.AbstractTransferListenerAdapter - Downloading https://repo.maven.apache.org/maven2/com/google/auto/service/auto-service/1.0.1/auto-service-1.0.1.pom
2025-01-29 01:56:36,368 [Worker-10: Building] INFO  o.e.m.c.i.e.AbstractTransferListenerAdapter - Downloaded https://repo.maven.apache.org/maven2/com/google/auto/service/auto-service/1.0.1/auto-service-1.0.1.pom
2025-01-29 01:56:36,429 [Worker-10: Building] INFO  o.e.m.c.i.e.AbstractTransferListenerAdapter - Downloading https://repo.maven.apache.org/maven2/com/google/auto/auto-common/1.2/auto-common-1.2.pom
2025-01-29 01:56:36,462 [Worker-10: Building] INFO  o.e.m.c.i.e.AbstractTransferListenerAdapter - Downloaded https://repo.maven.apache.org/maven2/com/google/auto/auto-common/1.2/auto-common-1.2.pom
2025-01-29 01:56:36,528 [Worker-10: Building] INFO  o.e.m.c.i.e.AbstractTransferListenerAdapter - Downloading https://repo.maven.apache.org/maven2/com/google/guava/guava/31.0.1-jre/guava-31.0.1-jre.pom
2025-01-29 01:56:36,567 [Worker-10: Building] INFO  o.e.m.c.i.e.AbstractTransferListenerAdapter - Downloaded https://repo.maven.apache.org/maven2/com/google/guava/guava/31.0.1-jre/guava-31.0.1-jre.pom
2025-01-29 01:56:36,630 [Worker-10: Building] INFO  o.e.m.c.i.e.AbstractTransferListenerAdapter - Downloading https://repo.maven.apache.org/maven2/com/google/guava/guava-parent/31.0.1-jre/guava-parent-31.0.1-jre.pom
2025-01-29 01:56:36,665 [Worker-10: Building] INFO  o.e.m.c.i.e.AbstractTransferListenerAdapter - Downloaded https://repo.maven.apache.org/maven2/com/google/guava/guava-parent/31.0.1-jre/guava-parent-31.0.1-jre.pom
2025-01-29 01:56:36,724 [Worker-10: Building] INFO  o.e.m.c.i.e.AbstractTransferListenerAdapter - Downloading https://repo.maven.apache.org/maven2/com/google/guava/failureaccess/1.0.1/failureaccess-1.0.1.pom
2025-01-29 01:56:36,746 [Worker-10: Building] INFO  o.e.m.c.i.e.AbstractTransferListenerAdapter - Downloaded https://repo.maven.apache.org/maven2/com/google/guava/failureaccess/1.0.1/failureaccess-1.0.1.pom
2025-01-29 01:56:36,858 [Worker-10: Building] INFO  o.e.m.c.i.e.AbstractTransferListenerAdapter - Downloading https://repo.maven.apache.org/maven2/com/google/guava/guava-parent/26.0-android/guava-parent-26.0-android.pom
2025-01-29 01:56:36,902 [Worker-10: Building] INFO  o.e.m.c.i.e.AbstractTransferListenerAdapter - Downloaded https://repo.maven.apache.org/maven2/com/google/guava/guava-parent/26.0-android/guava-parent-26.0-android.pom
2025-01-29 01:56:36,986 [Worker-10: Building] INFO  o.e.m.c.i.e.AbstractTransferListenerAdapter - Downloading https://repo.maven.apache.org/maven2/com/google/guava/listenablefuture/9999.0-empty-to-avoid-conflict-with-guava/listenablefuture-9999.0-empty-to-avoid-conflict-with-guava.pom
2025-01-29 01:56:36,997 [Worker-10: Building] INFO  o.e.m.c.i.e.AbstractTransferListenerAdapter - Downloaded https://repo.maven.apache.org/maven2/com/google/guava/listenablefuture/9999.0-empty-to-avoid-conflict-with-guava/listenablefuture-9999.0-empty-to-avoid-conflict-with-guava.pom
2025-01-29 01:56:37,066 [Worker-10: Building] INFO  o.e.m.c.i.e.AbstractTransferListenerAdapter - Downloading https://repo.maven.apache.org/maven2/com/google/code/findbugs/jsr305/3.0.2/jsr305-3.0.2.pom
2025-01-29 01:56:37,081 [Worker-10: Building] INFO  o.e.m.c.i.e.AbstractTransferListenerAdapter - Downloaded https://repo.maven.apache.org/maven2/com/google/code/findbugs/jsr305/3.0.2/jsr305-3.0.2.pom
2025-01-29 01:56:37,152 [Worker-10: Building] INFO  o.e.m.c.i.e.AbstractTransferListenerAdapter - Downloading https://repo.maven.apache.org/maven2/org/checkerframework/checker-qual/3.12.0/checker-qual-3.12.0.pom
2025-01-29 01:56:37,164 [Worker-10: Building] INFO  o.e.m.c.i.e.AbstractTransferListenerAdapter - Downloaded https://repo.maven.apache.org/maven2/org/checkerframework/checker-qual/3.12.0/checker-qual-3.12.0.pom
2025-01-29 01:56:37,226 [Worker-10: Building] INFO  o.e.m.c.i.e.AbstractTransferListenerAdapter - Downloading https://repo.maven.apache.org/maven2/com/google/errorprone/error_prone_annotations/2.7.1/error_prone_annotations-2.7.1.pom
2025-01-29 01:56:37,236 [Worker-10: Building] INFO  o.e.m.c.i.e.AbstractTransferListenerAdapter - Downloaded https://repo.maven.apache.org/maven2/com/google/errorprone/error_prone_annotations/2.7.1/error_prone_annotations-2.7.1.pom
2025-01-29 01:56:37,314 [Worker-10: Building] INFO  o.e.m.c.i.e.AbstractTransferListenerAdapter - Downloading https://repo.maven.apache.org/maven2/com/google/errorprone/error_prone_parent/2.7.1/error_prone_parent-2.7.1.pom
2025-01-29 01:56:37,346 [Worker-10: Building] INFO  o.e.m.c.i.e.AbstractTransferListenerAdapter - Downloaded https://repo.maven.apache.org/maven2/com/google/errorprone/error_prone_parent/2.7.1/error_prone_parent-2.7.1.pom
2025-01-29 01:56:37,404 [Worker-10: Building] INFO  o.e.m.c.i.e.AbstractTransferListenerAdapter - Downloading https://repo.maven.apache.org/maven2/com/google/j2objc/j2objc-annotations/1.3/j2objc-annotations-1.3.pom
2025-01-29 01:56:37,461 [Worker-10: Building] INFO  o.e.m.c.i.e.AbstractTransferListenerAdapter - Downloaded https://repo.maven.apache.org/maven2/com/google/j2objc/j2objc-annotations/1.3/j2objc-annotations-1.3.pom
2025-01-29 01:56:37,519 [Worker-10: Building] INFO  o.e.m.c.i.e.AbstractTransferListenerAdapter - Downloading https://repo.maven.apache.org/maven2/com/google/guava/guava/31.1-jre/guava-31.1-jre.pom
2025-01-29 01:56:37,578 [Worker-10: Building] INFO  o.e.m.c.i.e.AbstractTransferListenerAdapter - Downloaded https://repo.maven.apache.org/maven2/com/google/guava/guava/31.1-jre/guava-31.1-jre.pom
2025-01-29 01:56:37,639 [Worker-10: Building] INFO  o.e.m.c.i.e.AbstractTransferListenerAdapter - Downloading https://repo.maven.apache.org/maven2/com/google/guava/guava-parent/31.1-jre/guava-parent-31.1-jre.pom
2025-01-29 01:56:37,657 [Worker-10: Building] INFO  o.e.m.c.i.e.AbstractTransferListenerAdapter - Downloaded https://repo.maven.apache.org/maven2/com/google/guava/guava-parent/31.1-jre/guava-parent-31.1-jre.pom
2025-01-29 01:56:37,760 [Worker-10: Building] INFO  o.e.m.c.i.e.AbstractTransferListenerAdapter - Downloading https://repo.maven.apache.org/maven2/com/google/errorprone/error_prone_annotations/2.11.0/error_prone_annotations-2.11.0.pom
2025-01-29 01:56:37,774 [Worker-10: Building] INFO  o.e.m.c.i.e.AbstractTransferListenerAdapter - Downloaded https://repo.maven.apache.org/maven2/com/google/errorprone/error_prone_annotations/2.11.0/error_prone_annotations-2.11.0.pom
2025-01-29 01:56:37,828 [Worker-10: Building] INFO  o.e.m.c.i.e.AbstractTransferListenerAdapter - Downloading https://repo.maven.apache.org/maven2/com/google/errorprone/error_prone_parent/2.11.0/error_prone_parent-2.11.0.pom
2025-01-29 01:56:37,852 [Worker-10: Building] INFO  o.e.m.c.i.e.AbstractTransferListenerAdapter - Downloaded https://repo.maven.apache.org/maven2/com/google/errorprone/error_prone_parent/2.11.0/error_prone_parent-2.11.0.pom
2025-01-29 01:56:37,905 [Worker-10: Building] INFO  o.e.m.c.i.e.AbstractTransferListenerAdapter - Downloading https://repo.maven.apache.org/maven2/org/seleniumhq/selenium/selenium-chromium-driver/4.5.0/selenium-chromium-driver-4.5.0.pom
2025-01-29 01:56:37,910 [Worker-10: Building] INFO  o.e.m.c.i.e.AbstractTransferListenerAdapter - Downloaded https://repo.maven.apache.org/maven2/org/seleniumhq/selenium/selenium-chromium-driver/4.5.0/selenium-chromium-driver-4.5.0.pom
2025-01-29 01:56:38,000 [Worker-10: Building] INFO  o.e.m.c.i.e.AbstractTransferListenerAdapter - Downloading https://repo.maven.apache.org/maven2/org/seleniumhq/selenium/selenium-json/4.5.0/selenium-json-4.5.0.pom
2025-01-29 01:56:38,013 [Worker-10: Building] INFO  o.e.m.c.i.e.AbstractTransferListenerAdapter - Downloaded https://repo.maven.apache.org/maven2/org/seleniumhq/selenium/selenium-json/4.5.0/selenium-json-4.5.0.pom
2025-01-29 01:56:38,075 [Worker-10: Building] INFO  o.e.m.c.i.e.AbstractTransferListenerAdapter - Downloading https://repo.maven.apache.org/maven2/org/seleniumhq/selenium/selenium-remote-driver/4.5.0/selenium-remote-driver-4.5.0.pom
2025-01-29 01:56:38,086 [Worker-10: Building] INFO  o.e.m.c.i.e.AbstractTransferListenerAdapter - Downloaded https://repo.maven.apache.org/maven2/org/seleniumhq/selenium/selenium-remote-driver/4.5.0/selenium-remote-driver-4.5.0.pom
2025-01-29 01:56:38,154 [Worker-10: Building] INFO  o.e.m.c.i.e.AbstractTransferListenerAdapter - Downloading https://repo.maven.apache.org/maven2/io/netty/netty-buffer/4.1.79.Final/netty-buffer-4.1.79.Final.pom
2025-01-29 01:56:38,169 [Worker-10: Building] INFO  o.e.m.c.i.e.AbstractTransferListenerAdapter - Downloaded https://repo.maven.apache.org/maven2/io/netty/netty-buffer/4.1.79.Final/netty-buffer-4.1.79.Final.pom
2025-01-29 01:56:38,257 [Worker-10: Building] INFO  o.e.m.c.i.e.AbstractTransferListenerAdapter - Downloading https://repo.maven.apache.org/maven2/io/netty/netty-parent/4.1.79.Final/netty-parent-4.1.79.Final.pom
2025-01-29 01:56:38,294 [Worker-10: Building] INFO  o.e.m.c.i.e.AbstractTransferListenerAdapter - Downloaded https://repo.maven.apache.org/maven2/io/netty/netty-parent/4.1.79.Final/netty-parent-4.1.79.Final.pom
2025-01-29 01:56:38,353 [Worker-10: Building] INFO  o.e.m.c.i.e.AbstractTransferListenerAdapter - Downloading https://repo.maven.apache.org/maven2/io/netty/netty-common/4.1.79.Final/netty-common-4.1.79.Final.pom
2025-01-29 01:56:38,362 [Worker-10: Building] INFO  o.e.m.c.i.e.AbstractTransferListenerAdapter - Downloaded https://repo.maven.apache.org/maven2/io/netty/netty-common/4.1.79.Final/netty-common-4.1.79.Final.pom
2025-01-29 01:56:38,433 [Worker-10: Building] INFO  o.e.m.c.i.e.AbstractTransferListenerAdapter - Downloading https://repo.maven.apache.org/maven2/io/netty/netty-codec-http/4.1.79.Final/netty-codec-http-4.1.79.Final.pom
2025-01-29 01:56:38,447 [Worker-10: Building] INFO  o.e.m.c.i.e.AbstractTransferListenerAdapter - Downloaded https://repo.maven.apache.org/maven2/io/netty/netty-codec-http/4.1.79.Final/netty-codec-http-4.1.79.Final.pom
2025-01-29 01:56:38,507 [Worker-10: Building] INFO  o.e.m.c.i.e.AbstractTransferListenerAdapter - Downloading https://repo.maven.apache.org/maven2/io/netty/netty-transport/4.1.79.Final/netty-transport-4.1.79.Final.pom
2025-01-29 01:56:38,523 [Worker-10: Building] INFO  o.e.m.c.i.e.AbstractTransferListenerAdapter - Downloaded https://repo.maven.apache.org/maven2/io/netty/netty-transport/4.1.79.Final/netty-transport-4.1.79.Final.pom
2025-01-29 01:56:38,636 [Worker-10: Building] INFO  o.e.m.c.i.e.AbstractTransferListenerAdapter - Downloading https://repo.maven.apache.org/maven2/io/netty/netty-resolver/4.1.79.Final/netty-resolver-4.1.79.Final.pom
2025-01-29 01:56:38,648 [Worker-10: Building] INFO  o.e.m.c.i.e.AbstractTransferListenerAdapter - Downloaded https://repo.maven.apache.org/maven2/io/netty/netty-resolver/4.1.79.Final/netty-resolver-4.1.79.Final.pom
2025-01-29 01:56:38,713 [Worker-10: Building] INFO  o.e.m.c.i.e.AbstractTransferListenerAdapter - Downloading https://repo.maven.apache.org/maven2/io/netty/netty-codec/4.1.79.Final/netty-codec-4.1.79.Final.pom
2025-01-29 01:56:38,729 [Worker-10: Building] INFO  o.e.m.c.i.e.AbstractTransferListenerAdapter - Downloaded https://repo.maven.apache.org/maven2/io/netty/netty-codec/4.1.79.Final/netty-codec-4.1.79.Final.pom
2025-01-29 01:56:38,808 [Worker-10: Building] INFO  o.e.m.c.i.e.AbstractTransferListenerAdapter - Downloading https://repo.maven.apache.org/maven2/io/netty/netty-handler/4.1.79.Final/netty-handler-4.1.79.Final.pom
2025-01-29 01:56:38,839 [Worker-10: Building] INFO  o.e.m.c.i.e.AbstractTransferListenerAdapter - Downloaded https://repo.maven.apache.org/maven2/io/netty/netty-handler/4.1.79.Final/netty-handler-4.1.79.Final.pom
2025-01-29 01:56:38,906 [Worker-10: Building] INFO  o.e.m.c.i.e.AbstractTransferListenerAdapter - Downloading https://repo.maven.apache.org/maven2/io/netty/netty-transport-native-unix-common/4.1.79.Final/netty-transport-native-unix-common-4.1.79.Final.pom
2025-01-29 01:56:38,922 [Worker-10: Building] INFO  o.e.m.c.i.e.AbstractTransferListenerAdapter - Downloaded https://repo.maven.apache.org/maven2/io/netty/netty-transport-native-unix-common/4.1.79.Final/netty-transport-native-unix-common-4.1.79.Final.pom
2025-01-29 01:56:38,986 [Worker-10: Building] INFO  o.e.m.c.i.e.AbstractTransferListenerAdapter - Downloading https://repo.maven.apache.org/maven2/io/netty/netty-transport-classes-epoll/4.1.79.Final/netty-transport-classes-epoll-4.1.79.Final.pom
2025-01-29 01:56:38,994 [Worker-10: Building] INFO  o.e.m.c.i.e.AbstractTransferListenerAdapter - Downloaded https://repo.maven.apache.org/maven2/io/netty/netty-transport-classes-epoll/4.1.79.Final/netty-transport-classes-epoll-4.1.79.Final.pom
2025-01-29 01:56:39,067 [Worker-10: Building] INFO  o.e.m.c.i.e.AbstractTransferListenerAdapter - Downloading https://repo.maven.apache.org/maven2/io/netty/netty-transport-classes-kqueue/4.1.79.Final/netty-transport-classes-kqueue-4.1.79.Final.pom
2025-01-29 01:56:39,076 [Worker-10: Building] INFO  o.e.m.c.i.e.AbstractTransferListenerAdapter - Downloaded https://repo.maven.apache.org/maven2/io/netty/netty-transport-classes-kqueue/4.1.79.Final/netty-transport-classes-kqueue-4.1.79.Final.pom
2025-01-29 01:56:39,153 [Worker-10: Building] INFO  o.e.m.c.i.e.AbstractTransferListenerAdapter - Downloading https://repo.maven.apache.org/maven2/io/netty/netty-transport-native-epoll/4.1.79.Final/netty-transport-native-epoll-4.1.79.Final.pom
2025-01-29 01:56:39,167 [Worker-10: Building] INFO  o.e.m.c.i.e.AbstractTransferListenerAdapter - Downloaded https://repo.maven.apache.org/maven2/io/netty/netty-transport-native-epoll/4.1.79.Final/netty-transport-native-epoll-4.1.79.Final.pom
2025-01-29 01:56:39,224 [Worker-10: Building] INFO  o.e.m.c.i.e.AbstractTransferListenerAdapter - Downloading https://repo.maven.apache.org/maven2/io/netty/netty-transport-native-kqueue/4.1.79.Final/netty-transport-native-kqueue-4.1.79.Final.pom
2025-01-29 01:56:39,244 [Worker-10: Building] INFO  o.e.m.c.i.e.AbstractTransferListenerAdapter - Downloaded https://repo.maven.apache.org/maven2/io/netty/netty-transport-native-kqueue/4.1.79.Final/netty-transport-native-kqueue-4.1.79.Final.pom
2025-01-29 01:56:39,304 [Worker-10: Building] INFO  o.e.m.c.i.e.AbstractTransferListenerAdapter - Downloading https://repo.maven.apache.org/maven2/io/opentelemetry/opentelemetry-api/1.17.0/opentelemetry-api-1.17.0.pom
2025-01-29 01:56:39,315 [Worker-10: Building] INFO  o.e.m.c.i.e.AbstractTransferListenerAdapter - Downloaded https://repo.maven.apache.org/maven2/io/opentelemetry/opentelemetry-api/1.17.0/opentelemetry-api-1.17.0.pom
2025-01-29 01:56:39,390 [Worker-10: Building] INFO  o.e.m.c.i.e.AbstractTransferListenerAdapter - Downloading https://repo.maven.apache.org/maven2/io/opentelemetry/opentelemetry-context/1.17.0/opentelemetry-context-1.17.0.pom
2025-01-29 01:56:39,404 [Worker-10: Building] INFO  o.e.m.c.i.e.AbstractTransferListenerAdapter - Downloaded https://repo.maven.apache.org/maven2/io/opentelemetry/opentelemetry-context/1.17.0/opentelemetry-context-1.17.0.pom
2025-01-29 01:56:39,477 [Worker-10: Building] INFO  o.e.m.c.i.e.AbstractTransferListenerAdapter - Downloading https://repo.maven.apache.org/maven2/io/opentelemetry/opentelemetry-exporter-logging/1.17.0/opentelemetry-exporter-logging-1.17.0.pom
2025-01-29 01:56:39,498 [Worker-10: Building] INFO  o.e.m.c.i.e.AbstractTransferListenerAdapter - Downloaded https://repo.maven.apache.org/maven2/io/opentelemetry/opentelemetry-exporter-logging/1.17.0/opentelemetry-exporter-logging-1.17.0.pom
2025-01-29 01:56:39,595 [Worker-10: Building] INFO  o.e.m.c.i.e.AbstractTransferListenerAdapter - Downloading https://repo.maven.apache.org/maven2/io/opentelemetry/opentelemetry-sdk/1.17.0/opentelemetry-sdk-1.17.0.pom
2025-01-29 01:56:39,613 [Worker-10: Building] INFO  o.e.m.c.i.e.AbstractTransferListenerAdapter - Downloaded https://repo.maven.apache.org/maven2/io/opentelemetry/opentelemetry-sdk/1.17.0/opentelemetry-sdk-1.17.0.pom
2025-01-29 01:56:39,680 [Worker-10: Building] INFO  o.e.m.c.i.e.AbstractTransferListenerAdapter - Downloading https://repo.maven.apache.org/maven2/io/opentelemetry/opentelemetry-sdk-common/1.17.0/opentelemetry-sdk-common-1.17.0.pom
2025-01-29 01:56:39,695 [Worker-10: Building] INFO  o.e.m.c.i.e.AbstractTransferListenerAdapter - Downloaded https://repo.maven.apache.org/maven2/io/opentelemetry/opentelemetry-sdk-common/1.17.0/opentelemetry-sdk-common-1.17.0.pom
2025-01-29 01:56:39,775 [Worker-10: Building] INFO  o.e.m.c.i.e.AbstractTransferListenerAdapter - Downloading https://repo.maven.apache.org/maven2/io/opentelemetry/opentelemetry-semconv/1.17.0-alpha/opentelemetry-semconv-1.17.0-alpha.pom
2025-01-29 01:56:39,807 [Worker-10: Building] INFO  o.e.m.c.i.e.AbstractTransferListenerAdapter - Downloaded https://repo.maven.apache.org/maven2/io/opentelemetry/opentelemetry-semconv/1.17.0-alpha/opentelemetry-semconv-1.17.0-alpha.pom
2025-01-29 01:56:39,919 [Worker-10: Building] INFO  o.e.m.c.i.e.AbstractTransferListenerAdapter - Downloading https://repo.maven.apache.org/maven2/io/opentelemetry/opentelemetry-sdk-trace/1.17.0/opentelemetry-sdk-trace-1.17.0.pom
2025-01-29 01:56:39,934 [Worker-10: Building] INFO  o.e.m.c.i.e.AbstractTransferListenerAdapter - Downloaded https://repo.maven.apache.org/maven2/io/opentelemetry/opentelemetry-sdk-trace/1.17.0/opentelemetry-sdk-trace-1.17.0.pom
2025-01-29 01:56:39,996 [Worker-10: Building] INFO  o.e.m.c.i.e.AbstractTransferListenerAdapter - Downloading https://repo.maven.apache.org/maven2/io/opentelemetry/opentelemetry-sdk-metrics/1.17.0/opentelemetry-sdk-metrics-1.17.0.pom
2025-01-29 01:56:40,033 [Worker-10: Building] INFO  o.e.m.c.i.e.AbstractTransferListenerAdapter - Downloaded https://repo.maven.apache.org/maven2/io/opentelemetry/opentelemetry-sdk-metrics/1.17.0/opentelemetry-sdk-metrics-1.17.0.pom
2025-01-29 01:56:40,134 [Worker-10: Building] INFO  o.e.m.c.i.e.AbstractTransferListenerAdapter - Downloading https://repo.maven.apache.org/maven2/io/opentelemetry/opentelemetry-sdk-logs/1.17.0-alpha/opentelemetry-sdk-logs-1.17.0-alpha.pom
2025-01-29 01:56:40,156 [Worker-10: Building] INFO  o.e.m.c.i.e.AbstractTransferListenerAdapter - Downloaded https://repo.maven.apache.org/maven2/io/opentelemetry/opentelemetry-sdk-logs/1.17.0-alpha/opentelemetry-sdk-logs-1.17.0-alpha.pom
2025-01-29 01:56:40,241 [Worker-10: Building] INFO  o.e.m.c.i.e.AbstractTransferListenerAdapter - Downloading https://repo.maven.apache.org/maven2/io/opentelemetry/opentelemetry-sdk-extension-autoconfigure-spi/1.17.0/opentelemetry-sdk-extension-autoconfigure-spi-1.17.0.pom
2025-01-29 01:56:40,259 [Worker-10: Building] INFO  o.e.m.c.i.e.AbstractTransferListenerAdapter - Downloaded https://repo.maven.apache.org/maven2/io/opentelemetry/opentelemetry-sdk-extension-autoconfigure-spi/1.17.0/opentelemetry-sdk-extension-autoconfigure-spi-1.17.0.pom
2025-01-29 01:56:40,325 [Worker-10: Building] INFO  o.e.m.c.i.e.AbstractTransferListenerAdapter - Downloading https://repo.maven.apache.org/maven2/io/opentelemetry/opentelemetry-sdk-extension-autoconfigure/1.17.0-alpha/opentelemetry-sdk-extension-autoconfigure-1.17.0-alpha.pom
2025-01-29 01:56:40,366 [Worker-10: Building] INFO  o.e.m.c.i.e.AbstractTransferListenerAdapter - Downloaded https://repo.maven.apache.org/maven2/io/opentelemetry/opentelemetry-sdk-extension-autoconfigure/1.17.0-alpha/opentelemetry-sdk-extension-autoconfigure-1.17.0-alpha.pom
2025-01-29 01:56:40,443 [Worker-10: Building] INFO  o.e.m.c.i.e.AbstractTransferListenerAdapter - Downloading https://repo.maven.apache.org/maven2/io/opentelemetry/opentelemetry-exporter-common/1.17.0/opentelemetry-exporter-common-1.17.0.pom
2025-01-29 01:56:40,475 [Worker-10: Building] INFO  o.e.m.c.i.e.AbstractTransferListenerAdapter - Downloaded https://repo.maven.apache.org/maven2/io/opentelemetry/opentelemetry-exporter-common/1.17.0/opentelemetry-exporter-common-1.17.0.pom
2025-01-29 01:56:40,541 [Worker-10: Building] INFO  o.e.m.c.i.e.AbstractTransferListenerAdapter - Downloading https://repo.maven.apache.org/maven2/io/ous/jtoml/2.0.0/jtoml-2.0.0.pom
2025-01-29 01:56:40,574 [Worker-10: Building] INFO  o.e.m.c.i.e.AbstractTransferListenerAdapter - Downloaded https://repo.maven.apache.org/maven2/io/ous/jtoml/2.0.0/jtoml-2.0.0.pom
2025-01-29 01:56:40,696 [Worker-10: Building] INFO  o.e.m.c.i.e.AbstractTransferListenerAdapter - Downloading https://repo.maven.apache.org/maven2/net/bytebuddy/byte-buddy/1.12.14/byte-buddy-1.12.14.pom
2025-01-29 01:56:40,715 [Worker-10: Building] INFO  o.e.m.c.i.e.AbstractTransferListenerAdapter - Downloaded https://repo.maven.apache.org/maven2/net/bytebuddy/byte-buddy/1.12.14/byte-buddy-1.12.14.pom
2025-01-29 01:56:40,790 [Worker-10: Building] INFO  o.e.m.c.i.e.AbstractTransferListenerAdapter - Downloading https://repo.maven.apache.org/maven2/net/bytebuddy/byte-buddy-parent/1.12.14/byte-buddy-parent-1.12.14.pom
2025-01-29 01:56:40,827 [Worker-10: Building] INFO  o.e.m.c.i.e.AbstractTransferListenerAdapter - Downloaded https://repo.maven.apache.org/maven2/net/bytebuddy/byte-buddy-parent/1.12.14/byte-buddy-parent-1.12.14.pom
2025-01-29 01:56:40,881 [Worker-10: Building] INFO  o.e.m.c.i.e.AbstractTransferListenerAdapter - Downloading https://repo.maven.apache.org/maven2/org/apache/commons/commons-exec/1.3/commons-exec-1.3.pom
2025-01-29 01:56:40,890 [Worker-10: Building] INFO  o.e.m.c.i.e.AbstractTransferListenerAdapter - Downloaded https://repo.maven.apache.org/maven2/org/apache/commons/commons-exec/1.3/commons-exec-1.3.pom
2025-01-29 01:56:40,946 [Worker-10: Building] INFO  o.e.m.c.i.e.AbstractTransferListenerAdapter - Downloading https://repo.maven.apache.org/maven2/org/apache/commons/commons-parent/35/commons-parent-35.pom
2025-01-29 01:56:40,980 [Worker-10: Building] INFO  o.e.m.c.i.e.AbstractTransferListenerAdapter - Downloaded https://repo.maven.apache.org/maven2/org/apache/commons/commons-parent/35/commons-parent-35.pom
2025-01-29 01:56:41,034 [Worker-10: Building] INFO  o.e.m.c.i.e.AbstractTransferListenerAdapter - Downloading https://repo.maven.apache.org/maven2/org/apache/apache/15/apache-15.pom
2025-01-29 01:56:41,043 [Worker-10: Building] INFO  o.e.m.c.i.e.AbstractTransferListenerAdapter - Downloaded https://repo.maven.apache.org/maven2/org/apache/apache/15/apache-15.pom
2025-01-29 01:56:41,113 [Worker-10: Building] INFO  o.e.m.c.i.e.AbstractTransferListenerAdapter - Downloading https://repo.maven.apache.org/maven2/org/asynchttpclient/async-http-client/2.12.3/async-http-client-2.12.3.pom
2025-01-29 01:56:41,125 [Worker-10: Building] INFO  o.e.m.c.i.e.AbstractTransferListenerAdapter - Downloaded https://repo.maven.apache.org/maven2/org/asynchttpclient/async-http-client/2.12.3/async-http-client-2.12.3.pom
2025-01-29 01:56:41,187 [Worker-10: Building] INFO  o.e.m.c.i.e.AbstractTransferListenerAdapter - Downloading https://repo.maven.apache.org/maven2/org/asynchttpclient/async-http-client-project/2.12.3/async-http-client-project-2.12.3.pom
2025-01-29 01:56:41,214 [Worker-10: Building] INFO  o.e.m.c.i.e.AbstractTransferListenerAdapter - Downloaded https://repo.maven.apache.org/maven2/org/asynchttpclient/async-http-client-project/2.12.3/async-http-client-project-2.12.3.pom
2025-01-29 01:56:41,275 [Worker-10: Building] INFO  o.e.m.c.i.e.AbstractTransferListenerAdapter - Downloading https://repo.maven.apache.org/maven2/org/asynchttpclient/async-http-client-netty-utils/2.12.3/async-http-client-netty-utils-2.12.3.pom
2025-01-29 01:56:41,285 [Worker-10: Building] INFO  o.e.m.c.i.e.AbstractTransferListenerAdapter - Downloaded https://repo.maven.apache.org/maven2/org/asynchttpclient/async-http-client-netty-utils/2.12.3/async-http-client-netty-utils-2.12.3.pom
2025-01-29 01:56:41,346 [Worker-10: Building] INFO  o.e.m.c.i.e.AbstractTransferListenerAdapter - Downloading https://repo.maven.apache.org/maven2/io/netty/netty-buffer/4.1.60.Final/netty-buffer-4.1.60.Final.pom
2025-01-29 01:56:41,354 [Worker-10: Building] INFO  o.e.m.c.i.e.AbstractTransferListenerAdapter - Downloaded https://repo.maven.apache.org/maven2/io/netty/netty-buffer/4.1.60.Final/netty-buffer-4.1.60.Final.pom
2025-01-29 01:56:41,433 [Worker-10: Building] INFO  o.e.m.c.i.e.AbstractTransferListenerAdapter - Downloading https://repo.maven.apache.org/maven2/io/netty/netty-parent/4.1.60.Final/netty-parent-4.1.60.Final.pom
2025-01-29 01:56:41,481 [Worker-10: Building] INFO  o.e.m.c.i.e.AbstractTransferListenerAdapter - Downloaded https://repo.maven.apache.org/maven2/io/netty/netty-parent/4.1.60.Final/netty-parent-4.1.60.Final.pom
2025-01-29 01:56:41,547 [Worker-10: Building] INFO  o.e.m.c.i.e.AbstractTransferListenerAdapter - Downloading https://repo.maven.apache.org/maven2/io/netty/netty-common/4.1.60.Final/netty-common-4.1.60.Final.pom
2025-01-29 01:56:41,563 [Worker-10: Building] INFO  o.e.m.c.i.e.AbstractTransferListenerAdapter - Downloaded https://repo.maven.apache.org/maven2/io/netty/netty-common/4.1.60.Final/netty-common-4.1.60.Final.pom
2025-01-29 01:56:41,624 [Worker-10: Building] INFO  o.e.m.c.i.e.AbstractTransferListenerAdapter - Downloading https://repo.maven.apache.org/maven2/org/slf4j/slf4j-api/1.7.30/slf4j-api-1.7.30.pom
2025-01-29 01:56:41,640 [Worker-10: Building] INFO  o.e.m.c.i.e.AbstractTransferListenerAdapter - Downloaded https://repo.maven.apache.org/maven2/org/slf4j/slf4j-api/1.7.30/slf4j-api-1.7.30.pom
2025-01-29 01:56:41,706 [Worker-10: Building] INFO  o.e.m.c.i.e.AbstractTransferListenerAdapter - Downloading https://repo.maven.apache.org/maven2/org/slf4j/slf4j-parent/1.7.30/slf4j-parent-1.7.30.pom
2025-01-29 01:56:41,723 [Worker-10: Building] INFO  o.e.m.c.i.e.AbstractTransferListenerAdapter - Downloaded https://repo.maven.apache.org/maven2/org/slf4j/slf4j-parent/1.7.30/slf4j-parent-1.7.30.pom
2025-01-29 01:56:41,790 [Worker-10: Building] INFO  o.e.m.c.i.e.AbstractTransferListenerAdapter - Downloading https://repo.maven.apache.org/maven2/com/sun/activation/jakarta.activation/1.2.2/jakarta.activation-1.2.2.pom
2025-01-29 01:56:41,810 [Worker-10: Building] INFO  o.e.m.c.i.e.AbstractTransferListenerAdapter - Downloaded https://repo.maven.apache.org/maven2/com/sun/activation/jakarta.activation/1.2.2/jakarta.activation-1.2.2.pom
2025-01-29 01:56:41,875 [Worker-10: Building] INFO  o.e.m.c.i.e.AbstractTransferListenerAdapter - Downloading https://repo.maven.apache.org/maven2/com/sun/activation/all/1.2.2/all-1.2.2.pom
2025-01-29 01:56:41,896 [Worker-10: Building] INFO  o.e.m.c.i.e.AbstractTransferListenerAdapter - Downloaded https://repo.maven.apache.org/maven2/com/sun/activation/all/1.2.2/all-1.2.2.pom
2025-01-29 01:56:41,955 [Worker-10: Building] INFO  o.e.m.c.i.e.AbstractTransferListenerAdapter - Downloading https://repo.maven.apache.org/maven2/org/eclipse/ee4j/project/1.0.6/project-1.0.6.pom
2025-01-29 01:56:41,992 [Worker-10: Building] INFO  o.e.m.c.i.e.AbstractTransferListenerAdapter - Downloaded https://repo.maven.apache.org/maven2/org/eclipse/ee4j/project/1.0.6/project-1.0.6.pom
2025-01-29 01:56:42,069 [Worker-10: Building] INFO  o.e.m.c.i.e.AbstractTransferListenerAdapter - Downloading https://repo.maven.apache.org/maven2/io/netty/netty-codec-http/4.1.60.Final/netty-codec-http-4.1.60.Final.pom
2025-01-29 01:56:42,106 [Worker-10: Building] INFO  o.e.m.c.i.e.AbstractTransferListenerAdapter - Downloaded https://repo.maven.apache.org/maven2/io/netty/netty-codec-http/4.1.60.Final/netty-codec-http-4.1.60.Final.pom
2025-01-29 01:56:42,157 [Worker-10: Building] INFO  o.e.m.c.i.e.AbstractTransferListenerAdapter - Downloading https://repo.maven.apache.org/maven2/io/netty/netty-transport/4.1.60.Final/netty-transport-4.1.60.Final.pom
2025-01-29 01:56:42,172 [Worker-10: Building] INFO  o.e.m.c.i.e.AbstractTransferListenerAdapter - Downloaded https://repo.maven.apache.org/maven2/io/netty/netty-transport/4.1.60.Final/netty-transport-4.1.60.Final.pom
2025-01-29 01:56:42,227 [Worker-10: Building] INFO  o.e.m.c.i.e.AbstractTransferListenerAdapter - Downloading https://repo.maven.apache.org/maven2/io/netty/netty-resolver/4.1.60.Final/netty-resolver-4.1.60.Final.pom
2025-01-29 01:56:42,244 [Worker-10: Building] INFO  o.e.m.c.i.e.AbstractTransferListenerAdapter - Downloaded https://repo.maven.apache.org/maven2/io/netty/netty-resolver/4.1.60.Final/netty-resolver-4.1.60.Final.pom
2025-01-29 01:56:42,308 [Worker-10: Building] INFO  o.e.m.c.i.e.AbstractTransferListenerAdapter - Downloading https://repo.maven.apache.org/maven2/io/netty/netty-codec/4.1.60.Final/netty-codec-4.1.60.Final.pom
2025-01-29 01:56:42,321 [Worker-10: Building] INFO  o.e.m.c.i.e.AbstractTransferListenerAdapter - Downloaded https://repo.maven.apache.org/maven2/io/netty/netty-codec/4.1.60.Final/netty-codec-4.1.60.Final.pom
2025-01-29 01:56:42,394 [Worker-10: Building] INFO  o.e.m.c.i.e.AbstractTransferListenerAdapter - Downloading https://repo.maven.apache.org/maven2/io/netty/netty-handler/4.1.60.Final/netty-handler-4.1.60.Final.pom
2025-01-29 01:56:42,433 [Worker-10: Building] INFO  o.e.m.c.i.e.AbstractTransferListenerAdapter - Downloaded https://repo.maven.apache.org/maven2/io/netty/netty-handler/4.1.60.Final/netty-handler-4.1.60.Final.pom
2025-01-29 01:56:42,520 [Worker-10: Building] INFO  o.e.m.c.i.e.AbstractTransferListenerAdapter - Downloading https://repo.maven.apache.org/maven2/io/netty/netty-codec-socks/4.1.60.Final/netty-codec-socks-4.1.60.Final.pom
2025-01-29 01:56:42,541 [Worker-10: Building] INFO  o.e.m.c.i.e.AbstractTransferListenerAdapter - Downloaded https://repo.maven.apache.org/maven2/io/netty/netty-codec-socks/4.1.60.Final/netty-codec-socks-4.1.60.Final.pom
2025-01-29 01:56:42,617 [Worker-10: Building] INFO  o.e.m.c.i.e.AbstractTransferListenerAdapter - Downloading https://repo.maven.apache.org/maven2/io/netty/netty-handler-proxy/4.1.60.Final/netty-handler-proxy-4.1.60.Final.pom
2025-01-29 01:56:42,640 [Worker-10: Building] INFO  o.e.m.c.i.e.AbstractTransferListenerAdapter - Downloaded https://repo.maven.apache.org/maven2/io/netty/netty-handler-proxy/4.1.60.Final/netty-handler-proxy-4.1.60.Final.pom
2025-01-29 01:56:42,716 [Worker-10: Building] INFO  o.e.m.c.i.e.AbstractTransferListenerAdapter - Downloading https://repo.maven.apache.org/maven2/io/netty/netty-transport-native-epoll/4.1.60.Final/netty-transport-native-epoll-4.1.60.Final.pom
2025-01-29 01:56:42,749 [Worker-10: Building] INFO  o.e.m.c.i.e.AbstractTransferListenerAdapter - Downloaded https://repo.maven.apache.org/maven2/io/netty/netty-transport-native-epoll/4.1.60.Final/netty-transport-native-epoll-4.1.60.Final.pom
2025-01-29 01:56:42,879 [Worker-10: Building] INFO  o.e.m.c.i.e.AbstractTransferListenerAdapter - Downloading https://repo.maven.apache.org/maven2/io/netty/netty-transport-native-unix-common/4.1.60.Final/netty-transport-native-unix-common-4.1.60.Final.pom
2025-01-29 01:56:42,899 [Worker-10: Building] INFO  o.e.m.c.i.e.AbstractTransferListenerAdapter - Downloaded https://repo.maven.apache.org/maven2/io/netty/netty-transport-native-unix-common/4.1.60.Final/netty-transport-native-unix-common-4.1.60.Final.pom
2025-01-29 01:56:42,986 [Worker-10: Building] INFO  o.e.m.c.i.e.AbstractTransferListenerAdapter - Downloading https://repo.maven.apache.org/maven2/io/netty/netty-transport-native-kqueue/4.1.60.Final/netty-transport-native-kqueue-4.1.60.Final.pom
2025-01-29 01:56:43,008 [Worker-10: Building] INFO  o.e.m.c.i.e.AbstractTransferListenerAdapter - Downloaded https://repo.maven.apache.org/maven2/io/netty/netty-transport-native-kqueue/4.1.60.Final/netty-transport-native-kqueue-4.1.60.Final.pom
2025-01-29 01:56:43,125 [Worker-10: Building] INFO  o.e.m.c.i.e.AbstractTransferListenerAdapter - Downloading https://repo.maven.apache.org/maven2/org/reactivestreams/reactive-streams/1.0.3/reactive-streams-1.0.3.pom
2025-01-29 01:56:43,165 [Worker-10: Building] INFO  o.e.m.c.i.e.AbstractTransferListenerAdapter - Downloaded https://repo.maven.apache.org/maven2/org/reactivestreams/reactive-streams/1.0.3/reactive-streams-1.0.3.pom
2025-01-29 01:56:43,236 [Worker-10: Building] INFO  o.e.m.c.i.e.AbstractTransferListenerAdapter - Downloading https://repo.maven.apache.org/maven2/com/typesafe/netty/netty-reactive-streams/2.0.4/netty-reactive-streams-2.0.4.pom
2025-01-29 01:56:43,247 [Worker-10: Building] INFO  o.e.m.c.i.e.AbstractTransferListenerAdapter - Downloaded https://repo.maven.apache.org/maven2/com/typesafe/netty/netty-reactive-streams/2.0.4/netty-reactive-streams-2.0.4.pom
2025-01-29 01:56:43,351 [Worker-10: Building] INFO  o.e.m.c.i.e.AbstractTransferListenerAdapter - Downloading https://repo.maven.apache.org/maven2/com/typesafe/netty/netty-reactive-streams-parent/2.0.4/netty-reactive-streams-parent-2.0.4.pom
2025-01-29 01:56:43,361 [Worker-10: Building] INFO  o.e.m.c.i.e.AbstractTransferListenerAdapter - Downloaded https://repo.maven.apache.org/maven2/com/typesafe/netty/netty-reactive-streams-parent/2.0.4/netty-reactive-streams-parent-2.0.4.pom
2025-01-29 01:56:43,428 [Worker-10: Building] INFO  o.e.m.c.i.e.AbstractTransferListenerAdapter - Downloading https://repo.maven.apache.org/maven2/io/netty/netty-handler/4.1.43.Final/netty-handler-4.1.43.Final.pom
2025-01-29 01:56:43,443 [Worker-10: Building] INFO  o.e.m.c.i.e.AbstractTransferListenerAdapter - Downloaded https://repo.maven.apache.org/maven2/io/netty/netty-handler/4.1.43.Final/netty-handler-4.1.43.Final.pom
2025-01-29 01:56:43,511 [Worker-10: Building] INFO  o.e.m.c.i.e.AbstractTransferListenerAdapter - Downloading https://repo.maven.apache.org/maven2/io/netty/netty-parent/4.1.43.Final/netty-parent-4.1.43.Final.pom
2025-01-29 01:56:43,545 [Worker-10: Building] INFO  o.e.m.c.i.e.AbstractTransferListenerAdapter - Downloaded https://repo.maven.apache.org/maven2/io/netty/netty-parent/4.1.43.Final/netty-parent-4.1.43.Final.pom
2025-01-29 01:56:43,616 [Worker-10: Building] INFO  o.e.m.c.i.e.AbstractTransferListenerAdapter - Downloading https://repo.maven.apache.org/maven2/io/netty/netty-common/4.1.43.Final/netty-common-4.1.43.Final.pom
2025-01-29 01:56:43,642 [Worker-10: Building] INFO  o.e.m.c.i.e.AbstractTransferListenerAdapter - Downloaded https://repo.maven.apache.org/maven2/io/netty/netty-common/4.1.43.Final/netty-common-4.1.43.Final.pom
2025-01-29 01:56:43,708 [Worker-10: Building] INFO  o.e.m.c.i.e.AbstractTransferListenerAdapter - Downloading https://repo.maven.apache.org/maven2/io/netty/netty-buffer/4.1.43.Final/netty-buffer-4.1.43.Final.pom
2025-01-29 01:56:43,721 [Worker-10: Building] INFO  o.e.m.c.i.e.AbstractTransferListenerAdapter - Downloaded https://repo.maven.apache.org/maven2/io/netty/netty-buffer/4.1.43.Final/netty-buffer-4.1.43.Final.pom
2025-01-29 01:56:43,843 [Worker-10: Building] INFO  o.e.m.c.i.e.AbstractTransferListenerAdapter - Downloading https://repo.maven.apache.org/maven2/io/netty/netty-transport/4.1.43.Final/netty-transport-4.1.43.Final.pom
2025-01-29 01:56:43,883 [Worker-10: Building] INFO  o.e.m.c.i.e.AbstractTransferListenerAdapter - Downloaded https://repo.maven.apache.org/maven2/io/netty/netty-transport/4.1.43.Final/netty-transport-4.1.43.Final.pom
2025-01-29 01:56:43,994 [Worker-10: Building] INFO  o.e.m.c.i.e.AbstractTransferListenerAdapter - Downloading https://repo.maven.apache.org/maven2/io/netty/netty-resolver/4.1.43.Final/netty-resolver-4.1.43.Final.pom
2025-01-29 01:56:44,012 [Worker-10: Building] INFO  o.e.m.c.i.e.AbstractTransferListenerAdapter - Downloaded https://repo.maven.apache.org/maven2/io/netty/netty-resolver/4.1.43.Final/netty-resolver-4.1.43.Final.pom
2025-01-29 01:56:44,085 [Worker-10: Building] INFO  o.e.m.c.i.e.AbstractTransferListenerAdapter - Downloading https://repo.maven.apache.org/maven2/io/netty/netty-codec/4.1.43.Final/netty-codec-4.1.43.Final.pom
2025-01-29 01:56:44,102 [Worker-10: Building] INFO  o.e.m.c.i.e.AbstractTransferListenerAdapter - Downloaded https://repo.maven.apache.org/maven2/io/netty/netty-codec/4.1.43.Final/netty-codec-4.1.43.Final.pom
2025-01-29 01:56:44,176 [Worker-10: Building] INFO  o.e.m.c.i.e.AbstractTransferListenerAdapter - Downloading https://repo.maven.apache.org/maven2/org/seleniumhq/selenium/selenium-http/4.5.0/selenium-http-4.5.0.pom
2025-01-29 01:56:44,192 [Worker-10: Building] INFO  o.e.m.c.i.e.AbstractTransferListenerAdapter - Downloaded https://repo.maven.apache.org/maven2/org/seleniumhq/selenium/selenium-http/4.5.0/selenium-http-4.5.0.pom
2025-01-29 01:56:44,254 [Worker-10: Building] INFO  o.e.m.c.i.e.AbstractTransferListenerAdapter - Downloading https://repo.maven.apache.org/maven2/dev/failsafe/failsafe/3.2.4/failsafe-3.2.4.pom
2025-01-29 01:56:44,260 [Worker-10: Building] INFO  o.e.m.c.i.e.AbstractTransferListenerAdapter - Downloaded https://repo.maven.apache.org/maven2/dev/failsafe/failsafe/3.2.4/failsafe-3.2.4.pom
2025-01-29 01:56:44,364 [Worker-10: Building] INFO  o.e.m.c.i.e.AbstractTransferListenerAdapter - Downloading https://repo.maven.apache.org/maven2/dev/failsafe/failsafe-parent/3.2.4/failsafe-parent-3.2.4.pom
2025-01-29 01:56:44,381 [Worker-10: Building] INFO  o.e.m.c.i.e.AbstractTransferListenerAdapter - Downloaded https://repo.maven.apache.org/maven2/dev/failsafe/failsafe-parent/3.2.4/failsafe-parent-3.2.4.pom
2025-01-29 01:56:44,441 [Worker-10: Building] INFO  o.e.m.c.i.e.AbstractTransferListenerAdapter - Downloading https://repo.maven.apache.org/maven2/org/seleniumhq/selenium/selenium-devtools-v104/4.5.0/selenium-devtools-v104-4.5.0.pom
2025-01-29 01:56:44,470 [Worker-10: Building] INFO  o.e.m.c.i.e.AbstractTransferListenerAdapter - Downloaded https://repo.maven.apache.org/maven2/org/seleniumhq/selenium/selenium-devtools-v104/4.5.0/selenium-devtools-v104-4.5.0.pom
2025-01-29 01:56:44,557 [Worker-10: Building] INFO  o.e.m.c.i.e.AbstractTransferListenerAdapter - Downloading https://repo.maven.apache.org/maven2/org/seleniumhq/selenium/selenium-devtools-v105/4.5.0/selenium-devtools-v105-4.5.0.pom
2025-01-29 01:56:44,582 [Worker-10: Building] INFO  o.e.m.c.i.e.AbstractTransferListenerAdapter - Downloaded https://repo.maven.apache.org/maven2/org/seleniumhq/selenium/selenium-devtools-v105/4.5.0/selenium-devtools-v105-4.5.0.pom
2025-01-29 01:56:44,649 [Worker-10: Building] INFO  o.e.m.c.i.e.AbstractTransferListenerAdapter - Downloading https://repo.maven.apache.org/maven2/org/seleniumhq/selenium/selenium-devtools-v106/4.5.0/selenium-devtools-v106-4.5.0.pom
2025-01-29 01:56:44,678 [Worker-10: Building] INFO  o.e.m.c.i.e.AbstractTransferListenerAdapter - Downloaded https://repo.maven.apache.org/maven2/org/seleniumhq/selenium/selenium-devtools-v106/4.5.0/selenium-devtools-v106-4.5.0.pom
2025-01-29 01:56:44,755 [Worker-10: Building] INFO  o.e.m.c.i.e.AbstractTransferListenerAdapter - Downloading https://repo.maven.apache.org/maven2/org/seleniumhq/selenium/selenium-devtools-v85/4.5.0/selenium-devtools-v85-4.5.0.pom
2025-01-29 01:56:44,781 [Worker-10: Building] INFO  o.e.m.c.i.e.AbstractTransferListenerAdapter - Downloaded https://repo.maven.apache.org/maven2/org/seleniumhq/selenium/selenium-devtools-v85/4.5.0/selenium-devtools-v85-4.5.0.pom
2025-01-29 01:56:44,852 [Worker-10: Building] INFO  o.e.m.c.i.e.AbstractTransferListenerAdapter - Downloading https://repo.maven.apache.org/maven2/org/seleniumhq/selenium/selenium-edge-driver/4.5.0/selenium-edge-driver-4.5.0.pom
2025-01-29 01:56:44,876 [Worker-10: Building] INFO  o.e.m.c.i.e.AbstractTransferListenerAdapter - Downloaded https://repo.maven.apache.org/maven2/org/seleniumhq/selenium/selenium-edge-driver/4.5.0/selenium-edge-driver-4.5.0.pom
2025-01-29 01:56:44,952 [Worker-10: Building] INFO  o.e.m.c.i.e.AbstractTransferListenerAdapter - Downloading https://repo.maven.apache.org/maven2/org/seleniumhq/selenium/selenium-firefox-driver/4.5.0/selenium-firefox-driver-4.5.0.pom
2025-01-29 01:56:44,973 [Worker-10: Building] INFO  o.e.m.c.i.e.AbstractTransferListenerAdapter - Downloaded https://repo.maven.apache.org/maven2/org/seleniumhq/selenium/selenium-firefox-driver/4.5.0/selenium-firefox-driver-4.5.0.pom
2025-01-29 01:56:45,050 [Worker-10: Building] INFO  o.e.m.c.i.e.AbstractTransferListenerAdapter - Downloading https://repo.maven.apache.org/maven2/org/seleniumhq/selenium/selenium-ie-driver/4.5.0/selenium-ie-driver-4.5.0.pom
2025-01-29 01:56:45,077 [Worker-10: Building] INFO  o.e.m.c.i.e.AbstractTransferListenerAdapter - Downloaded https://repo.maven.apache.org/maven2/org/seleniumhq/selenium/selenium-ie-driver/4.5.0/selenium-ie-driver-4.5.0.pom
2025-01-29 01:56:45,148 [Worker-10: Building] INFO  o.e.m.c.i.e.AbstractTransferListenerAdapter - Downloading https://repo.maven.apache.org/maven2/org/seleniumhq/selenium/selenium-safari-driver/4.5.0/selenium-safari-driver-4.5.0.pom
2025-01-29 01:56:45,173 [Worker-10: Building] INFO  o.e.m.c.i.e.AbstractTransferListenerAdapter - Downloaded https://repo.maven.apache.org/maven2/org/seleniumhq/selenium/selenium-safari-driver/4.5.0/selenium-safari-driver-4.5.0.pom
2025-01-29 01:56:45,234 [Worker-10: Building] INFO  o.e.m.c.i.e.AbstractTransferListenerAdapter - Downloading https://repo.maven.apache.org/maven2/org/seleniumhq/selenium/selenium-support/4.5.0/selenium-support-4.5.0.pom
2025-01-29 01:56:45,248 [Worker-10: Building] INFO  o.e.m.c.i.e.AbstractTransferListenerAdapter - Downloaded https://repo.maven.apache.org/maven2/org/seleniumhq/selenium/selenium-support/4.5.0/selenium-support-4.5.0.pom
2025-01-29 01:56:45,304 [Worker-10: Building] INFO  o.e.m.c.i.e.AbstractTransferListenerAdapter - Downloading https://repo.maven.apache.org/maven2/io/cucumber/cucumber-java/7.13.0/cucumber-java-7.13.0.pom
2025-01-29 01:56:45,341 [Worker-10: Building] INFO  o.e.m.c.i.e.AbstractTransferListenerAdapter - Downloaded https://repo.maven.apache.org/maven2/io/cucumber/cucumber-java/7.13.0/cucumber-java-7.13.0.pom
2025-01-29 01:56:45,408 [Worker-10: Building] INFO  o.e.m.c.i.e.AbstractTransferListenerAdapter - Downloading https://repo.maven.apache.org/maven2/io/cucumber/cucumber-jvm/7.13.0/cucumber-jvm-7.13.0.pom
2025-01-29 01:56:45,448 [Worker-10: Building] INFO  o.e.m.c.i.e.AbstractTransferListenerAdapter - Downloaded https://repo.maven.apache.org/maven2/io/cucumber/cucumber-jvm/7.13.0/cucumber-jvm-7.13.0.pom
2025-01-29 01:56:45,510 [Worker-10: Building] INFO  o.e.m.c.i.e.AbstractTransferListenerAdapter - Downloading https://repo.maven.apache.org/maven2/io/cucumber/cucumber-parent/4.1.1/cucumber-parent-4.1.1.pom
2025-01-29 01:56:45,553 [Worker-10: Building] INFO  o.e.m.c.i.e.AbstractTransferListenerAdapter - Downloaded https://repo.maven.apache.org/maven2/io/cucumber/cucumber-parent/4.1.1/cucumber-parent-4.1.1.pom
2025-01-29 01:56:45,612 [Worker-10: Building] INFO  o.e.m.c.i.e.AbstractTransferListenerAdapter - Downloading https://repo.maven.apache.org/maven2/io/cucumber/cucumber-bom/7.13.0/cucumber-bom-7.13.0.pom
2025-01-29 01:56:45,657 [Worker-10: Building] INFO  o.e.m.c.i.e.AbstractTransferListenerAdapter - Downloaded https://repo.maven.apache.org/maven2/io/cucumber/cucumber-bom/7.13.0/cucumber-bom-7.13.0.pom
2025-01-29 01:56:45,756 [Worker-10: Building] INFO  o.e.m.c.i.e.AbstractTransferListenerAdapter - Downloading https://repo.maven.apache.org/maven2/com/fasterxml/jackson/jackson-bom/2.15.2/jackson-bom-2.15.2.pom
2025-01-29 01:56:45,793 [Worker-10: Building] INFO  o.e.m.c.i.e.AbstractTransferListenerAdapter - Downloaded https://repo.maven.apache.org/maven2/com/fasterxml/jackson/jackson-bom/2.15.2/jackson-bom-2.15.2.pom
2025-01-29 01:56:45,868 [Worker-10: Building] INFO  o.e.m.c.i.e.AbstractTransferListenerAdapter - Downloading https://repo.maven.apache.org/maven2/com/fasterxml/jackson/jackson-parent/2.15/jackson-parent-2.15.pom
2025-01-29 01:56:45,895 [Worker-10: Building] INFO  o.e.m.c.i.e.AbstractTransferListenerAdapter - Downloaded https://repo.maven.apache.org/maven2/com/fasterxml/jackson/jackson-parent/2.15/jackson-parent-2.15.pom
2025-01-29 01:56:45,960 [Worker-10: Building] INFO  o.e.m.c.i.e.AbstractTransferListenerAdapter - Downloading https://repo.maven.apache.org/maven2/com/fasterxml/oss-parent/50/oss-parent-50.pom
2025-01-29 01:56:45,991 [Worker-10: Building] INFO  o.e.m.c.i.e.AbstractTransferListenerAdapter - Downloaded https://repo.maven.apache.org/maven2/com/fasterxml/oss-parent/50/oss-parent-50.pom
2025-01-29 01:56:46,067 [Worker-10: Building] INFO  o.e.m.c.i.e.AbstractTransferListenerAdapter - Downloading https://repo.maven.apache.org/maven2/io/cucumber/cucumber-core/7.13.0/cucumber-core-7.13.0.pom
2025-01-29 01:56:46,077 [Worker-10: Building] INFO  o.e.m.c.i.e.AbstractTransferListenerAdapter - Downloaded https://repo.maven.apache.org/maven2/io/cucumber/cucumber-core/7.13.0/cucumber-core-7.13.0.pom
2025-01-29 01:56:46,145 [Worker-10: Building] INFO  o.e.m.c.i.e.AbstractTransferListenerAdapter - Downloading https://repo.maven.apache.org/maven2/io/cucumber/cucumber-gherkin/7.13.0/cucumber-gherkin-7.13.0.pom
2025-01-29 01:56:46,153 [Worker-10: Building] INFO  o.e.m.c.i.e.AbstractTransferListenerAdapter - Downloaded https://repo.maven.apache.org/maven2/io/cucumber/cucumber-gherkin/7.13.0/cucumber-gherkin-7.13.0.pom
2025-01-29 01:56:46,227 [Worker-10: Building] INFO  o.e.m.c.i.e.AbstractTransferListenerAdapter - Downloading https://repo.maven.apache.org/maven2/io/cucumber/cucumber-plugin/7.13.0/cucumber-plugin-7.13.0.pom
2025-01-29 01:56:46,236 [Worker-10: Building] INFO  o.e.m.c.i.e.AbstractTransferListenerAdapter - Downloaded https://repo.maven.apache.org/maven2/io/cucumber/cucumber-plugin/7.13.0/cucumber-plugin-7.13.0.pom
2025-01-29 01:56:46,311 [Worker-10: Building] INFO  o.e.m.c.i.e.AbstractTransferListenerAdapter - Downloading https://repo.maven.apache.org/maven2/io/cucumber/cucumber-gherkin-messages/7.13.0/cucumber-gherkin-messages-7.13.0.pom
2025-01-29 01:56:46,323 [Worker-10: Building] INFO  o.e.m.c.i.e.AbstractTransferListenerAdapter - Downloaded https://repo.maven.apache.org/maven2/io/cucumber/cucumber-gherkin-messages/7.13.0/cucumber-gherkin-messages-7.13.0.pom
2025-01-29 01:56:46,396 [Worker-10: Building] INFO  o.e.m.c.i.e.AbstractTransferListenerAdapter - Downloading https://repo.maven.apache.org/maven2/io/cucumber/gherkin/26.2.0/gherkin-26.2.0.pom
2025-01-29 01:56:46,406 [Worker-10: Building] INFO  o.e.m.c.i.e.AbstractTransferListenerAdapter - Downloaded https://repo.maven.apache.org/maven2/io/cucumber/gherkin/26.2.0/gherkin-26.2.0.pom
2025-01-29 01:56:46,471 [Worker-10: Building] INFO  o.e.m.c.i.e.AbstractTransferListenerAdapter - Downloading https://repo.maven.apache.org/maven2/com/fasterxml/jackson/jackson-bom/2.14.2/jackson-bom-2.14.2.pom
2025-01-29 01:56:46,492 [Worker-10: Building] INFO  o.e.m.c.i.e.AbstractTransferListenerAdapter - Downloaded https://repo.maven.apache.org/maven2/com/fasterxml/jackson/jackson-bom/2.14.2/jackson-bom-2.14.2.pom
2025-01-29 01:56:46,551 [Worker-10: Building] INFO  o.e.m.c.i.e.AbstractTransferListenerAdapter - Downloading https://repo.maven.apache.org/maven2/com/fasterxml/jackson/jackson-parent/2.14/jackson-parent-2.14.pom
2025-01-29 01:56:46,564 [Worker-10: Building] INFO  o.e.m.c.i.e.AbstractTransferListenerAdapter - Downloaded https://repo.maven.apache.org/maven2/com/fasterxml/jackson/jackson-parent/2.14/jackson-parent-2.14.pom
2025-01-29 01:56:46,636 [Worker-10: Building] INFO  o.e.m.c.i.e.AbstractTransferListenerAdapter - Downloading https://repo.maven.apache.org/maven2/com/fasterxml/oss-parent/48/oss-parent-48.pom
2025-01-29 01:56:46,656 [Worker-10: Building] INFO  o.e.m.c.i.e.AbstractTransferListenerAdapter - Downloaded https://repo.maven.apache.org/maven2/com/fasterxml/oss-parent/48/oss-parent-48.pom
2025-01-29 01:56:46,709 [Worker-10: Building] INFO  o.e.m.c.i.e.AbstractTransferListenerAdapter - Downloading https://repo.maven.apache.org/maven2/org/junit/junit-bom/5.9.2/junit-bom-5.9.2.pom
2025-01-29 01:56:46,721 [Worker-10: Building] INFO  o.e.m.c.i.e.AbstractTransferListenerAdapter - Downloaded https://repo.maven.apache.org/maven2/org/junit/junit-bom/5.9.2/junit-bom-5.9.2.pom
2025-01-29 01:56:46,792 [Worker-10: Building] INFO  o.e.m.c.i.e.AbstractTransferListenerAdapter - Downloading https://repo.maven.apache.org/maven2/io/cucumber/messages/maven-metadata.xml
2025-01-29 01:56:46,799 [Worker-10: Building] INFO  o.e.m.c.i.e.AbstractTransferListenerAdapter - Downloaded https://repo.maven.apache.org/maven2/io/cucumber/messages/maven-metadata.xml
2025-01-29 01:56:46,848 [Worker-10: Building] INFO  o.e.m.c.i.e.AbstractTransferListenerAdapter - Downloading https://repo.maven.apache.org/maven2/io/cucumber/messages/19.1.4/messages-19.1.4.pom
2025-01-29 01:56:46,856 [Worker-10: Building] INFO  o.e.m.c.i.e.AbstractTransferListenerAdapter - Downloaded https://repo.maven.apache.org/maven2/io/cucumber/messages/19.1.4/messages-19.1.4.pom
2025-01-29 01:56:46,904 [Worker-10: Building] INFO  o.e.m.c.i.e.AbstractTransferListenerAdapter - Downloading https://repo.maven.apache.org/maven2/io/cucumber/cucumber-parent/3.0.0/cucumber-parent-3.0.0.pom
2025-01-29 01:56:46,921 [Worker-10: Building] INFO  o.e.m.c.i.e.AbstractTransferListenerAdapter - Downloaded https://repo.maven.apache.org/maven2/io/cucumber/cucumber-parent/3.0.0/cucumber-parent-3.0.0.pom
2025-01-29 01:56:46,964 [Worker-10: Building] INFO  o.e.m.c.i.e.AbstractTransferListenerAdapter - Downloading https://repo.maven.apache.org/maven2/org/junit/junit-bom/5.9.1/junit-bom-5.9.1.pom
2025-01-29 01:56:46,974 [Worker-10: Building] INFO  o.e.m.c.i.e.AbstractTransferListenerAdapter - Downloaded https://repo.maven.apache.org/maven2/org/junit/junit-bom/5.9.1/junit-bom-5.9.1.pom
2025-01-29 01:56:47,028 [Worker-10: Building] INFO  o.e.m.c.i.e.AbstractTransferListenerAdapter - Downloading https://repo.maven.apache.org/maven2/com/fasterxml/jackson/jackson-bom/2.13.4/jackson-bom-2.13.4.pom
2025-01-29 01:56:47,069 [Worker-10: Building] INFO  o.e.m.c.i.e.AbstractTransferListenerAdapter - Downloaded https://repo.maven.apache.org/maven2/com/fasterxml/jackson/jackson-bom/2.13.4/jackson-bom-2.13.4.pom
2025-01-29 01:56:47,123 [Worker-10: Building] INFO  o.e.m.c.i.e.AbstractTransferListenerAdapter - Downloading https://repo.maven.apache.org/maven2/com/fasterxml/jackson/jackson-parent/2.13/jackson-parent-2.13.pom
2025-01-29 01:56:47,130 [Worker-10: Building] INFO  o.e.m.c.i.e.AbstractTransferListenerAdapter - Downloaded https://repo.maven.apache.org/maven2/com/fasterxml/jackson/jackson-parent/2.13/jackson-parent-2.13.pom
2025-01-29 01:56:47,186 [Worker-10: Building] INFO  o.e.m.c.i.e.AbstractTransferListenerAdapter - Downloading https://repo.maven.apache.org/maven2/com/fasterxml/oss-parent/43/oss-parent-43.pom
2025-01-29 01:56:47,196 [Worker-10: Building] INFO  o.e.m.c.i.e.AbstractTransferListenerAdapter - Downloaded https://repo.maven.apache.org/maven2/com/fasterxml/oss-parent/43/oss-parent-43.pom
2025-01-29 01:56:47,253 [Worker-10: Building] INFO  o.e.m.c.i.e.AbstractTransferListenerAdapter - Downloading https://repo.maven.apache.org/maven2/io/cucumber/messages/20.0.0/messages-20.0.0.pom
2025-01-29 01:56:47,272 [Worker-10: Building] INFO  o.e.m.c.i.e.AbstractTransferListenerAdapter - Downloaded https://repo.maven.apache.org/maven2/io/cucumber/messages/20.0.0/messages-20.0.0.pom
2025-01-29 01:56:47,336 [Worker-10: Building] INFO  o.e.m.c.i.e.AbstractTransferListenerAdapter - Downloading https://repo.maven.apache.org/maven2/com/fasterxml/jackson/jackson-bom/2.14.0/jackson-bom-2.14.0.pom
2025-01-29 01:56:47,345 [Worker-10: Building] INFO  o.e.m.c.i.e.AbstractTransferListenerAdapter - Downloaded https://repo.maven.apache.org/maven2/com/fasterxml/jackson/jackson-bom/2.14.0/jackson-bom-2.14.0.pom
2025-01-29 01:56:47,396 [Worker-10: Building] INFO  o.e.m.c.i.e.AbstractTransferListenerAdapter - Downloading https://repo.maven.apache.org/maven2/io/cucumber/messages/21.0.1/messages-21.0.1.pom
2025-01-29 01:56:47,404 [Worker-10: Building] INFO  o.e.m.c.i.e.AbstractTransferListenerAdapter - Downloaded https://repo.maven.apache.org/maven2/io/cucumber/messages/21.0.1/messages-21.0.1.pom
2025-01-29 01:56:47,466 [Worker-10: Building] INFO  o.e.m.c.i.e.AbstractTransferListenerAdapter - Downloading https://repo.maven.apache.org/maven2/com/fasterxml/jackson/jackson-bom/2.14.1/jackson-bom-2.14.1.pom
2025-01-29 01:56:47,484 [Worker-10: Building] INFO  o.e.m.c.i.e.AbstractTransferListenerAdapter - Downloaded https://repo.maven.apache.org/maven2/com/fasterxml/jackson/jackson-bom/2.14.1/jackson-bom-2.14.1.pom
2025-01-29 01:56:47,545 [Worker-10: Building] INFO  o.e.m.c.i.e.AbstractTransferListenerAdapter - Downloading https://repo.maven.apache.org/maven2/io/cucumber/messages/22.0.0/messages-22.0.0.pom
2025-01-29 01:56:47,555 [Worker-10: Building] INFO  o.e.m.c.i.e.AbstractTransferListenerAdapter - Downloaded https://repo.maven.apache.org/maven2/io/cucumber/messages/22.0.0/messages-22.0.0.pom
2025-01-29 01:56:47,628 [Worker-10: Building] INFO  o.e.m.c.i.e.AbstractTransferListenerAdapter - Downloading https://repo.maven.apache.org/maven2/io/cucumber/tag-expressions/5.0.1/tag-expressions-5.0.1.pom
2025-01-29 01:56:47,645 [Worker-10: Building] INFO  o.e.m.c.i.e.AbstractTransferListenerAdapter - Downloaded https://repo.maven.apache.org/maven2/io/cucumber/tag-expressions/5.0.1/tag-expressions-5.0.1.pom
2025-01-29 01:56:47,709 [Worker-10: Building] INFO  o.e.m.c.i.e.AbstractTransferListenerAdapter - Downloading https://repo.maven.apache.org/maven2/io/cucumber/cucumber-expressions/16.1.2/cucumber-expressions-16.1.2.pom
2025-01-29 01:56:47,736 [Worker-10: Building] INFO  o.e.m.c.i.e.AbstractTransferListenerAdapter - Downloaded https://repo.maven.apache.org/maven2/io/cucumber/cucumber-expressions/16.1.2/cucumber-expressions-16.1.2.pom
2025-01-29 01:56:47,795 [Worker-10: Building] INFO  o.e.m.c.i.e.AbstractTransferListenerAdapter - Downloading https://repo.maven.apache.org/maven2/io/cucumber/datatable/7.13.0/datatable-7.13.0.pom
2025-01-29 01:56:47,843 [Worker-10: Building] INFO  o.e.m.c.i.e.AbstractTransferListenerAdapter - Downloaded https://repo.maven.apache.org/maven2/io/cucumber/datatable/7.13.0/datatable-7.13.0.pom
2025-01-29 01:56:47,908 [Worker-10: Building] INFO  o.e.m.c.i.e.AbstractTransferListenerAdapter - Downloading https://repo.maven.apache.org/maven2/io/cucumber/docstring/7.13.0/docstring-7.13.0.pom
2025-01-29 01:56:47,950 [Worker-10: Building] INFO  o.e.m.c.i.e.AbstractTransferListenerAdapter - Downloaded https://repo.maven.apache.org/maven2/io/cucumber/docstring/7.13.0/docstring-7.13.0.pom
2025-01-29 01:56:48,038 [Worker-10: Building] INFO  o.e.m.c.i.e.AbstractTransferListenerAdapter - Downloading https://repo.maven.apache.org/maven2/io/cucumber/html-formatter/20.3.1/html-formatter-20.3.1.pom
2025-01-29 01:56:48,068 [Worker-10: Building] INFO  o.e.m.c.i.e.AbstractTransferListenerAdapter - Downloaded https://repo.maven.apache.org/maven2/io/cucumber/html-formatter/20.3.1/html-formatter-20.3.1.pom
2025-01-29 01:56:48,121 [Worker-10: Building] INFO  o.e.m.c.i.e.AbstractTransferListenerAdapter - Downloading https://repo.maven.apache.org/maven2/io/cucumber/messages/18.0.0/messages-18.0.0.pom
2025-01-29 01:56:48,159 [Worker-10: Building] INFO  o.e.m.c.i.e.AbstractTransferListenerAdapter - Downloaded https://repo.maven.apache.org/maven2/io/cucumber/messages/18.0.0/messages-18.0.0.pom
2025-01-29 01:56:48,208 [Worker-10: Building] INFO  o.e.m.c.i.e.AbstractTransferListenerAdapter - Downloading https://repo.maven.apache.org/maven2/io/cucumber/cucumber-parent/2.3.2/cucumber-parent-2.3.2.pom
2025-01-29 01:56:48,222 [Worker-10: Building] INFO  o.e.m.c.i.e.AbstractTransferListenerAdapter - Downloaded https://repo.maven.apache.org/maven2/io/cucumber/cucumber-parent/2.3.2/cucumber-parent-2.3.2.pom
2025-01-29 01:56:48,320 [Worker-10: Building] INFO  o.e.m.c.i.e.AbstractTransferListenerAdapter - Downloading https://repo.maven.apache.org/maven2/org/junit/junit-bom/5.8.2/junit-bom-5.8.2.pom
2025-01-29 01:56:48,340 [Worker-10: Building] INFO  o.e.m.c.i.e.AbstractTransferListenerAdapter - Downloaded https://repo.maven.apache.org/maven2/org/junit/junit-bom/5.8.2/junit-bom-5.8.2.pom
2025-01-29 01:56:48,408 [Worker-10: Building] INFO  o.e.m.c.i.e.AbstractTransferListenerAdapter - Downloading https://repo.maven.apache.org/maven2/com/fasterxml/jackson/jackson-bom/2.13.2/jackson-bom-2.13.2.pom
2025-01-29 01:56:48,431 [Worker-10: Building] INFO  o.e.m.c.i.e.AbstractTransferListenerAdapter - Downloaded https://repo.maven.apache.org/maven2/com/fasterxml/jackson/jackson-bom/2.13.2/jackson-bom-2.13.2.pom
2025-01-29 01:56:48,503 [Worker-10: Building] INFO  o.e.m.c.i.e.AbstractTransferListenerAdapter - Downloading https://repo.maven.apache.org/maven2/io/cucumber/messages/19.0.0/messages-19.0.0.pom
2025-01-29 01:56:48,529 [Worker-10: Building] INFO  o.e.m.c.i.e.AbstractTransferListenerAdapter - Downloaded https://repo.maven.apache.org/maven2/io/cucumber/messages/19.0.0/messages-19.0.0.pom
2025-01-29 01:56:48,593 [Worker-10: Building] INFO  o.e.m.c.i.e.AbstractTransferListenerAdapter - Downloading https://repo.maven.apache.org/maven2/com/fasterxml/jackson/jackson-bom/2.13.3/jackson-bom-2.13.3.pom
2025-01-29 01:56:48,609 [Worker-10: Building] INFO  o.e.m.c.i.e.AbstractTransferListenerAdapter - Downloaded https://repo.maven.apache.org/maven2/com/fasterxml/jackson/jackson-bom/2.13.3/jackson-bom-2.13.3.pom
2025-01-29 01:56:48,669 [Worker-10: Building] INFO  o.e.m.c.i.e.AbstractTransferListenerAdapter - Downloading https://repo.maven.apache.org/maven2/io/cucumber/messages/19.1.0/messages-19.1.0.pom
2025-01-29 01:56:48,708 [Worker-10: Building] INFO  o.e.m.c.i.e.AbstractTransferListenerAdapter - Downloaded https://repo.maven.apache.org/maven2/io/cucumber/messages/19.1.0/messages-19.1.0.pom
2025-01-29 01:56:48,792 [Worker-10: Building] INFO  o.e.m.c.i.e.AbstractTransferListenerAdapter - Downloading https://repo.maven.apache.org/maven2/io/cucumber/messages/19.1.1/messages-19.1.1.pom
2025-01-29 01:56:48,830 [Worker-10: Building] INFO  o.e.m.c.i.e.AbstractTransferListenerAdapter - Downloaded https://repo.maven.apache.org/maven2/io/cucumber/messages/19.1.1/messages-19.1.1.pom
2025-01-29 01:56:48,887 [Worker-10: Building] INFO  o.e.m.c.i.e.AbstractTransferListenerAdapter - Downloading https://repo.maven.apache.org/maven2/io/cucumber/messages/19.1.2/messages-19.1.2.pom
2025-01-29 01:56:48,918 [Worker-10: Building] INFO  o.e.m.c.i.e.AbstractTransferListenerAdapter - Downloaded https://repo.maven.apache.org/maven2/io/cucumber/messages/19.1.2/messages-19.1.2.pom
2025-01-29 01:56:48,969 [Worker-10: Building] INFO  o.e.m.c.i.e.AbstractTransferListenerAdapter - Downloading https://repo.maven.apache.org/maven2/io/cucumber/messages/19.1.3/messages-19.1.3.pom
2025-01-29 01:56:48,980 [Worker-10: Building] INFO  o.e.m.c.i.e.AbstractTransferListenerAdapter - Downloaded https://repo.maven.apache.org/maven2/io/cucumber/messages/19.1.3/messages-19.1.3.pom
2025-01-29 01:56:49,082 [Worker-10: Building] INFO  o.e.m.c.i.e.AbstractTransferListenerAdapter - Downloading https://repo.maven.apache.org/maven2/org/junit/junit-bom/5.9.0/junit-bom-5.9.0.pom
2025-01-29 01:56:49,098 [Worker-10: Building] INFO  o.e.m.c.i.e.AbstractTransferListenerAdapter - Downloaded https://repo.maven.apache.org/maven2/org/junit/junit-bom/5.9.0/junit-bom-5.9.0.pom
2025-01-29 01:56:49,163 [Worker-10: Building] INFO  o.e.m.c.i.e.AbstractTransferListenerAdapter - Downloading https://repo.maven.apache.org/maven2/io/cucumber/junit-xml-formatter/0.2.0/junit-xml-formatter-0.2.0.pom
2025-01-29 01:56:49,174 [Worker-10: Building] INFO  o.e.m.c.i.e.AbstractTransferListenerAdapter - Downloaded https://repo.maven.apache.org/maven2/io/cucumber/junit-xml-formatter/0.2.0/junit-xml-formatter-0.2.0.pom
2025-01-29 01:56:49,267 [Worker-10: Building] INFO  o.e.m.c.i.e.AbstractTransferListenerAdapter - Downloading https://repo.maven.apache.org/maven2/io/cucumber/ci-environment/9.2.0/ci-environment-9.2.0.pom
2025-01-29 01:56:49,282 [Worker-10: Building] INFO  o.e.m.c.i.e.AbstractTransferListenerAdapter - Downloaded https://repo.maven.apache.org/maven2/io/cucumber/ci-environment/9.2.0/ci-environment-9.2.0.pom
2025-01-29 01:56:49,345 [Worker-10: Building] INFO  o.e.m.c.i.e.AbstractTransferListenerAdapter - Downloading https://repo.maven.apache.org/maven2/com/fasterxml/jackson/jackson-bom/2.15.0/jackson-bom-2.15.0.pom
2025-01-29 01:56:49,370 [Worker-10: Building] INFO  o.e.m.c.i.e.AbstractTransferListenerAdapter - Downloaded https://repo.maven.apache.org/maven2/com/fasterxml/jackson/jackson-bom/2.15.0/jackson-bom-2.15.0.pom
2025-01-29 01:56:49,430 [Worker-10: Building] INFO  o.e.m.c.i.e.AbstractTransferListenerAdapter - Downloading https://repo.maven.apache.org/maven2/io/cucumber/cucumber-junit/7.13.0/cucumber-junit-7.13.0.pom
2025-01-29 01:56:49,456 [Worker-10: Building] INFO  o.e.m.c.i.e.AbstractTransferListenerAdapter - Downloaded https://repo.maven.apache.org/maven2/io/cucumber/cucumber-junit/7.13.0/cucumber-junit-7.13.0.pom
2025-01-29 01:56:49,508 [Worker-10: Building] INFO  o.e.m.c.i.e.AbstractTransferListenerAdapter - Downloading https://repo.maven.apache.org/maven2/junit/junit/4.13.2/junit-4.13.2.pom
2025-01-29 01:56:49,524 [Worker-10: Building] INFO  o.e.m.c.i.e.AbstractTransferListenerAdapter - Downloaded https://repo.maven.apache.org/maven2/junit/junit/4.13.2/junit-4.13.2.pom
2025-01-29 01:56:49,587 [Worker-10: Building] INFO  o.e.m.c.i.e.AbstractTransferListenerAdapter - Downloading https://repo.maven.apache.org/maven2/org/hamcrest/hamcrest-core/1.3/hamcrest-core-1.3.pom
2025-01-29 01:56:49,596 [Worker-10: Building] INFO  o.e.m.c.i.e.AbstractTransferListenerAdapter - Downloaded https://repo.maven.apache.org/maven2/org/hamcrest/hamcrest-core/1.3/hamcrest-core-1.3.pom
2025-01-29 01:56:49,666 [Worker-10: Building] INFO  o.e.m.c.i.e.AbstractTransferListenerAdapter - Downloading https://repo.maven.apache.org/maven2/org/hamcrest/hamcrest-parent/1.3/hamcrest-parent-1.3.pom
2025-01-29 01:56:49,676 [Worker-10: Building] INFO  o.e.m.c.i.e.AbstractTransferListenerAdapter - Downloaded https://repo.maven.apache.org/maven2/org/hamcrest/hamcrest-parent/1.3/hamcrest-parent-1.3.pom
2025-01-29 01:56:49,744 [Worker-10: Building] INFO  o.e.m.c.i.e.AbstractTransferListenerAdapter - Downloading https://repo.maven.apache.org/maven2/io/cucumber/cucumber-testng/7.13.0/cucumber-testng-7.13.0.pom
2025-01-29 01:56:49,754 [Worker-10: Building] INFO  o.e.m.c.i.e.AbstractTransferListenerAdapter - Downloaded https://repo.maven.apache.org/maven2/io/cucumber/cucumber-testng/7.13.0/cucumber-testng-7.13.0.pom
2025-01-29 01:56:49,825 [Worker-10: Building] INFO  o.e.m.c.i.e.AbstractTransferListenerAdapter - Downloading https://repo.maven.apache.org/maven2/org/testng/testng/7.8.0/testng-7.8.0.pom
2025-01-29 01:56:49,837 [Worker-10: Building] INFO  o.e.m.c.i.e.AbstractTransferListenerAdapter - Downloaded https://repo.maven.apache.org/maven2/org/testng/testng/7.8.0/testng-7.8.0.pom
2025-01-29 01:56:49,907 [Worker-10: Building] INFO  o.e.m.c.i.e.AbstractTransferListenerAdapter - Downloading https://repo.maven.apache.org/maven2/io/cucumber/cucumber-spring/7.13.0/cucumber-spring-7.13.0.pom
2025-01-29 01:56:49,932 [Worker-10: Building] INFO  o.e.m.c.i.e.AbstractTransferListenerAdapter - Downloaded https://repo.maven.apache.org/maven2/io/cucumber/cucumber-spring/7.13.0/cucumber-spring-7.13.0.pom
2025-01-29 01:56:49,996 [Worker-10: Building] INFO  o.e.m.c.i.e.AbstractTransferListenerAdapter - Downloaded https://repo.maven.apache.org/maven2/io/cucumber/cucumber-params/7.13.0/cucumber-params-7.13.0.pom
2025-01-29 01:56:50,002 [Worker-10: Building] WARN  o.e.m.c.i.embedder.EclipseLogger - The POM for io.cucumber:cucumber-params:jar:7.13.0 is missing, no dependency information available
2025-01-29 01:56:50,072 [Worker-10: Building] INFO  o.e.m.c.i.e.AbstractTransferListenerAdapter - Downloaded https://repo.maven.apache.org/maven2/io/qameta/allure/allure-cucumber5/2.21.0/allure-cucumber5-2.21.0.pom
2025-01-29 01:56:50,077 [Worker-10: Building] WARN  o.e.m.c.i.embedder.EclipseLogger - The POM for io.qameta.allure:allure-cucumber5:jar:2.21.0 is missing, no dependency information available
2025-01-29 01:56:50,145 [Worker-10: Building] INFO  o.e.m.c.i.e.AbstractTransferListenerAdapter - Downloading https://repo.maven.apache.org/maven2/io/github/bonigarcia/webdrivermanager/5.3.0/webdrivermanager-5.3.0.pom
2025-01-29 01:56:50,154 [Worker-10: Building] INFO  o.e.m.c.i.e.AbstractTransferListenerAdapter - Downloaded https://repo.maven.apache.org/maven2/io/github/bonigarcia/webdrivermanager/5.3.0/webdrivermanager-5.3.0.pom
2025-01-29 01:56:50,204 [Worker-10: Building] INFO  o.e.m.c.i.e.AbstractTransferListenerAdapter - Downloading https://repo.maven.apache.org/maven2/com/google/code/gson/gson/2.9.1/gson-2.9.1.pom
2025-01-29 01:56:50,224 [Worker-10: Building] INFO  o.e.m.c.i.e.AbstractTransferListenerAdapter - Downloaded https://repo.maven.apache.org/maven2/com/google/code/gson/gson/2.9.1/gson-2.9.1.pom
2025-01-29 01:56:50,284 [Worker-10: Building] INFO  o.e.m.c.i.e.AbstractTransferListenerAdapter - Downloading https://repo.maven.apache.org/maven2/com/google/code/gson/gson-parent/2.9.1/gson-parent-2.9.1.pom
2025-01-29 01:56:50,319 [Worker-10: Building] INFO  o.e.m.c.i.e.AbstractTransferListenerAdapter - Downloaded https://repo.maven.apache.org/maven2/com/google/code/gson/gson-parent/2.9.1/gson-parent-2.9.1.pom
2025-01-29 01:56:50,389 [Worker-10: Building] INFO  o.e.m.c.i.e.AbstractTransferListenerAdapter - Downloading https://repo.maven.apache.org/maven2/com/github/docker-java/docker-java/3.2.13/docker-java-3.2.13.pom
2025-01-29 01:56:50,426 [Worker-10: Building] INFO  o.e.m.c.i.e.AbstractTransferListenerAdapter - Downloaded https://repo.maven.apache.org/maven2/com/github/docker-java/docker-java/3.2.13/docker-java-3.2.13.pom
2025-01-29 01:56:50,521 [Worker-10: Building] INFO  o.e.m.c.i.e.AbstractTransferListenerAdapter - Downloading https://repo.maven.apache.org/maven2/com/github/docker-java/docker-java-parent/3.2.13/docker-java-parent-3.2.13.pom
2025-01-29 01:56:50,557 [Worker-10: Building] INFO  o.e.m.c.i.e.AbstractTransferListenerAdapter - Downloaded https://repo.maven.apache.org/maven2/com/github/docker-java/docker-java-parent/3.2.13/docker-java-parent-3.2.13.pom
2025-01-29 01:56:50,625 [Worker-10: Building] INFO  o.e.m.c.i.e.AbstractTransferListenerAdapter - Downloading https://repo.maven.apache.org/maven2/com/github/docker-java/docker-java-core/3.2.13/docker-java-core-3.2.13.pom
2025-01-29 01:56:50,635 [Worker-10: Building] INFO  o.e.m.c.i.e.AbstractTransferListenerAdapter - Downloaded https://repo.maven.apache.org/maven2/com/github/docker-java/docker-java-core/3.2.13/docker-java-core-3.2.13.pom
2025-01-29 01:56:50,679 [Worker-10: Building] INFO  o.e.m.c.i.e.AbstractTransferListenerAdapter - Downloading https://repo.maven.apache.org/maven2/com/github/docker-java/docker-java-api/3.2.13/docker-java-api-3.2.13.pom
2025-01-29 01:56:50,689 [Worker-10: Building] INFO  o.e.m.c.i.e.AbstractTransferListenerAdapter - Downloaded https://repo.maven.apache.org/maven2/com/github/docker-java/docker-java-api/3.2.13/docker-java-api-3.2.13.pom
2025-01-29 01:56:50,746 [Worker-10: Building] INFO  o.e.m.c.i.e.AbstractTransferListenerAdapter - Downloading https://repo.maven.apache.org/maven2/com/fasterxml/jackson/core/jackson-annotations/2.10.3/jackson-annotations-2.10.3.pom
2025-01-29 01:56:50,781 [Worker-10: Building] INFO  o.e.m.c.i.e.AbstractTransferListenerAdapter - Downloaded https://repo.maven.apache.org/maven2/com/fasterxml/jackson/core/jackson-annotations/2.10.3/jackson-annotations-2.10.3.pom
2025-01-29 01:56:50,856 [Worker-10: Building] INFO  o.e.m.c.i.e.AbstractTransferListenerAdapter - Downloading https://repo.maven.apache.org/maven2/com/fasterxml/jackson/jackson-parent/2.10/jackson-parent-2.10.pom
2025-01-29 01:56:50,865 [Worker-10: Building] INFO  o.e.m.c.i.e.AbstractTransferListenerAdapter - Downloaded https://repo.maven.apache.org/maven2/com/fasterxml/jackson/jackson-parent/2.10/jackson-parent-2.10.pom
2025-01-29 01:56:50,916 [Worker-10: Building] INFO  o.e.m.c.i.e.AbstractTransferListenerAdapter - Downloading https://repo.maven.apache.org/maven2/com/fasterxml/oss-parent/38/oss-parent-38.pom
2025-01-29 01:56:50,944 [Worker-10: Building] INFO  o.e.m.c.i.e.AbstractTransferListenerAdapter - Downloaded https://repo.maven.apache.org/maven2/com/fasterxml/oss-parent/38/oss-parent-38.pom
2025-01-29 01:56:51,022 [Worker-10: Building] INFO  o.e.m.c.i.e.AbstractTransferListenerAdapter - Downloading https://repo.maven.apache.org/maven2/com/github/docker-java/docker-java-transport/3.2.13/docker-java-transport-3.2.13.pom
2025-01-29 01:56:51,044 [Worker-10: Building] INFO  o.e.m.c.i.e.AbstractTransferListenerAdapter - Downloaded https://repo.maven.apache.org/maven2/com/github/docker-java/docker-java-transport/3.2.13/docker-java-transport-3.2.13.pom
2025-01-29 01:56:51,201 [Worker-10: Building] INFO  o.e.m.c.i.e.AbstractTransferListenerAdapter - Downloading https://repo.maven.apache.org/maven2/commons-io/commons-io/2.6/commons-io-2.6.pom
2025-01-29 01:56:51,224 [Worker-10: Building] INFO  o.e.m.c.i.e.AbstractTransferListenerAdapter - Downloaded https://repo.maven.apache.org/maven2/commons-io/commons-io/2.6/commons-io-2.6.pom
2025-01-29 01:56:51,341 [Worker-10: Building] INFO  o.e.m.c.i.e.AbstractTransferListenerAdapter - Downloading https://repo.maven.apache.org/maven2/org/apache/commons/commons-parent/42/commons-parent-42.pom
2025-01-29 01:56:51,402 [Worker-10: Building] INFO  o.e.m.c.i.e.AbstractTransferListenerAdapter - Downloaded https://repo.maven.apache.org/maven2/org/apache/commons/commons-parent/42/commons-parent-42.pom
2025-01-29 01:56:51,537 [Worker-10: Building] INFO  o.e.m.c.i.e.AbstractTransferListenerAdapter - Downloading https://repo.maven.apache.org/maven2/org/apache/apache/18/apache-18.pom
2025-01-29 01:56:51,557 [Worker-10: Building] INFO  o.e.m.c.i.e.AbstractTransferListenerAdapter - Downloaded https://repo.maven.apache.org/maven2/org/apache/apache/18/apache-18.pom
2025-01-29 01:56:51,687 [Worker-10: Building] INFO  o.e.m.c.i.e.AbstractTransferListenerAdapter - Downloading https://repo.maven.apache.org/maven2/com/fasterxml/jackson/core/jackson-databind/2.10.3/jackson-databind-2.10.3.pom
2025-01-29 01:56:51,724 [Worker-10: Building] INFO  o.e.m.c.i.e.AbstractTransferListenerAdapter - Downloaded https://repo.maven.apache.org/maven2/com/fasterxml/jackson/core/jackson-databind/2.10.3/jackson-databind-2.10.3.pom
2025-01-29 01:56:51,891 [Worker-10: Building] INFO  o.e.m.c.i.e.AbstractTransferListenerAdapter - Downloading https://repo.maven.apache.org/maven2/com/fasterxml/jackson/jackson-base/2.10.3/jackson-base-2.10.3.pom
2025-01-29 01:56:51,945 [Worker-10: Building] INFO  o.e.m.c.i.e.AbstractTransferListenerAdapter - Downloaded https://repo.maven.apache.org/maven2/com/fasterxml/jackson/jackson-base/2.10.3/jackson-base-2.10.3.pom
2025-01-29 01:56:52,077 [Worker-10: Building] INFO  o.e.m.c.i.e.AbstractTransferListenerAdapter - Downloading https://repo.maven.apache.org/maven2/com/fasterxml/jackson/jackson-bom/2.10.3/jackson-bom-2.10.3.pom
2025-01-29 01:56:52,089 [Worker-10: Building] INFO  o.e.m.c.i.e.AbstractTransferListenerAdapter - Downloaded https://repo.maven.apache.org/maven2/com/fasterxml/jackson/jackson-bom/2.10.3/jackson-bom-2.10.3.pom
2025-01-29 01:56:52,239 [Worker-10: Building] INFO  o.e.m.c.i.e.AbstractTransferListenerAdapter - Downloading https://repo.maven.apache.org/maven2/com/fasterxml/jackson/core/jackson-core/2.10.3/jackson-core-2.10.3.pom
2025-01-29 01:56:52,278 [Worker-10: Building] INFO  o.e.m.c.i.e.AbstractTransferListenerAdapter - Downloaded https://repo.maven.apache.org/maven2/com/fasterxml/jackson/core/jackson-core/2.10.3/jackson-core-2.10.3.pom
2025-01-29 01:56:52,548 [Worker-10: Building] INFO  o.e.m.c.i.e.AbstractTransferListenerAdapter - Downloading https://repo.maven.apache.org/maven2/com/google/guava/guava/19.0/guava-19.0.pom
2025-01-29 01:56:52,562 [Worker-10: Building] INFO  o.e.m.c.i.e.AbstractTransferListenerAdapter - Downloaded https://repo.maven.apache.org/maven2/com/google/guava/guava/19.0/guava-19.0.pom
2025-01-29 01:56:52,791 [Worker-10: Building] INFO  o.e.m.c.i.e.AbstractTransferListenerAdapter - Downloading https://repo.maven.apache.org/maven2/com/google/guava/guava-parent/19.0/guava-parent-19.0.pom
2025-01-29 01:56:52,805 [Worker-10: Building] INFO  o.e.m.c.i.e.AbstractTransferListenerAdapter - Downloaded https://repo.maven.apache.org/maven2/com/google/guava/guava-parent/19.0/guava-parent-19.0.pom
2025-01-29 01:56:53,032 [Worker-10: Building] INFO  o.e.m.c.i.e.AbstractTransferListenerAdapter - Downloading https://repo.maven.apache.org/maven2/org/bouncycastle/bcpkix-jdk15on/1.64/bcpkix-jdk15on-1.64.pom
2025-01-29 01:56:53,041 [Worker-10: Building] INFO  o.e.m.c.i.e.AbstractTransferListenerAdapter - Downloaded https://repo.maven.apache.org/maven2/org/bouncycastle/bcpkix-jdk15on/1.64/bcpkix-jdk15on-1.64.pom
2025-01-29 01:56:53,283 [Worker-10: Building] INFO  o.e.m.c.i.e.AbstractTransferListenerAdapter - Downloading https://repo.maven.apache.org/maven2/org/bouncycastle/bcprov-jdk15on/1.64/bcprov-jdk15on-1.64.pom
2025-01-29 01:56:53,348 [Worker-10: Building] INFO  o.e.m.c.i.e.AbstractTransferListenerAdapter - Downloaded https://repo.maven.apache.org/maven2/org/bouncycastle/bcprov-jdk15on/1.64/bcprov-jdk15on-1.64.pom
2025-01-29 01:56:53,435 [Worker-10: Building] INFO  o.e.m.c.i.e.AbstractTransferListenerAdapter - Downloading https://repo.maven.apache.org/maven2/org/slf4j/jcl-over-slf4j/1.7.30/jcl-over-slf4j-1.7.30.pom
2025-01-29 01:56:53,458 [Worker-10: Building] INFO  o.e.m.c.i.e.AbstractTransferListenerAdapter - Downloaded https://repo.maven.apache.org/maven2/org/slf4j/jcl-over-slf4j/1.7.30/jcl-over-slf4j-1.7.30.pom
2025-01-29 01:56:53,527 [Worker-10: Building] INFO  o.e.m.c.i.e.AbstractTransferListenerAdapter - Downloading https://repo.maven.apache.org/maven2/com/github/docker-java/docker-java-transport-httpclient5/3.2.13/docker-java-transport-httpclient5-3.2.13.pom
2025-01-29 01:56:53,540 [Worker-10: Building] INFO  o.e.m.c.i.e.AbstractTransferListenerAdapter - Downloaded https://repo.maven.apache.org/maven2/com/github/docker-java/docker-java-transport-httpclient5/3.2.13/docker-java-transport-httpclient5-3.2.13.pom
2025-01-29 01:56:53,665 [Worker-10: Building] INFO  o.e.m.c.i.e.AbstractTransferListenerAdapter - Downloading https://repo.maven.apache.org/maven2/org/apache/httpcomponents/client5/httpclient5/5.0.3/httpclient5-5.0.3.pom
2025-01-29 01:56:53,697 [Worker-10: Building] INFO  o.e.m.c.i.e.AbstractTransferListenerAdapter - Downloaded https://repo.maven.apache.org/maven2/org/apache/httpcomponents/client5/httpclient5/5.0.3/httpclient5-5.0.3.pom
2025-01-29 01:56:53,841 [Worker-10: Building] INFO  o.e.m.c.i.e.AbstractTransferListenerAdapter - Downloading https://repo.maven.apache.org/maven2/org/apache/httpcomponents/client5/httpclient5-parent/5.0.3/httpclient5-parent-5.0.3.pom
2025-01-29 01:56:53,884 [Worker-10: Building] INFO  o.e.m.c.i.e.AbstractTransferListenerAdapter - Downloaded https://repo.maven.apache.org/maven2/org/apache/httpcomponents/client5/httpclient5-parent/5.0.3/httpclient5-parent-5.0.3.pom
2025-01-29 01:56:54,103 [Worker-10: Building] INFO  o.e.m.c.i.e.AbstractTransferListenerAdapter - Downloading https://repo.maven.apache.org/maven2/org/apache/httpcomponents/httpcomponents-parent/12/httpcomponents-parent-12.pom
2025-01-29 01:56:54,145 [Worker-10: Building] INFO  o.e.m.c.i.e.AbstractTransferListenerAdapter - Downloaded https://repo.maven.apache.org/maven2/org/apache/httpcomponents/httpcomponents-parent/12/httpcomponents-parent-12.pom
2025-01-29 01:56:54,346 [Worker-10: Building] INFO  o.e.m.c.i.e.AbstractTransferListenerAdapter - Downloading https://repo.maven.apache.org/maven2/org/apache/httpcomponents/core5/httpcore5/5.0.2/httpcore5-5.0.2.pom
2025-01-29 01:56:54,360 [Worker-10: Building] INFO  o.e.m.c.i.e.AbstractTransferListenerAdapter - Downloaded https://repo.maven.apache.org/maven2/org/apache/httpcomponents/core5/httpcore5/5.0.2/httpcore5-5.0.2.pom
2025-01-29 01:56:54,629 [Worker-10: Building] INFO  o.e.m.c.i.e.AbstractTransferListenerAdapter - Downloading https://repo.maven.apache.org/maven2/org/apache/httpcomponents/core5/httpcore5-parent/5.0.2/httpcore5-parent-5.0.2.pom
2025-01-29 01:56:54,643 [Worker-10: Building] INFO  o.e.m.c.i.e.AbstractTransferListenerAdapter - Downloaded https://repo.maven.apache.org/maven2/org/apache/httpcomponents/core5/httpcore5-parent/5.0.2/httpcore5-parent-5.0.2.pom
2025-01-29 01:56:54,787 [Worker-10: Building] INFO  o.e.m.c.i.e.AbstractTransferListenerAdapter - Downloading https://repo.maven.apache.org/maven2/org/slf4j/slf4j-api/1.7.25/slf4j-api-1.7.25.pom
2025-01-29 01:56:54,801 [Worker-10: Building] INFO  o.e.m.c.i.e.AbstractTransferListenerAdapter - Downloaded https://repo.maven.apache.org/maven2/org/slf4j/slf4j-api/1.7.25/slf4j-api-1.7.25.pom
2025-01-29 01:56:54,972 [Worker-10: Building] INFO  o.e.m.c.i.e.AbstractTransferListenerAdapter - Downloading https://repo.maven.apache.org/maven2/org/slf4j/slf4j-parent/1.7.25/slf4j-parent-1.7.25.pom
2025-01-29 01:56:54,991 [Worker-10: Building] INFO  o.e.m.c.i.e.AbstractTransferListenerAdapter - Downloaded https://repo.maven.apache.org/maven2/org/slf4j/slf4j-parent/1.7.25/slf4j-parent-1.7.25.pom
2025-01-29 01:56:55,168 [Worker-10: Building] INFO  o.e.m.c.i.e.AbstractTransferListenerAdapter - Downloading https://repo.maven.apache.org/maven2/commons-codec/commons-codec/1.13/commons-codec-1.13.pom
2025-01-29 01:56:55,199 [Worker-10: Building] INFO  o.e.m.c.i.e.AbstractTransferListenerAdapter - Downloaded https://repo.maven.apache.org/maven2/commons-codec/commons-codec/1.13/commons-codec-1.13.pom
2025-01-29 01:56:55,329 [Worker-10: Building] INFO  o.e.m.c.i.e.AbstractTransferListenerAdapter - Downloading https://repo.maven.apache.org/maven2/net/java/dev/jna/jna/5.8.0/jna-5.8.0.pom
2025-01-29 01:56:55,348 [Worker-10: Building] INFO  o.e.m.c.i.e.AbstractTransferListenerAdapter - Downloaded https://repo.maven.apache.org/maven2/net/java/dev/jna/jna/5.8.0/jna-5.8.0.pom
2025-01-29 01:56:55,556 [Worker-10: Building] INFO  o.e.m.c.i.e.AbstractTransferListenerAdapter - Downloading https://repo.maven.apache.org/maven2/org/brotli/dec/0.1.2/dec-0.1.2.pom
2025-01-29 01:56:55,594 [Worker-10: Building] INFO  o.e.m.c.i.e.AbstractTransferListenerAdapter - Downloaded https://repo.maven.apache.org/maven2/org/brotli/dec/0.1.2/dec-0.1.2.pom
2025-01-29 01:56:55,778 [Worker-10: Building] INFO  o.e.m.c.i.e.AbstractTransferListenerAdapter - Downloading https://repo.maven.apache.org/maven2/org/brotli/parent/0.1.2/parent-0.1.2.pom
2025-01-29 01:56:55,818 [Worker-10: Building] INFO  o.e.m.c.i.e.AbstractTransferListenerAdapter - Downloaded https://repo.maven.apache.org/maven2/org/brotli/parent/0.1.2/parent-0.1.2.pom
2025-01-29 01:56:55,910 [Worker-10: Building] INFO  o.e.m.c.i.e.AbstractTransferListenerAdapter - Downloading https://repo.maven.apache.org/maven2/org/apache/httpcomponents/client5/httpclient5/5.1.3/httpclient5-5.1.3.pom
2025-01-29 01:56:55,923 [Worker-10: Building] INFO  o.e.m.c.i.e.AbstractTransferListenerAdapter - Downloaded https://repo.maven.apache.org/maven2/org/apache/httpcomponents/client5/httpclient5/5.1.3/httpclient5-5.1.3.pom
2025-01-29 01:56:55,986 [Worker-10: Building] INFO  o.e.m.c.i.e.AbstractTransferListenerAdapter - Downloading https://repo.maven.apache.org/maven2/org/apache/httpcomponents/client5/httpclient5-parent/5.1.3/httpclient5-parent-5.1.3.pom
2025-01-29 01:56:56,012 [Worker-10: Building] INFO  o.e.m.c.i.e.AbstractTransferListenerAdapter - Downloaded https://repo.maven.apache.org/maven2/org/apache/httpcomponents/client5/httpclient5-parent/5.1.3/httpclient5-parent-5.1.3.pom
2025-01-29 01:56:56,171 [Worker-10: Building] INFO  o.e.m.c.i.e.AbstractTransferListenerAdapter - Downloading https://repo.maven.apache.org/maven2/org/apache/httpcomponents/core5/httpcore5/5.1.3/httpcore5-5.1.3.pom
2025-01-29 01:56:56,192 [Worker-10: Building] INFO  o.e.m.c.i.e.AbstractTransferListenerAdapter - Downloaded https://repo.maven.apache.org/maven2/org/apache/httpcomponents/core5/httpcore5/5.1.3/httpcore5-5.1.3.pom
2025-01-29 01:56:56,329 [Worker-10: Building] INFO  o.e.m.c.i.e.AbstractTransferListenerAdapter - Downloading https://repo.maven.apache.org/maven2/org/apache/httpcomponents/core5/httpcore5-parent/5.1.3/httpcore5-parent-5.1.3.pom
2025-01-29 01:56:56,367 [Worker-10: Building] INFO  o.e.m.c.i.e.AbstractTransferListenerAdapter - Downloaded https://repo.maven.apache.org/maven2/org/apache/httpcomponents/core5/httpcore5-parent/5.1.3/httpcore5-parent-5.1.3.pom
2025-01-29 01:56:56,423 [Worker-10: Building] INFO  o.e.m.c.i.e.AbstractTransferListenerAdapter - Downloading https://repo.maven.apache.org/maven2/org/apache/httpcomponents/core5/httpcore5-h2/5.1.3/httpcore5-h2-5.1.3.pom
2025-01-29 01:56:56,492 [Worker-10: Building] INFO  o.e.m.c.i.e.AbstractTransferListenerAdapter - Downloaded https://repo.maven.apache.org/maven2/org/apache/httpcomponents/core5/httpcore5-h2/5.1.3/httpcore5-h2-5.1.3.pom
2025-01-29 01:56:56,546 [Worker-10: Building] INFO  o.e.m.c.i.e.AbstractTransferListenerAdapter - Downloading https://repo.maven.apache.org/maven2/org/slf4j/slf4j-simple/1.7.30/slf4j-simple-1.7.30.pom
2025-01-29 01:56:56,585 [Worker-10: Building] INFO  o.e.m.c.i.e.AbstractTransferListenerAdapter - Downloaded https://repo.maven.apache.org/maven2/org/slf4j/slf4j-simple/1.7.30/slf4j-simple-1.7.30.pom
2025-01-29 01:56:56,752 [Worker-10: Building] INFO  o.e.m.c.i.e.AbstractTransferListenerAdapter - Downloading https://repo.maven.apache.org/maven2/org/junit/jupiter/junit-jupiter-engine/5.11.0/junit-jupiter-engine-5.11.0.jar
2025-01-29 01:56:57,170 [Worker-10: Building] INFO  o.e.m.c.i.e.AbstractTransferListenerAdapter - Downloaded https://repo.maven.apache.org/maven2/org/junit/jupiter/junit-jupiter-engine/5.11.0/junit-jupiter-engine-5.11.0.jar
2025-01-29 01:56:57,225 [BasicRepositoryConnector-repo.maven.apache.org-3-0] INFO  o.e.m.c.i.e.AbstractTransferListenerAdapter - Downloading https://repo.maven.apache.org/maven2/org/junit/platform/junit-platform-engine/1.11.0/junit-platform-engine-1.11.0.jar
2025-01-29 01:56:57,459 [BasicRepositoryConnector-repo.maven.apache.org-3-2] INFO  o.e.m.c.i.e.AbstractTransferListenerAdapter - Downloading https://repo.maven.apache.org/maven2/com/beust/jcommander/1.82/jcommander-1.82.jar
2025-01-29 01:56:57,461 [BasicRepositoryConnector-repo.maven.apache.org-3-3] INFO  o.e.m.c.i.e.AbstractTransferListenerAdapter - Downloading https://repo.maven.apache.org/maven2/org/webjars/jquery/3.6.1/jquery-3.6.1.jar
2025-01-29 01:56:57,472 [BasicRepositoryConnector-repo.maven.apache.org-3-1] INFO  o.e.m.c.i.e.AbstractTransferListenerAdapter - Downloading https://repo.maven.apache.org/maven2/org/testng/testng/7.7.0/testng-7.7.0.jar
2025-01-29 01:56:57,509 [BasicRepositoryConnector-repo.maven.apache.org-3-4] INFO  o.e.m.c.i.e.AbstractTransferListenerAdapter - Downloading https://repo.maven.apache.org/maven2/org/apache/poi/poi/5.2.3/poi-5.2.3.jar
2025-01-29 01:56:57,513 [BasicRepositoryConnector-repo.maven.apache.org-3-0] INFO  o.e.m.c.i.e.AbstractTransferListenerAdapter - Downloaded https://repo.maven.apache.org/maven2/org/junit/platform/junit-platform-engine/1.11.0/junit-platform-engine-1.11.0.jar
2025-01-29 01:56:57,658 [BasicRepositoryConnector-repo.maven.apache.org-3-0] INFO  o.e.m.c.i.e.AbstractTransferListenerAdapter - Downloading https://repo.maven.apache.org/maven2/commons-codec/commons-codec/1.15/commons-codec-1.15.jar
2025-01-29 01:56:57,784 [BasicRepositoryConnector-repo.maven.apache.org-3-2] INFO  o.e.m.c.i.e.AbstractTransferListenerAdapter - Downloaded https://repo.maven.apache.org/maven2/com/beust/jcommander/1.82/jcommander-1.82.jar
2025-01-29 01:56:58,013 [BasicRepositoryConnector-repo.maven.apache.org-3-0] INFO  o.e.m.c.i.e.AbstractTransferListenerAdapter - Downloaded https://repo.maven.apache.org/maven2/commons-codec/commons-codec/1.15/commons-codec-1.15.jar
2025-01-29 01:56:58,099 [BasicRepositoryConnector-repo.maven.apache.org-3-2] INFO  o.e.m.c.i.e.AbstractTransferListenerAdapter - Downloading https://repo.maven.apache.org/maven2/org/apache/commons/commons-collections4/4.4/commons-collections4-4.4.jar
2025-01-29 01:56:58,257 [BasicRepositoryConnector-repo.maven.apache.org-3-0] INFO  o.e.m.c.i.e.AbstractTransferListenerAdapter - Downloading https://repo.maven.apache.org/maven2/org/apache/commons/commons-math3/3.6.1/commons-math3-3.6.1.jar
2025-01-29 01:56:59,095 [BasicRepositoryConnector-repo.maven.apache.org-3-3] INFO  o.e.m.c.i.e.AbstractTransferListenerAdapter - Downloaded https://repo.maven.apache.org/maven2/org/webjars/jquery/3.6.1/jquery-3.6.1.jar
2025-01-29 01:56:59,140 [BasicRepositoryConnector-repo.maven.apache.org-3-0] INFO  o.e.m.c.i.e.AbstractTransferListenerAdapter - Downloaded https://repo.maven.apache.org/maven2/org/apache/commons/commons-math3/3.6.1/commons-math3-3.6.1.jar
2025-01-29 01:56:59,260 [BasicRepositoryConnector-repo.maven.apache.org-3-3] INFO  o.e.m.c.i.e.AbstractTransferListenerAdapter - Downloading https://repo.maven.apache.org/maven2/com/zaxxer/SparseBitSet/1.2/SparseBitSet-1.2.jar
2025-01-29 01:56:59,302 [BasicRepositoryConnector-repo.maven.apache.org-3-0] INFO  o.e.m.c.i.e.AbstractTransferListenerAdapter - Downloading https://repo.maven.apache.org/maven2/org/apache/logging/log4j/log4j-api/2.18.0/log4j-api-2.18.0.jar
2025-01-29 01:56:59,334 [BasicRepositoryConnector-repo.maven.apache.org-3-3] INFO  o.e.m.c.i.e.AbstractTransferListenerAdapter - Downloaded https://repo.maven.apache.org/maven2/com/zaxxer/SparseBitSet/1.2/SparseBitSet-1.2.jar
2025-01-29 01:56:59,486 [BasicRepositoryConnector-repo.maven.apache.org-3-2] INFO  o.e.m.c.i.e.AbstractTransferListenerAdapter - Downloaded https://repo.maven.apache.org/maven2/org/apache/commons/commons-collections4/4.4/commons-collections4-4.4.jar
2025-01-29 01:56:59,493 [BasicRepositoryConnector-repo.maven.apache.org-3-3] INFO  o.e.m.c.i.e.AbstractTransferListenerAdapter - Downloading https://repo.maven.apache.org/maven2/org/apache/poi/poi-ooxml/5.2.3/poi-ooxml-5.2.3.jar
2025-01-29 01:56:59,569 [BasicRepositoryConnector-repo.maven.apache.org-3-2] INFO  o.e.m.c.i.e.AbstractTransferListenerAdapter - Downloading https://repo.maven.apache.org/maven2/org/apache/poi/poi-ooxml-lite/5.2.3/poi-ooxml-lite-5.2.3.jar
2025-01-29 01:56:59,602 [BasicRepositoryConnector-repo.maven.apache.org-3-1] INFO  o.e.m.c.i.e.AbstractTransferListenerAdapter - Downloaded https://repo.maven.apache.org/maven2/org/testng/testng/7.7.0/testng-7.7.0.jar
2025-01-29 01:56:59,686 [BasicRepositoryConnector-repo.maven.apache.org-3-1] INFO  o.e.m.c.i.e.AbstractTransferListenerAdapter - Downloading https://repo.maven.apache.org/maven2/org/apache/xmlbeans/xmlbeans/5.1.1/xmlbeans-5.1.1.jar
2025-01-29 01:56:59,729 [BasicRepositoryConnector-repo.maven.apache.org-3-0] INFO  o.e.m.c.i.e.AbstractTransferListenerAdapter - Downloaded https://repo.maven.apache.org/maven2/org/apache/logging/log4j/log4j-api/2.18.0/log4j-api-2.18.0.jar
2025-01-29 01:56:59,917 [BasicRepositoryConnector-repo.maven.apache.org-3-0] INFO  o.e.m.c.i.e.AbstractTransferListenerAdapter - Downloading https://repo.maven.apache.org/maven2/org/apache/commons/commons-compress/1.21/commons-compress-1.21.jar
2025-01-29 01:57:00,491 [BasicRepositoryConnector-repo.maven.apache.org-3-0] INFO  o.e.m.c.i.e.AbstractTransferListenerAdapter - Downloaded https://repo.maven.apache.org/maven2/org/apache/commons/commons-compress/1.21/commons-compress-1.21.jar
2025-01-29 01:57:00,794 [BasicRepositoryConnector-repo.maven.apache.org-3-0] INFO  o.e.m.c.i.e.AbstractTransferListenerAdapter - Downloading https://repo.maven.apache.org/maven2/com/github/virtuald/curvesapi/1.07/curvesapi-1.07.jar
2025-01-29 01:57:00,940 [BasicRepositoryConnector-repo.maven.apache.org-3-0] INFO  o.e.m.c.i.e.AbstractTransferListenerAdapter - Downloaded https://repo.maven.apache.org/maven2/com/github/virtuald/curvesapi/1.07/curvesapi-1.07.jar
2025-01-29 01:57:13,446 [BasicRepositoryConnector-repo.maven.apache.org-3-1] INFO  o.e.m.c.i.e.AbstractTransferListenerAdapter - Downloaded https://repo.maven.apache.org/maven2/org/apache/xmlbeans/xmlbeans/5.1.1/xmlbeans-5.1.1.jar
2025-01-29 01:57:13,503 [BasicRepositoryConnector-repo.maven.apache.org-3-1] INFO  o.e.m.c.i.e.AbstractTransferListenerAdapter - Downloading https://repo.maven.apache.org/maven2/org/seleniumhq/selenium/selenium-api/4.5.0/selenium-api-4.5.0.jar
2025-01-29 01:57:13,663 [BasicRepositoryConnector-repo.maven.apache.org-3-1] INFO  o.e.m.c.i.e.AbstractTransferListenerAdapter - Downloaded https://repo.maven.apache.org/maven2/org/seleniumhq/selenium/selenium-api/4.5.0/selenium-api-4.5.0.jar
2025-01-29 01:57:13,709 [BasicRepositoryConnector-repo.maven.apache.org-3-1] INFO  o.e.m.c.i.e.AbstractTransferListenerAdapter - Downloading https://repo.maven.apache.org/maven2/org/seleniumhq/selenium/selenium-chrome-driver/4.5.0/selenium-chrome-driver-4.5.0.jar
2025-01-29 01:57:13,736 [BasicRepositoryConnector-repo.maven.apache.org-3-1] INFO  o.e.m.c.i.e.AbstractTransferListenerAdapter - Downloaded https://repo.maven.apache.org/maven2/org/seleniumhq/selenium/selenium-chrome-driver/4.5.0/selenium-chrome-driver-4.5.0.jar
2025-01-29 01:57:13,787 [BasicRepositoryConnector-repo.maven.apache.org-3-1] INFO  o.e.m.c.i.e.AbstractTransferListenerAdapter - Downloading https://repo.maven.apache.org/maven2/com/google/auto/service/auto-service-annotations/1.0.1/auto-service-annotations-1.0.1.jar
2025-01-29 01:57:13,797 [BasicRepositoryConnector-repo.maven.apache.org-3-1] INFO  o.e.m.c.i.e.AbstractTransferListenerAdapter - Downloaded https://repo.maven.apache.org/maven2/com/google/auto/service/auto-service-annotations/1.0.1/auto-service-annotations-1.0.1.jar
2025-01-29 01:57:13,874 [BasicRepositoryConnector-repo.maven.apache.org-3-1] INFO  o.e.m.c.i.e.AbstractTransferListenerAdapter - Downloading https://repo.maven.apache.org/maven2/com/google/auto/service/auto-service/1.0.1/auto-service-1.0.1.jar
2025-01-29 01:57:13,948 [BasicRepositoryConnector-repo.maven.apache.org-3-1] INFO  o.e.m.c.i.e.AbstractTransferListenerAdapter - Downloaded https://repo.maven.apache.org/maven2/com/google/auto/service/auto-service/1.0.1/auto-service-1.0.1.jar
2025-01-29 01:57:13,992 [BasicRepositoryConnector-repo.maven.apache.org-3-1] INFO  o.e.m.c.i.e.AbstractTransferListenerAdapter - Downloading https://repo.maven.apache.org/maven2/com/google/auto/auto-common/1.2/auto-common-1.2.jar
2025-01-29 01:57:14,112 [BasicRepositoryConnector-repo.maven.apache.org-3-1] INFO  o.e.m.c.i.e.AbstractTransferListenerAdapter - Downloaded https://repo.maven.apache.org/maven2/com/google/auto/auto-common/1.2/auto-common-1.2.jar
2025-01-29 01:57:14,172 [BasicRepositoryConnector-repo.maven.apache.org-3-1] INFO  o.e.m.c.i.e.AbstractTransferListenerAdapter - Downloading https://repo.maven.apache.org/maven2/com/google/guava/guava/31.1-jre/guava-31.1-jre.jar
2025-01-29 01:57:15,008 [BasicRepositoryConnector-repo.maven.apache.org-3-1] INFO  o.e.m.c.i.e.AbstractTransferListenerAdapter - Downloaded https://repo.maven.apache.org/maven2/com/google/guava/guava/31.1-jre/guava-31.1-jre.jar
2025-01-29 01:57:15,065 [BasicRepositoryConnector-repo.maven.apache.org-3-1] INFO  o.e.m.c.i.e.AbstractTransferListenerAdapter - Downloading https://repo.maven.apache.org/maven2/com/google/guava/failureaccess/1.0.1/failureaccess-1.0.1.jar
2025-01-29 01:57:15,083 [BasicRepositoryConnector-repo.maven.apache.org-3-1] INFO  o.e.m.c.i.e.AbstractTransferListenerAdapter - Downloaded https://repo.maven.apache.org/maven2/com/google/guava/failureaccess/1.0.1/failureaccess-1.0.1.jar
2025-01-29 01:57:15,151 [BasicRepositoryConnector-repo.maven.apache.org-3-1] INFO  o.e.m.c.i.e.AbstractTransferListenerAdapter - Downloading https://repo.maven.apache.org/maven2/com/google/guava/listenablefuture/9999.0-empty-to-avoid-conflict-with-guava/listenablefuture-9999.0-empty-to-avoid-conflict-with-guava.jar
2025-01-29 01:57:15,178 [BasicRepositoryConnector-repo.maven.apache.org-3-1] INFO  o.e.m.c.i.e.AbstractTransferListenerAdapter - Downloaded https://repo.maven.apache.org/maven2/com/google/guava/listenablefuture/9999.0-empty-to-avoid-conflict-with-guava/listenablefuture-9999.0-empty-to-avoid-conflict-with-guava.jar
2025-01-29 01:57:15,232 [BasicRepositoryConnector-repo.maven.apache.org-3-1] INFO  o.e.m.c.i.e.AbstractTransferListenerAdapter - Downloading https://repo.maven.apache.org/maven2/com/google/code/findbugs/jsr305/3.0.2/jsr305-3.0.2.jar
2025-01-29 01:57:15,258 [BasicRepositoryConnector-repo.maven.apache.org-3-1] INFO  o.e.m.c.i.e.AbstractTransferListenerAdapter - Downloaded https://repo.maven.apache.org/maven2/com/google/code/findbugs/jsr305/3.0.2/jsr305-3.0.2.jar
2025-01-29 01:57:15,311 [BasicRepositoryConnector-repo.maven.apache.org-3-1] INFO  o.e.m.c.i.e.AbstractTransferListenerAdapter - Downloading https://repo.maven.apache.org/maven2/org/checkerframework/checker-qual/3.12.0/checker-qual-3.12.0.jar
2025-01-29 01:57:15,402 [BasicRepositoryConnector-repo.maven.apache.org-3-1] INFO  o.e.m.c.i.e.AbstractTransferListenerAdapter - Downloaded https://repo.maven.apache.org/maven2/org/checkerframework/checker-qual/3.12.0/checker-qual-3.12.0.jar
2025-01-29 01:57:15,466 [BasicRepositoryConnector-repo.maven.apache.org-3-1] INFO  o.e.m.c.i.e.AbstractTransferListenerAdapter - Downloading https://repo.maven.apache.org/maven2/com/google/errorprone/error_prone_annotations/2.11.0/error_prone_annotations-2.11.0.jar
2025-01-29 01:57:15,485 [BasicRepositoryConnector-repo.maven.apache.org-3-1] INFO  o.e.m.c.i.e.AbstractTransferListenerAdapter - Downloaded https://repo.maven.apache.org/maven2/com/google/errorprone/error_prone_annotations/2.11.0/error_prone_annotations-2.11.0.jar
2025-01-29 01:57:15,543 [BasicRepositoryConnector-repo.maven.apache.org-3-1] INFO  o.e.m.c.i.e.AbstractTransferListenerAdapter - Downloading https://repo.maven.apache.org/maven2/com/google/j2objc/j2objc-annotations/1.3/j2objc-annotations-1.3.jar
2025-01-29 01:57:15,567 [BasicRepositoryConnector-repo.maven.apache.org-3-1] INFO  o.e.m.c.i.e.AbstractTransferListenerAdapter - Downloaded https://repo.maven.apache.org/maven2/com/google/j2objc/j2objc-annotations/1.3/j2objc-annotations-1.3.jar
2025-01-29 01:57:15,626 [BasicRepositoryConnector-repo.maven.apache.org-3-1] INFO  o.e.m.c.i.e.AbstractTransferListenerAdapter - Downloading https://repo.maven.apache.org/maven2/org/seleniumhq/selenium/selenium-chromium-driver/4.5.0/selenium-chromium-driver-4.5.0.jar
2025-01-29 01:57:15,657 [BasicRepositoryConnector-repo.maven.apache.org-3-1] INFO  o.e.m.c.i.e.AbstractTransferListenerAdapter - Downloaded https://repo.maven.apache.org/maven2/org/seleniumhq/selenium/selenium-chromium-driver/4.5.0/selenium-chromium-driver-4.5.0.jar
2025-01-29 01:57:15,706 [BasicRepositoryConnector-repo.maven.apache.org-3-1] INFO  o.e.m.c.i.e.AbstractTransferListenerAdapter - Downloading https://repo.maven.apache.org/maven2/org/seleniumhq/selenium/selenium-json/4.5.0/selenium-json-4.5.0.jar
2025-01-29 01:57:15,754 [BasicRepositoryConnector-repo.maven.apache.org-3-1] INFO  o.e.m.c.i.e.AbstractTransferListenerAdapter - Downloaded https://repo.maven.apache.org/maven2/org/seleniumhq/selenium/selenium-json/4.5.0/selenium-json-4.5.0.jar
2025-01-29 01:57:16,116 [BasicRepositoryConnector-repo.maven.apache.org-3-1] INFO  o.e.m.c.i.e.AbstractTransferListenerAdapter - Downloading https://repo.maven.apache.org/maven2/org/seleniumhq/selenium/selenium-devtools-v104/4.5.0/selenium-devtools-v104-4.5.0.jar
2025-01-29 01:57:16,418 [BasicRepositoryConnector-repo.maven.apache.org-3-1] INFO  o.e.m.c.i.e.AbstractTransferListenerAdapter - Downloaded https://repo.maven.apache.org/maven2/org/seleniumhq/selenium/selenium-devtools-v104/4.5.0/selenium-devtools-v104-4.5.0.jar
2025-01-29 01:57:16,468 [BasicRepositoryConnector-repo.maven.apache.org-3-1] INFO  o.e.m.c.i.e.AbstractTransferListenerAdapter - Downloading https://repo.maven.apache.org/maven2/org/seleniumhq/selenium/selenium-devtools-v105/4.5.0/selenium-devtools-v105-4.5.0.jar
2025-01-29 01:57:16,719 [BasicRepositoryConnector-repo.maven.apache.org-3-1] INFO  o.e.m.c.i.e.AbstractTransferListenerAdapter - Downloaded https://repo.maven.apache.org/maven2/org/seleniumhq/selenium/selenium-devtools-v105/4.5.0/selenium-devtools-v105-4.5.0.jar
2025-01-29 01:57:16,786 [BasicRepositoryConnector-repo.maven.apache.org-3-1] INFO  o.e.m.c.i.e.AbstractTransferListenerAdapter - Downloading https://repo.maven.apache.org/maven2/org/seleniumhq/selenium/selenium-devtools-v106/4.5.0/selenium-devtools-v106-4.5.0.jar
2025-01-29 01:57:17,021 [BasicRepositoryConnector-repo.maven.apache.org-3-1] INFO  o.e.m.c.i.e.AbstractTransferListenerAdapter - Downloaded https://repo.maven.apache.org/maven2/org/seleniumhq/selenium/selenium-devtools-v106/4.5.0/selenium-devtools-v106-4.5.0.jar
2025-01-29 01:57:17,069 [BasicRepositoryConnector-repo.maven.apache.org-3-1] INFO  o.e.m.c.i.e.AbstractTransferListenerAdapter - Downloading https://repo.maven.apache.org/maven2/org/seleniumhq/selenium/selenium-devtools-v85/4.5.0/selenium-devtools-v85-4.5.0.jar
2025-01-29 01:57:17,274 [BasicRepositoryConnector-repo.maven.apache.org-3-1] INFO  o.e.m.c.i.e.AbstractTransferListenerAdapter - Downloaded https://repo.maven.apache.org/maven2/org/seleniumhq/selenium/selenium-devtools-v85/4.5.0/selenium-devtools-v85-4.5.0.jar
2025-01-29 01:57:17,322 [BasicRepositoryConnector-repo.maven.apache.org-3-1] INFO  o.e.m.c.i.e.AbstractTransferListenerAdapter - Downloading https://repo.maven.apache.org/maven2/org/seleniumhq/selenium/selenium-edge-driver/4.5.0/selenium-edge-driver-4.5.0.jar
2025-01-29 01:57:17,357 [BasicRepositoryConnector-repo.maven.apache.org-3-1] INFO  o.e.m.c.i.e.AbstractTransferListenerAdapter - Downloaded https://repo.maven.apache.org/maven2/org/seleniumhq/selenium/selenium-edge-driver/4.5.0/selenium-edge-driver-4.5.0.jar
2025-01-29 01:57:17,424 [BasicRepositoryConnector-repo.maven.apache.org-3-1] INFO  o.e.m.c.i.e.AbstractTransferListenerAdapter - Downloading https://repo.maven.apache.org/maven2/org/seleniumhq/selenium/selenium-firefox-driver/4.5.0/selenium-firefox-driver-4.5.0.jar
2025-01-29 01:57:17,483 [BasicRepositoryConnector-repo.maven.apache.org-3-1] INFO  o.e.m.c.i.e.AbstractTransferListenerAdapter - Downloaded https://repo.maven.apache.org/maven2/org/seleniumhq/selenium/selenium-firefox-driver/4.5.0/selenium-firefox-driver-4.5.0.jar
2025-01-29 01:57:17,528 [BasicRepositoryConnector-repo.maven.apache.org-3-1] INFO  o.e.m.c.i.e.AbstractTransferListenerAdapter - Downloading https://repo.maven.apache.org/maven2/org/seleniumhq/selenium/selenium-ie-driver/4.5.0/selenium-ie-driver-4.5.0.jar
2025-01-29 01:57:17,549 [BasicRepositoryConnector-repo.maven.apache.org-3-1] INFO  o.e.m.c.i.e.AbstractTransferListenerAdapter - Downloaded https://repo.maven.apache.org/maven2/org/seleniumhq/selenium/selenium-ie-driver/4.5.0/selenium-ie-driver-4.5.0.jar
2025-01-29 01:57:17,591 [BasicRepositoryConnector-repo.maven.apache.org-3-1] INFO  o.e.m.c.i.e.AbstractTransferListenerAdapter - Downloading https://repo.maven.apache.org/maven2/org/seleniumhq/selenium/selenium-remote-driver/4.5.0/selenium-remote-driver-4.5.0.jar
2025-01-29 01:57:17,850 [BasicRepositoryConnector-repo.maven.apache.org-3-1] INFO  o.e.m.c.i.e.AbstractTransferListenerAdapter - Downloaded https://repo.maven.apache.org/maven2/org/seleniumhq/selenium/selenium-remote-driver/4.5.0/selenium-remote-driver-4.5.0.jar
2025-01-29 01:57:17,919 [BasicRepositoryConnector-repo.maven.apache.org-3-1] INFO  o.e.m.c.i.e.AbstractTransferListenerAdapter - Downloading https://repo.maven.apache.org/maven2/io/netty/netty-buffer/4.1.79.Final/netty-buffer-4.1.79.Final.jar
2025-01-29 01:57:18,029 [BasicRepositoryConnector-repo.maven.apache.org-3-1] INFO  o.e.m.c.i.e.AbstractTransferListenerAdapter - Downloaded https://repo.maven.apache.org/maven2/io/netty/netty-buffer/4.1.79.Final/netty-buffer-4.1.79.Final.jar
2025-01-29 01:57:18,074 [BasicRepositoryConnector-repo.maven.apache.org-3-1] INFO  o.e.m.c.i.e.AbstractTransferListenerAdapter - Downloading https://repo.maven.apache.org/maven2/io/netty/netty-codec-http/4.1.79.Final/netty-codec-http-4.1.79.Final.jar
2025-01-29 01:57:18,182 [BasicRepositoryConnector-repo.maven.apache.org-3-1] INFO  o.e.m.c.i.e.AbstractTransferListenerAdapter - Downloaded https://repo.maven.apache.org/maven2/io/netty/netty-codec-http/4.1.79.Final/netty-codec-http-4.1.79.Final.jar
2025-01-29 01:57:18,225 [BasicRepositoryConnector-repo.maven.apache.org-3-1] INFO  o.e.m.c.i.e.AbstractTransferListenerAdapter - Downloading https://repo.maven.apache.org/maven2/io/netty/netty-codec/4.1.79.Final/netty-codec-4.1.79.Final.jar
2025-01-29 01:57:18,359 [BasicRepositoryConnector-repo.maven.apache.org-3-1] INFO  o.e.m.c.i.e.AbstractTransferListenerAdapter - Downloaded https://repo.maven.apache.org/maven2/io/netty/netty-codec/4.1.79.Final/netty-codec-4.1.79.Final.jar
2025-01-29 01:57:18,424 [BasicRepositoryConnector-repo.maven.apache.org-3-1] INFO  o.e.m.c.i.e.AbstractTransferListenerAdapter - Downloading https://repo.maven.apache.org/maven2/io/netty/netty-handler/4.1.79.Final/netty-handler-4.1.79.Final.jar
2025-01-29 01:57:18,519 [BasicRepositoryConnector-repo.maven.apache.org-3-1] INFO  o.e.m.c.i.e.AbstractTransferListenerAdapter - Downloaded https://repo.maven.apache.org/maven2/io/netty/netty-handler/4.1.79.Final/netty-handler-4.1.79.Final.jar
2025-01-29 01:57:18,588 [BasicRepositoryConnector-repo.maven.apache.org-3-1] INFO  o.e.m.c.i.e.AbstractTransferListenerAdapter - Downloading https://repo.maven.apache.org/maven2/io/netty/netty-common/4.1.79.Final/netty-common-4.1.79.Final.jar
2025-01-29 01:57:18,691 [BasicRepositoryConnector-repo.maven.apache.org-3-1] INFO  o.e.m.c.i.e.AbstractTransferListenerAdapter - Downloaded https://repo.maven.apache.org/maven2/io/netty/netty-common/4.1.79.Final/netty-common-4.1.79.Final.jar
2025-01-29 01:57:18,754 [BasicRepositoryConnector-repo.maven.apache.org-3-1] INFO  o.e.m.c.i.e.AbstractTransferListenerAdapter - Downloading https://repo.maven.apache.org/maven2/io/netty/netty-transport-classes-epoll/4.1.79.Final/netty-transport-classes-epoll-4.1.79.Final.jar
2025-01-29 01:57:18,841 [BasicRepositoryConnector-repo.maven.apache.org-3-1] INFO  o.e.m.c.i.e.AbstractTransferListenerAdapter - Downloaded https://repo.maven.apache.org/maven2/io/netty/netty-transport-classes-epoll/4.1.79.Final/netty-transport-classes-epoll-4.1.79.Final.jar
2025-01-29 01:57:18,907 [BasicRepositoryConnector-repo.maven.apache.org-3-1] INFO  o.e.m.c.i.e.AbstractTransferListenerAdapter - Downloading https://repo.maven.apache.org/maven2/io/netty/netty-transport-classes-kqueue/4.1.79.Final/netty-transport-classes-kqueue-4.1.79.Final.jar
2025-01-29 01:57:18,962 [BasicRepositoryConnector-repo.maven.apache.org-3-1] INFO  o.e.m.c.i.e.AbstractTransferListenerAdapter - Downloaded https://repo.maven.apache.org/maven2/io/netty/netty-transport-classes-kqueue/4.1.79.Final/netty-transport-classes-kqueue-4.1.79.Final.jar
2025-01-29 01:57:19,028 [BasicRepositoryConnector-repo.maven.apache.org-3-1] INFO  o.e.m.c.i.e.AbstractTransferListenerAdapter - Downloading https://repo.maven.apache.org/maven2/io/netty/netty-transport-native-epoll/4.1.79.Final/netty-transport-native-epoll-4.1.79.Final.jar
2025-01-29 01:57:19,047 [BasicRepositoryConnector-repo.maven.apache.org-3-1] INFO  o.e.m.c.i.e.AbstractTransferListenerAdapter - Downloaded https://repo.maven.apache.org/maven2/io/netty/netty-transport-native-epoll/4.1.79.Final/netty-transport-native-epoll-4.1.79.Final.jar
2025-01-29 01:57:19,108 [BasicRepositoryConnector-repo.maven.apache.org-3-1] INFO  o.e.m.c.i.e.AbstractTransferListenerAdapter - Downloading https://repo.maven.apache.org/maven2/io/netty/netty-transport-native-kqueue/4.1.79.Final/netty-transport-native-kqueue-4.1.79.Final.jar
2025-01-29 01:57:19,123 [BasicRepositoryConnector-repo.maven.apache.org-3-1] INFO  o.e.m.c.i.e.AbstractTransferListenerAdapter - Downloaded https://repo.maven.apache.org/maven2/io/netty/netty-transport-native-kqueue/4.1.79.Final/netty-transport-native-kqueue-4.1.79.Final.jar
2025-01-29 01:57:19,189 [BasicRepositoryConnector-repo.maven.apache.org-3-1] INFO  o.e.m.c.i.e.AbstractTransferListenerAdapter - Downloading https://repo.maven.apache.org/maven2/io/netty/netty-transport-native-unix-common/4.1.79.Final/netty-transport-native-unix-common-4.1.79.Final.jar
2025-01-29 01:57:19,243 [BasicRepositoryConnector-repo.maven.apache.org-3-1] INFO  o.e.m.c.i.e.AbstractTransferListenerAdapter - Downloaded https://repo.maven.apache.org/maven2/io/netty/netty-transport-native-unix-common/4.1.79.Final/netty-transport-native-unix-common-4.1.79.Final.jar
2025-01-29 01:57:19,308 [BasicRepositoryConnector-repo.maven.apache.org-3-1] INFO  o.e.m.c.i.e.AbstractTransferListenerAdapter - Downloading https://repo.maven.apache.org/maven2/io/netty/netty-transport/4.1.79.Final/netty-transport-4.1.79.Final.jar
2025-01-29 01:57:19,481 [BasicRepositoryConnector-repo.maven.apache.org-3-1] INFO  o.e.m.c.i.e.AbstractTransferListenerAdapter - Downloaded https://repo.maven.apache.org/maven2/io/netty/netty-transport/4.1.79.Final/netty-transport-4.1.79.Final.jar
2025-01-29 01:57:19,548 [BasicRepositoryConnector-repo.maven.apache.org-3-1] INFO  o.e.m.c.i.e.AbstractTransferListenerAdapter - Downloading https://repo.maven.apache.org/maven2/io/netty/netty-resolver/4.1.79.Final/netty-resolver-4.1.79.Final.jar
2025-01-29 01:57:19,568 [BasicRepositoryConnector-repo.maven.apache.org-3-1] INFO  o.e.m.c.i.e.AbstractTransferListenerAdapter - Downloaded https://repo.maven.apache.org/maven2/io/netty/netty-resolver/4.1.79.Final/netty-resolver-4.1.79.Final.jar
2025-01-29 01:57:19,629 [BasicRepositoryConnector-repo.maven.apache.org-3-1] INFO  o.e.m.c.i.e.AbstractTransferListenerAdapter - Downloading https://repo.maven.apache.org/maven2/io/opentelemetry/opentelemetry-api/1.17.0/opentelemetry-api-1.17.0.jar
2025-01-29 01:57:19,695 [BasicRepositoryConnector-repo.maven.apache.org-3-1] INFO  o.e.m.c.i.e.AbstractTransferListenerAdapter - Downloaded https://repo.maven.apache.org/maven2/io/opentelemetry/opentelemetry-api/1.17.0/opentelemetry-api-1.17.0.jar
2025-01-29 01:57:19,744 [BasicRepositoryConnector-repo.maven.apache.org-3-1] INFO  o.e.m.c.i.e.AbstractTransferListenerAdapter - Downloading https://repo.maven.apache.org/maven2/io/opentelemetry/opentelemetry-context/1.17.0/opentelemetry-context-1.17.0.jar
2025-01-29 01:57:19,776 [BasicRepositoryConnector-repo.maven.apache.org-3-1] INFO  o.e.m.c.i.e.AbstractTransferListenerAdapter - Downloaded https://repo.maven.apache.org/maven2/io/opentelemetry/opentelemetry-context/1.17.0/opentelemetry-context-1.17.0.jar
2025-01-29 01:57:19,828 [BasicRepositoryConnector-repo.maven.apache.org-3-1] INFO  o.e.m.c.i.e.AbstractTransferListenerAdapter - Downloading https://repo.maven.apache.org/maven2/io/opentelemetry/opentelemetry-exporter-logging/1.17.0/opentelemetry-exporter-logging-1.17.0.jar
2025-01-29 01:57:19,838 [BasicRepositoryConnector-repo.maven.apache.org-3-1] INFO  o.e.m.c.i.e.AbstractTransferListenerAdapter - Downloaded https://repo.maven.apache.org/maven2/io/opentelemetry/opentelemetry-exporter-logging/1.17.0/opentelemetry-exporter-logging-1.17.0.jar
2025-01-29 01:57:19,905 [BasicRepositoryConnector-repo.maven.apache.org-3-1] INFO  o.e.m.c.i.e.AbstractTransferListenerAdapter - Downloading https://repo.maven.apache.org/maven2/io/opentelemetry/opentelemetry-sdk-metrics/1.17.0/opentelemetry-sdk-metrics-1.17.0.jar
2025-01-29 01:57:20,029 [BasicRepositoryConnector-repo.maven.apache.org-3-1] INFO  o.e.m.c.i.e.AbstractTransferListenerAdapter - Downloaded https://repo.maven.apache.org/maven2/io/opentelemetry/opentelemetry-sdk-metrics/1.17.0/opentelemetry-sdk-metrics-1.17.0.jar
2025-01-29 01:57:20,108 [BasicRepositoryConnector-repo.maven.apache.org-3-1] INFO  o.e.m.c.i.e.AbstractTransferListenerAdapter - Downloading https://repo.maven.apache.org/maven2/io/opentelemetry/opentelemetry-sdk-logs/1.17.0-alpha/opentelemetry-sdk-logs-1.17.0-alpha.jar
2025-01-29 01:57:20,139 [BasicRepositoryConnector-repo.maven.apache.org-3-1] INFO  o.e.m.c.i.e.AbstractTransferListenerAdapter - Downloaded https://repo.maven.apache.org/maven2/io/opentelemetry/opentelemetry-sdk-logs/1.17.0-alpha/opentelemetry-sdk-logs-1.17.0-alpha.jar
2025-01-29 01:57:20,188 [BasicRepositoryConnector-repo.maven.apache.org-3-1] INFO  o.e.m.c.i.e.AbstractTransferListenerAdapter - Downloading https://repo.maven.apache.org/maven2/io/opentelemetry/opentelemetry-sdk-common/1.17.0/opentelemetry-sdk-common-1.17.0.jar
2025-01-29 01:57:20,210 [BasicRepositoryConnector-repo.maven.apache.org-3-1] INFO  o.e.m.c.i.e.AbstractTransferListenerAdapter - Downloaded https://repo.maven.apache.org/maven2/io/opentelemetry/opentelemetry-sdk-common/1.17.0/opentelemetry-sdk-common-1.17.0.jar
2025-01-29 01:57:20,264 [BasicRepositoryConnector-repo.maven.apache.org-3-1] INFO  o.e.m.c.i.e.AbstractTransferListenerAdapter - Downloading https://repo.maven.apache.org/maven2/io/opentelemetry/opentelemetry-sdk-extension-autoconfigure-spi/1.17.0/opentelemetry-sdk-extension-autoconfigure-spi-1.17.0.jar
2025-01-29 01:57:20,276 [BasicRepositoryConnector-repo.maven.apache.org-3-1] INFO  o.e.m.c.i.e.AbstractTransferListenerAdapter - Downloaded https://repo.maven.apache.org/maven2/io/opentelemetry/opentelemetry-sdk-extension-autoconfigure-spi/1.17.0/opentelemetry-sdk-extension-autoconfigure-spi-1.17.0.jar
2025-01-29 01:57:20,345 [BasicRepositoryConnector-repo.maven.apache.org-3-1] INFO  o.e.m.c.i.e.AbstractTransferListenerAdapter - Downloading https://repo.maven.apache.org/maven2/io/opentelemetry/opentelemetry-sdk-extension-autoconfigure/1.17.0-alpha/opentelemetry-sdk-extension-autoconfigure-1.17.0-alpha.jar
2025-01-29 01:57:20,389 [BasicRepositoryConnector-repo.maven.apache.org-3-1] INFO  o.e.m.c.i.e.AbstractTransferListenerAdapter - Downloaded https://repo.maven.apache.org/maven2/io/opentelemetry/opentelemetry-sdk-extension-autoconfigure/1.17.0-alpha/opentelemetry-sdk-extension-autoconfigure-1.17.0-alpha.jar
2025-01-29 01:57:20,428 [BasicRepositoryConnector-repo.maven.apache.org-3-1] INFO  o.e.m.c.i.e.AbstractTransferListenerAdapter - Downloading https://repo.maven.apache.org/maven2/io/opentelemetry/opentelemetry-exporter-common/1.17.0/opentelemetry-exporter-common-1.17.0.jar
2025-01-29 01:57:20,473 [BasicRepositoryConnector-repo.maven.apache.org-3-1] INFO  o.e.m.c.i.e.AbstractTransferListenerAdapter - Downloaded https://repo.maven.apache.org/maven2/io/opentelemetry/opentelemetry-exporter-common/1.17.0/opentelemetry-exporter-common-1.17.0.jar
2025-01-29 01:57:20,521 [BasicRepositoryConnector-repo.maven.apache.org-3-1] INFO  o.e.m.c.i.e.AbstractTransferListenerAdapter - Downloading https://repo.maven.apache.org/maven2/io/opentelemetry/opentelemetry-sdk-trace/1.17.0/opentelemetry-sdk-trace-1.17.0.jar
2025-01-29 01:57:20,569 [BasicRepositoryConnector-repo.maven.apache.org-3-1] INFO  o.e.m.c.i.e.AbstractTransferListenerAdapter - Downloaded https://repo.maven.apache.org/maven2/io/opentelemetry/opentelemetry-sdk-trace/1.17.0/opentelemetry-sdk-trace-1.17.0.jar
2025-01-29 01:57:20,623 [BasicRepositoryConnector-repo.maven.apache.org-3-1] INFO  o.e.m.c.i.e.AbstractTransferListenerAdapter - Downloading https://repo.maven.apache.org/maven2/io/opentelemetry/opentelemetry-sdk/1.17.0/opentelemetry-sdk-1.17.0.jar
2025-01-29 01:57:20,638 [BasicRepositoryConnector-repo.maven.apache.org-3-1] INFO  o.e.m.c.i.e.AbstractTransferListenerAdapter - Downloaded https://repo.maven.apache.org/maven2/io/opentelemetry/opentelemetry-sdk/1.17.0/opentelemetry-sdk-1.17.0.jar
2025-01-29 01:57:20,702 [BasicRepositoryConnector-repo.maven.apache.org-3-1] INFO  o.e.m.c.i.e.AbstractTransferListenerAdapter - Downloading https://repo.maven.apache.org/maven2/io/opentelemetry/opentelemetry-semconv/1.17.0-alpha/opentelemetry-semconv-1.17.0-alpha.jar
2025-01-29 01:57:20,722 [BasicRepositoryConnector-repo.maven.apache.org-3-1] INFO  o.e.m.c.i.e.AbstractTransferListenerAdapter - Downloaded https://repo.maven.apache.org/maven2/io/opentelemetry/opentelemetry-semconv/1.17.0-alpha/opentelemetry-semconv-1.17.0-alpha.jar
2025-01-29 01:57:20,784 [BasicRepositoryConnector-repo.maven.apache.org-3-1] INFO  o.e.m.c.i.e.AbstractTransferListenerAdapter - Downloading https://repo.maven.apache.org/maven2/io/ous/jtoml/2.0.0/jtoml-2.0.0.jar
2025-01-29 01:57:20,805 [BasicRepositoryConnector-repo.maven.apache.org-3-1] INFO  o.e.m.c.i.e.AbstractTransferListenerAdapter - Downloaded https://repo.maven.apache.org/maven2/io/ous/jtoml/2.0.0/jtoml-2.0.0.jar
2025-01-29 01:57:20,873 [BasicRepositoryConnector-repo.maven.apache.org-3-1] INFO  o.e.m.c.i.e.AbstractTransferListenerAdapter - Downloading https://repo.maven.apache.org/maven2/net/bytebuddy/byte-buddy/1.12.14/byte-buddy-1.12.14.jar
2025-01-29 01:57:21,419 [BasicRepositoryConnector-repo.maven.apache.org-3-1] INFO  o.e.m.c.i.e.AbstractTransferListenerAdapter - Downloaded https://repo.maven.apache.org/maven2/net/bytebuddy/byte-buddy/1.12.14/byte-buddy-1.12.14.jar
2025-01-29 01:57:21,469 [BasicRepositoryConnector-repo.maven.apache.org-3-1] INFO  o.e.m.c.i.e.AbstractTransferListenerAdapter - Downloading https://repo.maven.apache.org/maven2/org/apache/commons/commons-exec/1.3/commons-exec-1.3.jar
2025-01-29 01:57:21,513 [BasicRepositoryConnector-repo.maven.apache.org-3-1] INFO  o.e.m.c.i.e.AbstractTransferListenerAdapter - Downloaded https://repo.maven.apache.org/maven2/org/apache/commons/commons-exec/1.3/commons-exec-1.3.jar
2025-01-29 01:57:21,583 [BasicRepositoryConnector-repo.maven.apache.org-3-1] INFO  o.e.m.c.i.e.AbstractTransferListenerAdapter - Downloading https://repo.maven.apache.org/maven2/org/asynchttpclient/async-http-client/2.12.3/async-http-client-2.12.3.jar
2025-01-29 01:57:21,799 [BasicRepositoryConnector-repo.maven.apache.org-3-1] INFO  o.e.m.c.i.e.AbstractTransferListenerAdapter - Downloaded https://repo.maven.apache.org/maven2/org/asynchttpclient/async-http-client/2.12.3/async-http-client-2.12.3.jar
2025-01-29 01:57:21,860 [BasicRepositoryConnector-repo.maven.apache.org-3-1] INFO  o.e.m.c.i.e.AbstractTransferListenerAdapter - Downloading https://repo.maven.apache.org/maven2/org/asynchttpclient/async-http-client-netty-utils/2.12.3/async-http-client-netty-utils-2.12.3.jar
2025-01-29 01:57:21,877 [BasicRepositoryConnector-repo.maven.apache.org-3-1] INFO  o.e.m.c.i.e.AbstractTransferListenerAdapter - Downloaded https://repo.maven.apache.org/maven2/org/asynchttpclient/async-http-client-netty-utils/2.12.3/async-http-client-netty-utils-2.12.3.jar
2025-01-29 01:57:21,931 [BasicRepositoryConnector-repo.maven.apache.org-3-1] INFO  o.e.m.c.i.e.AbstractTransferListenerAdapter - Downloading https://repo.maven.apache.org/maven2/io/netty/netty-codec-socks/4.1.60.Final/netty-codec-socks-4.1.60.Final.jar
2025-01-29 01:57:21,985 [BasicRepositoryConnector-repo.maven.apache.org-3-1] INFO  o.e.m.c.i.e.AbstractTransferListenerAdapter - Downloaded https://repo.maven.apache.org/maven2/io/netty/netty-codec-socks/4.1.60.Final/netty-codec-socks-4.1.60.Final.jar
2025-01-29 01:57:22,043 [BasicRepositoryConnector-repo.maven.apache.org-3-1] INFO  o.e.m.c.i.e.AbstractTransferListenerAdapter - Downloading https://repo.maven.apache.org/maven2/io/netty/netty-handler-proxy/4.1.60.Final/netty-handler-proxy-4.1.60.Final.jar
2025-01-29 01:57:22,057 [BasicRepositoryConnector-repo.maven.apache.org-3-1] INFO  o.e.m.c.i.e.AbstractTransferListenerAdapter - Downloaded https://repo.maven.apache.org/maven2/io/netty/netty-handler-proxy/4.1.60.Final/netty-handler-proxy-4.1.60.Final.jar
2025-01-29 01:57:22,107 [BasicRepositoryConnector-repo.maven.apache.org-3-1] INFO  o.e.m.c.i.e.AbstractTransferListenerAdapter - Downloading https://repo.maven.apache.org/maven2/io/netty/netty-transport-native-epoll/4.1.60.Final/netty-transport-native-epoll-4.1.60.Final-linux-x86_64.jar
2025-01-29 01:57:22,171 [BasicRepositoryConnector-repo.maven.apache.org-3-1] INFO  o.e.m.c.i.e.AbstractTransferListenerAdapter - Downloaded https://repo.maven.apache.org/maven2/io/netty/netty-transport-native-epoll/4.1.60.Final/netty-transport-native-epoll-4.1.60.Final-linux-x86_64.jar
2025-01-29 01:57:22,229 [BasicRepositoryConnector-repo.maven.apache.org-3-1] INFO  o.e.m.c.i.e.AbstractTransferListenerAdapter - Downloading https://repo.maven.apache.org/maven2/io/netty/netty-transport-native-kqueue/4.1.60.Final/netty-transport-native-kqueue-4.1.60.Final-osx-x86_64.jar
2025-01-29 01:57:22,280 [BasicRepositoryConnector-repo.maven.apache.org-3-1] INFO  o.e.m.c.i.e.AbstractTransferListenerAdapter - Downloaded https://repo.maven.apache.org/maven2/io/netty/netty-transport-native-kqueue/4.1.60.Final/netty-transport-native-kqueue-4.1.60.Final-osx-x86_64.jar
2025-01-29 01:57:22,347 [BasicRepositoryConnector-repo.maven.apache.org-3-1] INFO  o.e.m.c.i.e.AbstractTransferListenerAdapter - Downloading https://repo.maven.apache.org/maven2/org/reactivestreams/reactive-streams/1.0.3/reactive-streams-1.0.3.jar
2025-01-29 01:57:22,358 [BasicRepositoryConnector-repo.maven.apache.org-3-1] INFO  o.e.m.c.i.e.AbstractTransferListenerAdapter - Downloaded https://repo.maven.apache.org/maven2/org/reactivestreams/reactive-streams/1.0.3/reactive-streams-1.0.3.jar
2025-01-29 01:57:22,403 [BasicRepositoryConnector-repo.maven.apache.org-3-1] INFO  o.e.m.c.i.e.AbstractTransferListenerAdapter - Downloading https://repo.maven.apache.org/maven2/com/typesafe/netty/netty-reactive-streams/2.0.4/netty-reactive-streams-2.0.4.jar
2025-01-29 01:57:22,422 [BasicRepositoryConnector-repo.maven.apache.org-3-1] INFO  o.e.m.c.i.e.AbstractTransferListenerAdapter - Downloaded https://repo.maven.apache.org/maven2/com/typesafe/netty/netty-reactive-streams/2.0.4/netty-reactive-streams-2.0.4.jar
2025-01-29 01:57:22,492 [BasicRepositoryConnector-repo.maven.apache.org-3-1] INFO  o.e.m.c.i.e.AbstractTransferListenerAdapter - Downloading https://repo.maven.apache.org/maven2/com/sun/activation/jakarta.activation/1.2.2/jakarta.activation-1.2.2.jar
2025-01-29 01:57:22,530 [BasicRepositoryConnector-repo.maven.apache.org-3-0] INFO  o.e.m.c.i.e.AbstractTransferListenerAdapter - Downloading https://repo.maven.apache.org/maven2/org/seleniumhq/selenium/selenium-java/4.5.0/selenium-java-4.5.0.jar
2025-01-29 01:57:22,548 [BasicRepositoryConnector-repo.maven.apache.org-3-0] INFO  o.e.m.c.i.e.AbstractTransferListenerAdapter - Downloaded https://repo.maven.apache.org/maven2/org/seleniumhq/selenium/selenium-java/4.5.0/selenium-java-4.5.0.jar
2025-01-29 01:57:22,580 [BasicRepositoryConnector-repo.maven.apache.org-3-1] INFO  o.e.m.c.i.e.AbstractTransferListenerAdapter - Downloaded https://repo.maven.apache.org/maven2/com/sun/activation/jakarta.activation/1.2.2/jakarta.activation-1.2.2.jar
2025-01-29 01:57:22,608 [BasicRepositoryConnector-repo.maven.apache.org-3-0] INFO  o.e.m.c.i.e.AbstractTransferListenerAdapter - Downloading https://repo.maven.apache.org/maven2/org/seleniumhq/selenium/selenium-http/4.5.0/selenium-http-4.5.0.jar
2025-01-29 01:57:22,646 [BasicRepositoryConnector-repo.maven.apache.org-3-1] INFO  o.e.m.c.i.e.AbstractTransferListenerAdapter - Downloading https://repo.maven.apache.org/maven2/dev/failsafe/failsafe/3.2.4/failsafe-3.2.4.jar
2025-01-29 01:57:22,815 [BasicRepositoryConnector-repo.maven.apache.org-3-1] INFO  o.e.m.c.i.e.AbstractTransferListenerAdapter - Downloaded https://repo.maven.apache.org/maven2/dev/failsafe/failsafe/3.2.4/failsafe-3.2.4.jar
2025-01-29 01:57:22,909 [BasicRepositoryConnector-repo.maven.apache.org-3-1] INFO  o.e.m.c.i.e.AbstractTransferListenerAdapter - Downloading https://repo.maven.apache.org/maven2/org/seleniumhq/selenium/selenium-safari-driver/4.5.0/selenium-safari-driver-4.5.0.jar
2025-01-29 01:57:22,940 [BasicRepositoryConnector-repo.maven.apache.org-3-1] INFO  o.e.m.c.i.e.AbstractTransferListenerAdapter - Downloaded https://repo.maven.apache.org/maven2/org/seleniumhq/selenium/selenium-safari-driver/4.5.0/selenium-safari-driver-4.5.0.jar
2025-01-29 01:57:23,010 [BasicRepositoryConnector-repo.maven.apache.org-3-1] INFO  o.e.m.c.i.e.AbstractTransferListenerAdapter - Downloading https://repo.maven.apache.org/maven2/org/seleniumhq/selenium/selenium-support/4.5.0/selenium-support-4.5.0.jar
2025-01-29 01:57:23,148 [BasicRepositoryConnector-repo.maven.apache.org-3-1] INFO  o.e.m.c.i.e.AbstractTransferListenerAdapter - Downloaded https://repo.maven.apache.org/maven2/org/seleniumhq/selenium/selenium-support/4.5.0/selenium-support-4.5.0.jar
2025-01-29 01:57:23,235 [BasicRepositoryConnector-repo.maven.apache.org-3-1] INFO  o.e.m.c.i.e.AbstractTransferListenerAdapter - Downloading https://repo.maven.apache.org/maven2/io/cucumber/cucumber-java/7.13.0/cucumber-java-7.13.0.jar
2025-01-29 01:57:23,337 [BasicRepositoryConnector-repo.maven.apache.org-3-1] INFO  o.e.m.c.i.e.AbstractTransferListenerAdapter - Downloaded https://repo.maven.apache.org/maven2/io/cucumber/cucumber-java/7.13.0/cucumber-java-7.13.0.jar
2025-01-29 01:57:23,430 [BasicRepositoryConnector-repo.maven.apache.org-3-0] INFO  o.e.m.c.i.e.AbstractTransferListenerAdapter - Downloaded https://repo.maven.apache.org/maven2/org/seleniumhq/selenium/selenium-http/4.5.0/selenium-http-4.5.0.jar
2025-01-29 01:57:23,458 [BasicRepositoryConnector-repo.maven.apache.org-3-1] INFO  o.e.m.c.i.e.AbstractTransferListenerAdapter - Downloading https://repo.maven.apache.org/maven2/io/cucumber/cucumber-core/7.13.0/cucumber-core-7.13.0.jar
2025-01-29 01:57:23,495 [BasicRepositoryConnector-repo.maven.apache.org-3-0] INFO  o.e.m.c.i.e.AbstractTransferListenerAdapter - Downloading https://repo.maven.apache.org/maven2/io/cucumber/cucumber-gherkin/7.13.0/cucumber-gherkin-7.13.0.jar
2025-01-29 01:57:23,519 [BasicRepositoryConnector-repo.maven.apache.org-3-0] INFO  o.e.m.c.i.e.AbstractTransferListenerAdapter - Downloaded https://repo.maven.apache.org/maven2/io/cucumber/cucumber-gherkin/7.13.0/cucumber-gherkin-7.13.0.jar
2025-01-29 01:57:23,708 [BasicRepositoryConnector-repo.maven.apache.org-3-0] INFO  o.e.m.c.i.e.AbstractTransferListenerAdapter - Downloading https://repo.maven.apache.org/maven2/io/cucumber/cucumber-gherkin-messages/7.13.0/cucumber-gherkin-messages-7.13.0.jar
2025-01-29 01:57:23,817 [BasicRepositoryConnector-repo.maven.apache.org-3-0] INFO  o.e.m.c.i.e.AbstractTransferListenerAdapter - Downloaded https://repo.maven.apache.org/maven2/io/cucumber/cucumber-gherkin-messages/7.13.0/cucumber-gherkin-messages-7.13.0.jar
2025-01-29 01:57:24,043 [BasicRepositoryConnector-repo.maven.apache.org-3-0] INFO  o.e.m.c.i.e.AbstractTransferListenerAdapter - Downloading https://repo.maven.apache.org/maven2/io/cucumber/gherkin/26.2.0/gherkin-26.2.0.jar
2025-01-29 01:57:24,063 [BasicRepositoryConnector-repo.maven.apache.org-3-2] INFO  o.e.m.c.i.e.AbstractTransferListenerAdapter - Downloaded https://repo.maven.apache.org/maven2/org/apache/poi/poi-ooxml-lite/5.2.3/poi-ooxml-lite-5.2.3.jar
2025-01-29 01:57:24,153 [BasicRepositoryConnector-repo.maven.apache.org-3-3] INFO  o.e.m.c.i.e.AbstractTransferListenerAdapter - Downloaded https://repo.maven.apache.org/maven2/org/apache/poi/poi-ooxml/5.2.3/poi-ooxml-5.2.3.jar
2025-01-29 01:57:24,227 [BasicRepositoryConnector-repo.maven.apache.org-3-2] INFO  o.e.m.c.i.e.AbstractTransferListenerAdapter - Downloading https://repo.maven.apache.org/maven2/io/cucumber/messages/22.0.0/messages-22.0.0.jar
2025-01-29 01:57:24,232 [BasicRepositoryConnector-repo.maven.apache.org-3-3] INFO  o.e.m.c.i.e.AbstractTransferListenerAdapter - Downloading https://repo.maven.apache.org/maven2/io/cucumber/tag-expressions/5.0.1/tag-expressions-5.0.1.jar
2025-01-29 01:57:24,303 [BasicRepositoryConnector-repo.maven.apache.org-3-3] INFO  o.e.m.c.i.e.AbstractTransferListenerAdapter - Downloaded https://repo.maven.apache.org/maven2/io/cucumber/tag-expressions/5.0.1/tag-expressions-5.0.1.jar
2025-01-29 01:57:24,411 [BasicRepositoryConnector-repo.maven.apache.org-3-0] INFO  o.e.m.c.i.e.AbstractTransferListenerAdapter - Downloaded https://repo.maven.apache.org/maven2/io/cucumber/gherkin/26.2.0/gherkin-26.2.0.jar
2025-01-29 01:57:24,412 [BasicRepositoryConnector-repo.maven.apache.org-3-3] INFO  o.e.m.c.i.e.AbstractTransferListenerAdapter - Downloading https://repo.maven.apache.org/maven2/io/cucumber/cucumber-expressions/16.1.2/cucumber-expressions-16.1.2.jar
2025-01-29 01:57:24,428 [BasicRepositoryConnector-repo.maven.apache.org-3-2] INFO  o.e.m.c.i.e.AbstractTransferListenerAdapter - Downloaded https://repo.maven.apache.org/maven2/io/cucumber/messages/22.0.0/messages-22.0.0.jar
2025-01-29 01:57:24,468 [BasicRepositoryConnector-repo.maven.apache.org-3-1] INFO  o.e.m.c.i.e.AbstractTransferListenerAdapter - Downloaded https://repo.maven.apache.org/maven2/io/cucumber/cucumber-core/7.13.0/cucumber-core-7.13.0.jar
2025-01-29 01:57:24,537 [BasicRepositoryConnector-repo.maven.apache.org-3-2] INFO  o.e.m.c.i.e.AbstractTransferListenerAdapter - Downloading https://repo.maven.apache.org/maven2/io/cucumber/cucumber-plugin/7.13.0/cucumber-plugin-7.13.0.jar
2025-01-29 01:57:24,552 [BasicRepositoryConnector-repo.maven.apache.org-3-0] INFO  o.e.m.c.i.e.AbstractTransferListenerAdapter - Downloading https://repo.maven.apache.org/maven2/io/cucumber/datatable/7.13.0/datatable-7.13.0.jar
2025-01-29 01:57:24,607 [BasicRepositoryConnector-repo.maven.apache.org-3-1] INFO  o.e.m.c.i.e.AbstractTransferListenerAdapter - Downloading https://repo.maven.apache.org/maven2/io/cucumber/docstring/7.13.0/docstring-7.13.0.jar
2025-01-29 01:57:24,613 [BasicRepositoryConnector-repo.maven.apache.org-3-2] INFO  o.e.m.c.i.e.AbstractTransferListenerAdapter - Downloaded https://repo.maven.apache.org/maven2/io/cucumber/cucumber-plugin/7.13.0/cucumber-plugin-7.13.0.jar
2025-01-29 01:57:24,620 [BasicRepositoryConnector-repo.maven.apache.org-3-3] INFO  o.e.m.c.i.e.AbstractTransferListenerAdapter - Downloaded https://repo.maven.apache.org/maven2/io/cucumber/cucumber-expressions/16.1.2/cucumber-expressions-16.1.2.jar
2025-01-29 01:57:24,659 [BasicRepositoryConnector-repo.maven.apache.org-3-1] INFO  o.e.m.c.i.e.AbstractTransferListenerAdapter - Downloaded https://repo.maven.apache.org/maven2/io/cucumber/docstring/7.13.0/docstring-7.13.0.jar
2025-01-29 01:57:24,675 [BasicRepositoryConnector-repo.maven.apache.org-3-0] INFO  o.e.m.c.i.e.AbstractTransferListenerAdapter - Downloaded https://repo.maven.apache.org/maven2/io/cucumber/datatable/7.13.0/datatable-7.13.0.jar
2025-01-29 01:57:24,738 [BasicRepositoryConnector-repo.maven.apache.org-3-3] INFO  o.e.m.c.i.e.AbstractTransferListenerAdapter - Downloading https://repo.maven.apache.org/maven2/io/cucumber/junit-xml-formatter/0.2.0/junit-xml-formatter-0.2.0.jar
2025-01-29 01:57:24,739 [BasicRepositoryConnector-repo.maven.apache.org-3-2] INFO  o.e.m.c.i.e.AbstractTransferListenerAdapter - Downloading https://repo.maven.apache.org/maven2/io/cucumber/html-formatter/20.3.1/html-formatter-20.3.1.jar
2025-01-29 01:57:24,781 [BasicRepositoryConnector-repo.maven.apache.org-3-1] INFO  o.e.m.c.i.e.AbstractTransferListenerAdapter - Downloading https://repo.maven.apache.org/maven2/io/cucumber/ci-environment/9.2.0/ci-environment-9.2.0.jar
2025-01-29 01:57:24,798 [BasicRepositoryConnector-repo.maven.apache.org-3-3] INFO  o.e.m.c.i.e.AbstractTransferListenerAdapter - Downloaded https://repo.maven.apache.org/maven2/io/cucumber/junit-xml-formatter/0.2.0/junit-xml-formatter-0.2.0.jar
2025-01-29 01:57:24,820 [BasicRepositoryConnector-repo.maven.apache.org-3-0] INFO  o.e.m.c.i.e.AbstractTransferListenerAdapter - Downloading https://repo.maven.apache.org/maven2/io/cucumber/cucumber-junit/7.13.0/cucumber-junit-7.13.0.jar
2025-01-29 01:57:24,858 [BasicRepositoryConnector-repo.maven.apache.org-3-1] INFO  o.e.m.c.i.e.AbstractTransferListenerAdapter - Downloaded https://repo.maven.apache.org/maven2/io/cucumber/ci-environment/9.2.0/ci-environment-9.2.0.jar
2025-01-29 01:57:24,908 [BasicRepositoryConnector-repo.maven.apache.org-3-0] INFO  o.e.m.c.i.e.AbstractTransferListenerAdapter - Downloaded https://repo.maven.apache.org/maven2/io/cucumber/cucumber-junit/7.13.0/cucumber-junit-7.13.0.jar
2025-01-29 01:57:24,924 [BasicRepositoryConnector-repo.maven.apache.org-3-3] INFO  o.e.m.c.i.e.AbstractTransferListenerAdapter - Downloading https://repo.maven.apache.org/maven2/junit/junit/4.13.2/junit-4.13.2.jar
2025-01-29 01:57:25,015 [BasicRepositoryConnector-repo.maven.apache.org-3-1] INFO  o.e.m.c.i.e.AbstractTransferListenerAdapter - Downloading https://repo.maven.apache.org/maven2/org/hamcrest/hamcrest-core/1.3/hamcrest-core-1.3.jar
2025-01-29 01:57:25,027 [BasicRepositoryConnector-repo.maven.apache.org-3-0] INFO  o.e.m.c.i.e.AbstractTransferListenerAdapter - Downloading https://repo.maven.apache.org/maven2/io/cucumber/cucumber-testng/7.13.0/cucumber-testng-7.13.0.jar
2025-01-29 01:57:25,059 [BasicRepositoryConnector-repo.maven.apache.org-3-0] INFO  o.e.m.c.i.e.AbstractTransferListenerAdapter - Downloaded https://repo.maven.apache.org/maven2/io/cucumber/cucumber-testng/7.13.0/cucumber-testng-7.13.0.jar
2025-01-29 01:57:25,091 [BasicRepositoryConnector-repo.maven.apache.org-3-1] INFO  o.e.m.c.i.e.AbstractTransferListenerAdapter - Downloaded https://repo.maven.apache.org/maven2/org/hamcrest/hamcrest-core/1.3/hamcrest-core-1.3.jar
2025-01-29 01:57:25,119 [BasicRepositoryConnector-repo.maven.apache.org-3-0] INFO  o.e.m.c.i.e.AbstractTransferListenerAdapter - Downloading https://repo.maven.apache.org/maven2/io/cucumber/cucumber-spring/7.13.0/cucumber-spring-7.13.0.jar
2025-01-29 01:57:25,167 [BasicRepositoryConnector-repo.maven.apache.org-3-0] INFO  o.e.m.c.i.e.AbstractTransferListenerAdapter - Downloaded https://repo.maven.apache.org/maven2/io/cucumber/cucumber-spring/7.13.0/cucumber-spring-7.13.0.jar
2025-01-29 01:57:25,174 [BasicRepositoryConnector-repo.maven.apache.org-3-1] INFO  o.e.m.c.i.e.AbstractTransferListenerAdapter - Downloaded https://repo.maven.apache.org/maven2/io/cucumber/cucumber-params/7.13.0/cucumber-params-7.13.0.jar
2025-01-29 01:57:25,191 [BasicRepositoryConnector-repo.maven.apache.org-3-2] INFO  o.e.m.c.i.e.AbstractTransferListenerAdapter - Downloaded https://repo.maven.apache.org/maven2/io/cucumber/html-formatter/20.3.1/html-formatter-20.3.1.jar
2025-01-29 01:57:25,256 [BasicRepositoryConnector-repo.maven.apache.org-3-3] INFO  o.e.m.c.i.e.AbstractTransferListenerAdapter - Downloaded https://repo.maven.apache.org/maven2/junit/junit/4.13.2/junit-4.13.2.jar
2025-01-29 01:57:25,293 [BasicRepositoryConnector-repo.maven.apache.org-3-1] INFO  o.e.m.c.i.e.AbstractTransferListenerAdapter - Downloading https://repo.maven.apache.org/maven2/io/github/bonigarcia/webdrivermanager/5.3.0/webdrivermanager-5.3.0.jar
2025-01-29 01:57:25,298 [BasicRepositoryConnector-repo.maven.apache.org-3-0] INFO  o.e.m.c.i.e.AbstractTransferListenerAdapter - Downloaded https://repo.maven.apache.org/maven2/io/qameta/allure/allure-cucumber5/2.21.0/allure-cucumber5-2.21.0.jar
2025-01-29 01:57:25,334 [BasicRepositoryConnector-repo.maven.apache.org-3-2] INFO  o.e.m.c.i.e.AbstractTransferListenerAdapter - Downloading https://repo.maven.apache.org/maven2/com/google/code/gson/gson/2.9.1/gson-2.9.1.jar
2025-01-29 01:57:25,477 [BasicRepositoryConnector-repo.maven.apache.org-3-3] INFO  o.e.m.c.i.e.AbstractTransferListenerAdapter - Downloading https://repo.maven.apache.org/maven2/com/github/docker-java/docker-java/3.2.13/docker-java-3.2.13.jar
2025-01-29 01:57:25,503 [BasicRepositoryConnector-repo.maven.apache.org-3-0] INFO  o.e.m.c.i.e.AbstractTransferListenerAdapter - Downloading https://repo.maven.apache.org/maven2/com/github/docker-java/docker-java-core/3.2.13/docker-java-core-3.2.13.jar
2025-01-29 01:57:25,515 [BasicRepositoryConnector-repo.maven.apache.org-3-3] INFO  o.e.m.c.i.e.AbstractTransferListenerAdapter - Downloaded https://repo.maven.apache.org/maven2/com/github/docker-java/docker-java/3.2.13/docker-java-3.2.13.jar
2025-01-29 01:57:25,716 [BasicRepositoryConnector-repo.maven.apache.org-3-3] INFO  o.e.m.c.i.e.AbstractTransferListenerAdapter - Downloading https://repo.maven.apache.org/maven2/com/github/docker-java/docker-java-api/3.2.13/docker-java-api-3.2.13.jar
2025-01-29 01:57:25,756 [BasicRepositoryConnector-repo.maven.apache.org-3-1] INFO  o.e.m.c.i.e.AbstractTransferListenerAdapter - Downloaded https://repo.maven.apache.org/maven2/io/github/bonigarcia/webdrivermanager/5.3.0/webdrivermanager-5.3.0.jar
2025-01-29 01:57:25,924 [BasicRepositoryConnector-repo.maven.apache.org-3-1] INFO  o.e.m.c.i.e.AbstractTransferListenerAdapter - Downloading https://repo.maven.apache.org/maven2/com/fasterxml/jackson/core/jackson-annotations/2.10.3/jackson-annotations-2.10.3.jar
2025-01-29 01:57:25,939 [BasicRepositoryConnector-repo.maven.apache.org-3-2] INFO  o.e.m.c.i.e.AbstractTransferListenerAdapter - Downloaded https://repo.maven.apache.org/maven2/com/google/code/gson/gson/2.9.1/gson-2.9.1.jar
2025-01-29 01:57:25,994 [BasicRepositoryConnector-repo.maven.apache.org-3-2] INFO  o.e.m.c.i.e.AbstractTransferListenerAdapter - Downloading https://repo.maven.apache.org/maven2/com/fasterxml/jackson/core/jackson-databind/2.10.3/jackson-databind-2.10.3.jar
2025-01-29 01:57:26,101 [BasicRepositoryConnector-repo.maven.apache.org-3-1] INFO  o.e.m.c.i.e.AbstractTransferListenerAdapter - Downloaded https://repo.maven.apache.org/maven2/com/fasterxml/jackson/core/jackson-annotations/2.10.3/jackson-annotations-2.10.3.jar
2025-01-29 01:57:26,148 [BasicRepositoryConnector-repo.maven.apache.org-3-4] INFO  o.e.m.c.i.e.AbstractTransferListenerAdapter - Downloaded https://repo.maven.apache.org/maven2/org/apache/poi/poi/5.2.3/poi-5.2.3.jar
2025-01-29 01:57:26,257 [BasicRepositoryConnector-repo.maven.apache.org-3-3] INFO  o.e.m.c.i.e.AbstractTransferListenerAdapter - Downloaded https://repo.maven.apache.org/maven2/com/github/docker-java/docker-java-api/3.2.13/docker-java-api-3.2.13.jar
2025-01-29 01:57:26,292 [BasicRepositoryConnector-repo.maven.apache.org-3-0] INFO  o.e.m.c.i.e.AbstractTransferListenerAdapter - Downloaded https://repo.maven.apache.org/maven2/com/github/docker-java/docker-java-core/3.2.13/docker-java-core-3.2.13.jar
2025-01-29 01:57:26,310 [BasicRepositoryConnector-repo.maven.apache.org-3-1] INFO  o.e.m.c.i.e.AbstractTransferListenerAdapter - Downloading https://repo.maven.apache.org/maven2/com/fasterxml/jackson/core/jackson-core/2.10.3/jackson-core-2.10.3.jar
2025-01-29 01:57:26,344 [BasicRepositoryConnector-repo.maven.apache.org-3-4] INFO  o.e.m.c.i.e.AbstractTransferListenerAdapter - Downloading https://repo.maven.apache.org/maven2/org/bouncycastle/bcpkix-jdk15on/1.64/bcpkix-jdk15on-1.64.jar
2025-01-29 01:57:26,369 [BasicRepositoryConnector-repo.maven.apache.org-3-2] INFO  o.e.m.c.i.e.AbstractTransferListenerAdapter - Downloaded https://repo.maven.apache.org/maven2/com/fasterxml/jackson/core/jackson-databind/2.10.3/jackson-databind-2.10.3.jar
2025-01-29 01:57:26,420 [BasicRepositoryConnector-repo.maven.apache.org-3-3] INFO  o.e.m.c.i.e.AbstractTransferListenerAdapter - Downloading https://repo.maven.apache.org/maven2/org/bouncycastle/bcprov-jdk15on/1.64/bcprov-jdk15on-1.64.jar
2025-01-29 01:57:26,462 [BasicRepositoryConnector-repo.maven.apache.org-3-0] INFO  o.e.m.c.i.e.AbstractTransferListenerAdapter - Downloading https://repo.maven.apache.org/maven2/org/slf4j/jcl-over-slf4j/1.7.30/jcl-over-slf4j-1.7.30.jar
2025-01-29 01:57:26,505 [BasicRepositoryConnector-repo.maven.apache.org-3-2] INFO  o.e.m.c.i.e.AbstractTransferListenerAdapter - Downloading https://repo.maven.apache.org/maven2/com/github/docker-java/docker-java-transport-httpclient5/3.2.13/docker-java-transport-httpclient5-3.2.13.jar
2025-01-29 01:57:26,538 [BasicRepositoryConnector-repo.maven.apache.org-3-0] INFO  o.e.m.c.i.e.AbstractTransferListenerAdapter - Downloaded https://repo.maven.apache.org/maven2/org/slf4j/jcl-over-slf4j/1.7.30/jcl-over-slf4j-1.7.30.jar
2025-01-29 01:57:26,558 [BasicRepositoryConnector-repo.maven.apache.org-3-2] INFO  o.e.m.c.i.e.AbstractTransferListenerAdapter - Downloaded https://repo.maven.apache.org/maven2/com/github/docker-java/docker-java-transport-httpclient5/3.2.13/docker-java-transport-httpclient5-3.2.13.jar
2025-01-29 01:57:26,636 [BasicRepositoryConnector-repo.maven.apache.org-3-0] INFO  o.e.m.c.i.e.AbstractTransferListenerAdapter - Downloading https://repo.maven.apache.org/maven2/com/github/docker-java/docker-java-transport/3.2.13/docker-java-transport-3.2.13.jar
2025-01-29 01:57:26,639 [BasicRepositoryConnector-repo.maven.apache.org-3-4] INFO  o.e.m.c.i.e.AbstractTransferListenerAdapter - Downloaded https://repo.maven.apache.org/maven2/org/bouncycastle/bcpkix-jdk15on/1.64/bcpkix-jdk15on-1.64.jar
2025-01-29 01:57:26,649 [BasicRepositoryConnector-repo.maven.apache.org-3-2] INFO  o.e.m.c.i.e.AbstractTransferListenerAdapter - Downloading https://repo.maven.apache.org/maven2/net/java/dev/jna/jna/5.8.0/jna-5.8.0.jar
2025-01-29 01:57:26,685 [BasicRepositoryConnector-repo.maven.apache.org-3-4] INFO  o.e.m.c.i.e.AbstractTransferListenerAdapter - Downloading https://repo.maven.apache.org/maven2/org/brotli/dec/0.1.2/dec-0.1.2.jar
2025-01-29 01:57:26,768 [BasicRepositoryConnector-repo.maven.apache.org-3-0] INFO  o.e.m.c.i.e.AbstractTransferListenerAdapter - Downloaded https://repo.maven.apache.org/maven2/com/github/docker-java/docker-java-transport/3.2.13/docker-java-transport-3.2.13.jar
2025-01-29 01:57:26,813 [BasicRepositoryConnector-repo.maven.apache.org-3-4] INFO  o.e.m.c.i.e.AbstractTransferListenerAdapter - Downloaded https://repo.maven.apache.org/maven2/org/brotli/dec/0.1.2/dec-0.1.2.jar
2025-01-29 01:57:26,829 [BasicRepositoryConnector-repo.maven.apache.org-3-0] INFO  o.e.m.c.i.e.AbstractTransferListenerAdapter - Downloading https://repo.maven.apache.org/maven2/org/apache/httpcomponents/client5/httpclient5/5.1.3/httpclient5-5.1.3.jar
2025-01-29 01:57:26,844 [BasicRepositoryConnector-repo.maven.apache.org-3-1] INFO  o.e.m.c.i.e.AbstractTransferListenerAdapter - Downloaded https://repo.maven.apache.org/maven2/com/fasterxml/jackson/core/jackson-core/2.10.3/jackson-core-2.10.3.jar
2025-01-29 01:57:26,976 [BasicRepositoryConnector-repo.maven.apache.org-3-1] INFO  o.e.m.c.i.e.AbstractTransferListenerAdapter - Downloading https://repo.maven.apache.org/maven2/org/apache/httpcomponents/core5/httpcore5-h2/5.1.3/httpcore5-h2-5.1.3.jar
2025-01-29 01:57:26,984 [BasicRepositoryConnector-repo.maven.apache.org-3-4] INFO  o.e.m.c.i.e.AbstractTransferListenerAdapter - Downloading https://repo.maven.apache.org/maven2/org/apache/httpcomponents/core5/httpcore5/5.1.3/httpcore5-5.1.3.jar
2025-01-29 01:57:27,135 [BasicRepositoryConnector-repo.maven.apache.org-3-0] INFO  o.e.m.c.i.e.AbstractTransferListenerAdapter - Downloaded https://repo.maven.apache.org/maven2/org/apache/httpcomponents/client5/httpclient5/5.1.3/httpclient5-5.1.3.jar
2025-01-29 01:57:27,197 [BasicRepositoryConnector-repo.maven.apache.org-3-0] INFO  o.e.m.c.i.e.AbstractTransferListenerAdapter - Downloading https://repo.maven.apache.org/maven2/org/slf4j/slf4j-api/1.7.30/slf4j-api-1.7.30.jar
2025-01-29 01:57:27,221 [BasicRepositoryConnector-repo.maven.apache.org-3-1] INFO  o.e.m.c.i.e.AbstractTransferListenerAdapter - Downloaded https://repo.maven.apache.org/maven2/org/apache/httpcomponents/core5/httpcore5-h2/5.1.3/httpcore5-h2-5.1.3.jar
2025-01-29 01:57:27,231 [BasicRepositoryConnector-repo.maven.apache.org-3-0] INFO  o.e.m.c.i.e.AbstractTransferListenerAdapter - Downloaded https://repo.maven.apache.org/maven2/org/slf4j/slf4j-api/1.7.30/slf4j-api-1.7.30.jar
2025-01-29 01:57:27,281 [BasicRepositoryConnector-repo.maven.apache.org-3-1] INFO  o.e.m.c.i.e.AbstractTransferListenerAdapter - Downloading https://repo.maven.apache.org/maven2/org/slf4j/slf4j-simple/1.7.30/slf4j-simple-1.7.30.jar
2025-01-29 01:57:27,301 [BasicRepositoryConnector-repo.maven.apache.org-3-1] INFO  o.e.m.c.i.e.AbstractTransferListenerAdapter - Downloaded https://repo.maven.apache.org/maven2/org/slf4j/slf4j-simple/1.7.30/slf4j-simple-1.7.30.jar
2025-01-29 01:57:27,639 [BasicRepositoryConnector-repo.maven.apache.org-3-4] INFO  o.e.m.c.i.e.AbstractTransferListenerAdapter - Downloaded https://repo.maven.apache.org/maven2/org/apache/httpcomponents/core5/httpcore5/5.1.3/httpcore5-5.1.3.jar
2025-01-29 01:57:27,724 [BasicRepositoryConnector-repo.maven.apache.org-3-2] INFO  o.e.m.c.i.e.AbstractTransferListenerAdapter - Downloaded https://repo.maven.apache.org/maven2/net/java/dev/jna/jna/5.8.0/jna-5.8.0.jar
2025-01-29 01:57:27,863 [BasicRepositoryConnector-repo.maven.apache.org-3-3] INFO  o.e.m.c.i.e.AbstractTransferListenerAdapter - Downloaded https://repo.maven.apache.org/maven2/org/bouncycastle/bcprov-jdk15on/1.64/bcprov-jdk15on-1.64.jar
2025-01-29 01:57:28,864 [Worker-10: Building] INFO  o.a.m.s.f.DefaultMavenResourcesFiltering - skip non existing resourceDirectory C:\Users\ADMIN\eclipse-workspace\test\src\main\resources
2025-01-29 01:57:28,870 [Worker-10: Building] INFO  o.a.m.s.f.DefaultMavenResourcesFiltering - skip non existing resourceDirectory C:\Users\ADMIN\eclipse-workspace\test\src\test\resources
2025-01-29 01:57:29,886 [Worker-14: Download sources and javadoc] INFO  o.e.m.c.i.e.AbstractTransferListenerAdapter - Downloading https://repo.maven.apache.org/maven2/org/junit/jupiter/junit-jupiter-engine/5.11.0/junit-jupiter-engine-5.11.0-sources.jar
2025-01-29 01:57:30,988 [Worker-14: Download sources and javadoc] INFO  o.e.m.c.i.e.AbstractTransferListenerAdapter - Downloaded https://repo.maven.apache.org/maven2/org/junit/jupiter/junit-jupiter-engine/5.11.0/junit-jupiter-engine-5.11.0-sources.jar
2025-01-29 01:57:31,125 [Worker-14: Download sources and javadoc] INFO  o.e.m.j.internal.DownloadSourcesJob - Downloaded sources for org.junit.jupiter:junit-jupiter-engine:5.11.0
2025-01-29 01:57:31,362 [Worker-14: Download sources and javadoc] INFO  o.e.m.c.i.e.AbstractTransferListenerAdapter - Downloading https://repo.maven.apache.org/maven2/org/junit/platform/junit-platform-engine/1.11.0/junit-platform-engine-1.11.0-sources.jar
2025-01-29 01:57:32,258 [Worker-14: Download sources and javadoc] INFO  o.e.m.c.i.e.AbstractTransferListenerAdapter - Downloaded https://repo.maven.apache.org/maven2/org/junit/platform/junit-platform-engine/1.11.0/junit-platform-engine-1.11.0-sources.jar
2025-01-29 01:57:32,274 [Worker-14: Download sources and javadoc] INFO  o.e.m.j.internal.DownloadSourcesJob - Downloaded sources for org.junit.platform:junit-platform-engine:1.11.0
2025-01-29 01:57:32,510 [Worker-14: Download sources and javadoc] INFO  o.e.m.c.i.e.AbstractTransferListenerAdapter - Downloading https://repo.maven.apache.org/maven2/org/testng/testng/7.7.0/testng-7.7.0-sources.jar
2025-01-29 01:57:34,792 [Worker-14: Download sources and javadoc] INFO  o.e.m.c.i.e.AbstractTransferListenerAdapter - Downloaded https://repo.maven.apache.org/maven2/org/testng/testng/7.7.0/testng-7.7.0-sources.jar
2025-01-29 01:57:34,804 [Worker-14: Download sources and javadoc] INFO  o.e.m.j.internal.DownloadSourcesJob - Downloaded sources for org.testng:testng:7.7.0
2025-01-29 01:57:35,012 [Worker-14: Download sources and javadoc] INFO  o.e.m.c.i.e.AbstractTransferListenerAdapter - Downloading https://repo.maven.apache.org/maven2/com/beust/jcommander/1.82/jcommander-1.82-sources.jar
2025-01-29 01:57:35,152 [Worker-14: Download sources and javadoc] INFO  o.e.m.c.i.e.AbstractTransferListenerAdapter - Downloaded https://repo.maven.apache.org/maven2/com/beust/jcommander/1.82/jcommander-1.82-sources.jar
2025-01-29 01:57:35,157 [Worker-14: Download sources and javadoc] INFO  o.e.m.j.internal.DownloadSourcesJob - Downloaded sources for com.beust:jcommander:1.82
2025-01-29 01:57:35,413 [Worker-14: Download sources and javadoc] INFO  o.e.m.c.i.e.AbstractTransferListenerAdapter - Downloading https://repo.maven.apache.org/maven2/org/webjars/jquery/3.6.1/jquery-3.6.1-sources.jar
2025-01-29 01:57:35,429 [Worker-14: Download sources and javadoc] INFO  o.e.m.c.i.e.AbstractTransferListenerAdapter - Downloaded https://repo.maven.apache.org/maven2/org/webjars/jquery/3.6.1/jquery-3.6.1-sources.jar
2025-01-29 01:57:35,439 [Worker-14: Download sources and javadoc] INFO  o.e.m.j.internal.DownloadSourcesJob - Downloaded sources for org.webjars:jquery:3.6.1
2025-01-29 01:57:35,601 [Worker-14: Download sources and javadoc] INFO  o.e.m.c.i.e.AbstractTransferListenerAdapter - Downloading https://repo.maven.apache.org/maven2/org/apache/poi/poi/5.2.3/poi-5.2.3-sources.jar
2025-01-29 01:57:36,714 [Worker-14: Download sources and javadoc] INFO  o.e.m.c.i.e.AbstractTransferListenerAdapter - Downloaded https://repo.maven.apache.org/maven2/org/apache/poi/poi/5.2.3/poi-5.2.3-sources.jar
2025-01-29 01:57:36,722 [Worker-14: Download sources and javadoc] INFO  o.e.m.j.internal.DownloadSourcesJob - Downloaded sources for org.apache.poi:poi:5.2.3
2025-01-29 01:57:36,952 [Worker-14: Download sources and javadoc] INFO  o.e.m.c.i.e.AbstractTransferListenerAdapter - Downloading https://repo.maven.apache.org/maven2/commons-codec/commons-codec/1.15/commons-codec-1.15-sources.jar
2025-01-29 01:57:38,036 [Worker-14: Download sources and javadoc] INFO  o.e.m.c.i.e.AbstractTransferListenerAdapter - Downloaded https://repo.maven.apache.org/maven2/commons-codec/commons-codec/1.15/commons-codec-1.15-sources.jar
2025-01-29 01:57:38,161 [Worker-14: Download sources and javadoc] INFO  o.e.m.j.internal.DownloadSourcesJob - Downloaded sources for commons-codec:commons-codec:1.15
2025-01-29 01:57:38,350 [Worker-14: Download sources and javadoc] INFO  o.e.m.c.i.e.AbstractTransferListenerAdapter - Downloading https://repo.maven.apache.org/maven2/org/apache/commons/commons-collections4/4.4/commons-collections4-4.4-sources.jar
2025-01-29 01:57:39,103 [Worker-14: Download sources and javadoc] INFO  o.e.m.c.i.e.AbstractTransferListenerAdapter - Downloaded https://repo.maven.apache.org/maven2/org/apache/commons/commons-collections4/4.4/commons-collections4-4.4-sources.jar
2025-01-29 01:57:39,316 [Worker-14: Download sources and javadoc] INFO  o.e.m.j.internal.DownloadSourcesJob - Downloaded sources for org.apache.commons:commons-collections4:4.4
2025-01-29 01:57:39,639 [Worker-14: Download sources and javadoc] INFO  o.e.m.c.i.e.AbstractTransferListenerAdapter - Downloading https://repo.maven.apache.org/maven2/org/apache/commons/commons-math3/3.6.1/commons-math3-3.6.1-sources.jar
2025-01-29 01:57:40,443 [Worker-14: Download sources and javadoc] INFO  o.e.m.c.i.e.AbstractTransferListenerAdapter - Downloaded https://repo.maven.apache.org/maven2/org/apache/commons/commons-math3/3.6.1/commons-math3-3.6.1-sources.jar
2025-01-29 01:57:40,451 [Worker-14: Download sources and javadoc] INFO  o.e.m.j.internal.DownloadSourcesJob - Downloaded sources for org.apache.commons:commons-math3:3.6.1
2025-01-29 01:57:40,664 [Worker-14: Download sources and javadoc] INFO  o.e.m.c.i.e.AbstractTransferListenerAdapter - Downloading https://repo.maven.apache.org/maven2/commons-io/commons-io/2.11.0/commons-io-2.11.0-sources.jar
2025-01-29 01:57:41,797 [Worker-14: Download sources and javadoc] INFO  o.e.m.c.i.e.AbstractTransferListenerAdapter - Downloaded https://repo.maven.apache.org/maven2/commons-io/commons-io/2.11.0/commons-io-2.11.0-sources.jar
2025-01-29 01:57:42,083 [Worker-14: Download sources and javadoc] INFO  o.e.m.j.internal.DownloadSourcesJob - Downloaded sources for commons-io:commons-io:2.11.0
2025-01-29 01:57:42,401 [Worker-14: Download sources and javadoc] INFO  o.e.m.c.i.e.AbstractTransferListenerAdapter - Downloading https://repo.maven.apache.org/maven2/com/zaxxer/SparseBitSet/1.2/SparseBitSet-1.2-sources.jar
2025-01-29 01:57:42,545 [Worker-14: Download sources and javadoc] INFO  o.e.m.c.i.e.AbstractTransferListenerAdapter - Downloaded https://repo.maven.apache.org/maven2/com/zaxxer/SparseBitSet/1.2/SparseBitSet-1.2-sources.jar
2025-01-29 01:57:42,564 [Worker-14: Download sources and javadoc] INFO  o.e.m.j.internal.DownloadSourcesJob - Downloaded sources for com.zaxxer:SparseBitSet:1.2
2025-01-29 01:57:42,812 [Worker-14: Download sources and javadoc] INFO  o.e.m.c.i.e.AbstractTransferListenerAdapter - Downloading https://repo.maven.apache.org/maven2/org/apache/logging/log4j/log4j-api/2.18.0/log4j-api-2.18.0-sources.jar
2025-01-29 01:57:43,871 [Worker-14: Download sources and javadoc] INFO  o.e.m.c.i.e.AbstractTransferListenerAdapter - Downloaded https://repo.maven.apache.org/maven2/org/apache/logging/log4j/log4j-api/2.18.0/log4j-api-2.18.0-sources.jar
2025-01-29 01:57:43,879 [Worker-14: Download sources and javadoc] INFO  o.e.m.j.internal.DownloadSourcesJob - Downloaded sources for org.apache.logging.log4j:log4j-api:2.18.0
2025-01-29 01:57:44,041 [Worker-14: Download sources and javadoc] INFO  o.e.m.c.i.e.AbstractTransferListenerAdapter - Downloading https://repo.maven.apache.org/maven2/org/apache/poi/poi-ooxml/5.2.3/poi-ooxml-5.2.3-sources.jar
2025-01-29 01:57:44,451 [Worker-14: Download sources and javadoc] INFO  o.e.m.c.i.e.AbstractTransferListenerAdapter - Downloaded https://repo.maven.apache.org/maven2/org/apache/poi/poi-ooxml/5.2.3/poi-ooxml-5.2.3-sources.jar
2025-01-29 01:57:44,458 [Worker-14: Download sources and javadoc] INFO  o.e.m.j.internal.DownloadSourcesJob - Downloaded sources for org.apache.poi:poi-ooxml:5.2.3
2025-01-29 01:57:44,661 [Worker-14: Download sources and javadoc] INFO  o.e.m.c.i.e.AbstractTransferListenerAdapter - Downloading https://repo.maven.apache.org/maven2/org/apache/poi/poi-ooxml-lite/5.2.3/poi-ooxml-lite-5.2.3-sources.jar
2025-01-29 01:57:47,411 [Worker-14: Download sources and javadoc] INFO  o.e.m.c.i.e.AbstractTransferListenerAdapter - Downloaded https://repo.maven.apache.org/maven2/org/apache/poi/poi-ooxml-lite/5.2.3/poi-ooxml-lite-5.2.3-sources.jar
2025-01-29 01:57:47,414 [Worker-14: Download sources and javadoc] INFO  o.e.m.j.internal.DownloadSourcesJob - Downloaded sources for org.apache.poi:poi-ooxml-lite:5.2.3
2025-01-29 01:57:47,633 [Worker-14: Download sources and javadoc] INFO  o.e.m.c.i.e.AbstractTransferListenerAdapter - Downloading https://repo.maven.apache.org/maven2/org/apache/xmlbeans/xmlbeans/5.1.1/xmlbeans-5.1.1-sources.jar
2025-01-29 01:57:48,006 [Worker-14: Download sources and javadoc] INFO  o.e.m.c.i.e.AbstractTransferListenerAdapter - Downloaded https://repo.maven.apache.org/maven2/org/apache/xmlbeans/xmlbeans/5.1.1/xmlbeans-5.1.1-sources.jar
2025-01-29 01:57:48,010 [Worker-14: Download sources and javadoc] INFO  o.e.m.j.internal.DownloadSourcesJob - Downloaded sources for org.apache.xmlbeans:xmlbeans:5.1.1
2025-01-29 01:57:48,250 [Worker-14: Download sources and javadoc] INFO  o.e.m.c.i.e.AbstractTransferListenerAdapter - Downloading https://repo.maven.apache.org/maven2/org/apache/commons/commons-compress/1.21/commons-compress-1.21-sources.jar
2025-01-29 01:57:48,593 [Worker-14: Download sources and javadoc] INFO  o.e.m.c.i.e.AbstractTransferListenerAdapter - Downloaded https://repo.maven.apache.org/maven2/org/apache/commons/commons-compress/1.21/commons-compress-1.21-sources.jar
2025-01-29 01:57:48,600 [Worker-14: Download sources and javadoc] INFO  o.e.m.j.internal.DownloadSourcesJob - Downloaded sources for org.apache.commons:commons-compress:1.21
2025-01-29 01:57:48,790 [Worker-14: Download sources and javadoc] INFO  o.e.m.c.i.e.AbstractTransferListenerAdapter - Downloading https://repo.maven.apache.org/maven2/com/github/virtuald/curvesapi/1.07/curvesapi-1.07-sources.jar
2025-01-29 01:57:49,030 [Worker-14: Download sources and javadoc] INFO  o.e.m.c.i.e.AbstractTransferListenerAdapter - Downloaded https://repo.maven.apache.org/maven2/com/github/virtuald/curvesapi/1.07/curvesapi-1.07-sources.jar
2025-01-29 01:57:49,035 [Worker-14: Download sources and javadoc] INFO  o.e.m.j.internal.DownloadSourcesJob - Downloaded sources for com.github.virtuald:curvesapi:1.07
2025-01-29 01:57:49,244 [Worker-14: Download sources and javadoc] INFO  o.e.m.c.i.e.AbstractTransferListenerAdapter - Downloading https://repo.maven.apache.org/maven2/org/seleniumhq/selenium/selenium-java/4.5.0/selenium-java-4.5.0-sources.jar
2025-01-29 01:57:49,251 [Worker-14: Download sources and javadoc] INFO  o.e.m.c.i.e.AbstractTransferListenerAdapter - Downloaded https://repo.maven.apache.org/maven2/org/seleniumhq/selenium/selenium-java/4.5.0/selenium-java-4.5.0-sources.jar
2025-01-29 01:57:49,255 [Worker-14: Download sources and javadoc] INFO  o.e.m.j.internal.DownloadSourcesJob - Downloaded sources for org.seleniumhq.selenium:selenium-java:4.5.0
2025-01-29 01:57:49,432 [Worker-14: Download sources and javadoc] INFO  o.e.m.c.i.e.AbstractTransferListenerAdapter - Downloading https://repo.maven.apache.org/maven2/org/seleniumhq/selenium/selenium-api/4.5.0/selenium-api-4.5.0-sources.jar
2025-01-29 01:57:49,681 [Worker-14: Download sources and javadoc] INFO  o.e.m.c.i.e.AbstractTransferListenerAdapter - Downloaded https://repo.maven.apache.org/maven2/org/seleniumhq/selenium/selenium-api/4.5.0/selenium-api-4.5.0-sources.jar
2025-01-29 01:57:49,685 [Worker-14: Download sources and javadoc] INFO  o.e.m.j.internal.DownloadSourcesJob - Downloaded sources for org.seleniumhq.selenium:selenium-api:4.5.0
2025-01-29 01:57:49,881 [Worker-14: Download sources and javadoc] INFO  o.e.m.c.i.e.AbstractTransferListenerAdapter - Downloading https://repo.maven.apache.org/maven2/org/seleniumhq/selenium/selenium-chrome-driver/4.5.0/selenium-chrome-driver-4.5.0-sources.jar
2025-01-29 01:57:49,895 [Worker-14: Download sources and javadoc] INFO  o.e.m.c.i.e.AbstractTransferListenerAdapter - Downloaded https://repo.maven.apache.org/maven2/org/seleniumhq/selenium/selenium-chrome-driver/4.5.0/selenium-chrome-driver-4.5.0-sources.jar
2025-01-29 01:57:49,899 [Worker-14: Download sources and javadoc] INFO  o.e.m.j.internal.DownloadSourcesJob - Downloaded sources for org.seleniumhq.selenium:selenium-chrome-driver:4.5.0
2025-01-29 01:57:50,111 [Worker-14: Download sources and javadoc] INFO  o.e.m.c.i.e.AbstractTransferListenerAdapter - Downloading https://repo.maven.apache.org/maven2/com/google/auto/service/auto-service-annotations/1.0.1/auto-service-annotations-1.0.1-sources.jar
2025-01-29 01:57:50,121 [Worker-14: Download sources and javadoc] INFO  o.e.m.c.i.e.AbstractTransferListenerAdapter - Downloaded https://repo.maven.apache.org/maven2/com/google/auto/service/auto-service-annotations/1.0.1/auto-service-annotations-1.0.1-sources.jar
2025-01-29 01:57:50,128 [Worker-14: Download sources and javadoc] INFO  o.e.m.j.internal.DownloadSourcesJob - Downloaded sources for com.google.auto.service:auto-service-annotations:1.0.1
2025-01-29 01:57:50,311 [Worker-14: Download sources and javadoc] INFO  o.e.m.c.i.e.AbstractTransferListenerAdapter - Downloading https://repo.maven.apache.org/maven2/com/google/auto/service/auto-service/1.0.1/auto-service-1.0.1-sources.jar
2025-01-29 01:57:50,327 [Worker-14: Download sources and javadoc] INFO  o.e.m.c.i.e.AbstractTransferListenerAdapter - Downloaded https://repo.maven.apache.org/maven2/com/google/auto/service/auto-service/1.0.1/auto-service-1.0.1-sources.jar
2025-01-29 01:57:50,333 [Worker-14: Download sources and javadoc] INFO  o.e.m.j.internal.DownloadSourcesJob - Downloaded sources for com.google.auto.service:auto-service:1.0.1
2025-01-29 01:57:50,520 [Worker-14: Download sources and javadoc] INFO  o.e.m.c.i.e.AbstractTransferListenerAdapter - Downloading https://repo.maven.apache.org/maven2/com/google/auto/auto-common/1.2/auto-common-1.2-sources.jar
2025-01-29 01:57:50,626 [Worker-14: Download sources and javadoc] INFO  o.e.m.c.i.e.AbstractTransferListenerAdapter - Downloaded https://repo.maven.apache.org/maven2/com/google/auto/auto-common/1.2/auto-common-1.2-sources.jar
2025-01-29 01:57:50,637 [Worker-14: Download sources and javadoc] INFO  o.e.m.j.internal.DownloadSourcesJob - Downloaded sources for com.google.auto:auto-common:1.2
2025-01-29 01:57:50,840 [Worker-14: Download sources and javadoc] INFO  o.e.m.c.i.e.AbstractTransferListenerAdapter - Downloading https://repo.maven.apache.org/maven2/com/google/guava/guava/31.1-jre/guava-31.1-jre-sources.jar
2025-01-29 01:57:51,368 [Worker-14: Download sources and javadoc] INFO  o.e.m.c.i.e.AbstractTransferListenerAdapter - Downloaded https://repo.maven.apache.org/maven2/com/google/guava/guava/31.1-jre/guava-31.1-jre-sources.jar
2025-01-29 01:57:51,371 [Worker-14: Download sources and javadoc] INFO  o.e.m.j.internal.DownloadSourcesJob - Downloaded sources for com.google.guava:guava:31.1-jre
2025-01-29 01:57:51,567 [Worker-14: Download sources and javadoc] INFO  o.e.m.c.i.e.AbstractTransferListenerAdapter - Downloading https://repo.maven.apache.org/maven2/com/google/guava/failureaccess/1.0.1/failureaccess-1.0.1-sources.jar
2025-01-29 01:57:51,583 [Worker-14: Download sources and javadoc] INFO  o.e.m.c.i.e.AbstractTransferListenerAdapter - Downloaded https://repo.maven.apache.org/maven2/com/google/guava/failureaccess/1.0.1/failureaccess-1.0.1-sources.jar
2025-01-29 01:57:51,590 [Worker-14: Download sources and javadoc] INFO  o.e.m.j.internal.DownloadSourcesJob - Downloaded sources for com.google.guava:failureaccess:1.0.1
2025-01-29 01:57:51,837 [Worker-14: Download sources and javadoc] INFO  o.e.m.c.i.e.AbstractTransferListenerAdapter - Downloaded https://repo.maven.apache.org/maven2/com/google/guava/listenablefuture/9999.0-empty-to-avoid-conflict-with-guava/listenablefuture-9999.0-empty-to-avoid-conflict-with-guava-sources.jar
2025-01-29 01:57:51,854 [Worker-14: Download sources and javadoc] ERROR o.e.m.j.internal.DownloadSourcesJob - Could not download sources for com.google.guava:listenablefuture:9999.0-empty-to-avoid-conflict-with-guava
org.eclipse.core.runtime.CoreException: Could not resolve artifact com.google.guava:listenablefuture:jar:sources:9999.0-empty-to-avoid-conflict-with-guava
	at org.eclipse.m2e.core.internal.embedder.MavenImpl.lambda$7(MavenImpl.java:540)
	at org.eclipse.m2e.core.internal.embedder.MavenExecutionContext.executeBare(MavenExecutionContext.java:458)
	at org.eclipse.m2e.core.internal.embedder.MavenExecutionContext.execute(MavenExecutionContext.java:292)
	at org.eclipse.m2e.core.internal.embedder.MavenExecutionContext.execute(MavenExecutionContext.java:278)
	at org.eclipse.m2e.core.internal.embedder.MavenImpl.resolve(MavenImpl.java:509)
	at org.eclipse.m2e.core.internal.embedder.MavenImpl.resolve(MavenImpl.java:494)
	at org.eclipse.m2e.jdt.internal.DownloadSourcesJob.download(DownloadSourcesJob.java:308)
	at org.eclipse.m2e.jdt.internal.DownloadSourcesJob.downloadAttachments(DownloadSourcesJob.java:282)
	at org.eclipse.m2e.jdt.internal.DownloadSourcesJob.downloadMaven(DownloadSourcesJob.java:252)
	at org.eclipse.m2e.jdt.internal.DownloadSourcesJob.downloadFilesAndPopulateToUpdate(DownloadSourcesJob.java:220)
	at org.eclipse.m2e.jdt.internal.DownloadSourcesJob.lambda$0(DownloadSourcesJob.java:149)
	at org.eclipse.m2e.core.internal.embedder.MavenExecutionContext.executeBare(MavenExecutionContext.java:458)
	at org.eclipse.m2e.core.internal.embedder.MavenExecutionContext.execute(MavenExecutionContext.java:339)
	at org.eclipse.m2e.core.internal.embedder.MavenExecutionContext.execute(MavenExecutionContext.java:278)
	at org.eclipse.m2e.core.embedder.IMaven.execute(IMaven.java:300)
	at org.eclipse.m2e.jdt.internal.DownloadSourcesJob.run(DownloadSourcesJob.java:149)
	at org.eclipse.core.internal.jobs.Worker.run(Worker.java:63)
2025-01-29 01:57:52,068 [Worker-14: Download sources and javadoc] INFO  o.e.m.c.i.e.AbstractTransferListenerAdapter - Downloading https://repo.maven.apache.org/maven2/com/google/code/findbugs/jsr305/3.0.2/jsr305-3.0.2-sources.jar
2025-01-29 01:57:52,089 [Worker-14: Download sources and javadoc] INFO  o.e.m.c.i.e.AbstractTransferListenerAdapter - Downloaded https://repo.maven.apache.org/maven2/com/google/code/findbugs/jsr305/3.0.2/jsr305-3.0.2-sources.jar
2025-01-29 01:57:52,093 [Worker-14: Download sources and javadoc] INFO  o.e.m.j.internal.DownloadSourcesJob - Downloaded sources for com.google.code.findbugs:jsr305:3.0.2
2025-01-29 01:57:52,321 [Worker-14: Download sources and javadoc] INFO  o.e.m.c.i.e.AbstractTransferListenerAdapter - Downloading https://repo.maven.apache.org/maven2/org/checkerframework/checker-qual/3.12.0/checker-qual-3.12.0-sources.jar
2025-01-29 01:57:52,673 [Worker-14: Download sources and javadoc] INFO  o.e.m.c.i.e.AbstractTransferListenerAdapter - Downloaded https://repo.maven.apache.org/maven2/org/checkerframework/checker-qual/3.12.0/checker-qual-3.12.0-sources.jar
2025-01-29 01:57:52,677 [Worker-14: Download sources and javadoc] INFO  o.e.m.j.internal.DownloadSourcesJob - Downloaded sources for org.checkerframework:checker-qual:3.12.0
2025-01-29 01:57:52,870 [Worker-14: Download sources and javadoc] INFO  o.e.m.c.i.e.AbstractTransferListenerAdapter - Downloading https://repo.maven.apache.org/maven2/com/google/errorprone/error_prone_annotations/2.11.0/error_prone_annotations-2.11.0-sources.jar
2025-01-29 01:57:52,941 [Worker-14: Download sources and javadoc] INFO  o.e.m.c.i.e.AbstractTransferListenerAdapter - Downloaded https://repo.maven.apache.org/maven2/com/google/errorprone/error_prone_annotations/2.11.0/error_prone_annotations-2.11.0-sources.jar
2025-01-29 01:57:52,946 [Worker-14: Download sources and javadoc] INFO  o.e.m.j.internal.DownloadSourcesJob - Downloaded sources for com.google.errorprone:error_prone_annotations:2.11.0
2025-01-29 01:57:53,152 [Worker-14: Download sources and javadoc] INFO  o.e.m.c.i.e.AbstractTransferListenerAdapter - Downloading https://repo.maven.apache.org/maven2/com/google/j2objc/j2objc-annotations/1.3/j2objc-annotations-1.3-sources.jar
2025-01-29 01:57:53,167 [Worker-14: Download sources and javadoc] INFO  o.e.m.c.i.e.AbstractTransferListenerAdapter - Downloaded https://repo.maven.apache.org/maven2/com/google/j2objc/j2objc-annotations/1.3/j2objc-annotations-1.3-sources.jar
2025-01-29 01:57:53,172 [Worker-14: Download sources and javadoc] INFO  o.e.m.j.internal.DownloadSourcesJob - Downloaded sources for com.google.j2objc:j2objc-annotations:1.3
2025-01-29 01:57:53,349 [Worker-14: Download sources and javadoc] INFO  o.e.m.c.i.e.AbstractTransferListenerAdapter - Downloading https://repo.maven.apache.org/maven2/org/seleniumhq/selenium/selenium-chromium-driver/4.5.0/selenium-chromium-driver-4.5.0-sources.jar
2025-01-29 01:57:53,381 [Worker-14: Download sources and javadoc] INFO  o.e.m.c.i.e.AbstractTransferListenerAdapter - Downloaded https://repo.maven.apache.org/maven2/org/seleniumhq/selenium/selenium-chromium-driver/4.5.0/selenium-chromium-driver-4.5.0-sources.jar
2025-01-29 01:57:53,384 [Worker-14: Download sources and javadoc] INFO  o.e.m.j.internal.DownloadSourcesJob - Downloaded sources for org.seleniumhq.selenium:selenium-chromium-driver:4.5.0
2025-01-29 01:57:53,546 [Worker-14: Download sources and javadoc] INFO  o.e.m.c.i.e.AbstractTransferListenerAdapter - Downloading https://repo.maven.apache.org/maven2/org/seleniumhq/selenium/selenium-json/4.5.0/selenium-json-4.5.0-sources.jar
2025-01-29 01:57:53,614 [Worker-14: Download sources and javadoc] INFO  o.e.m.c.i.e.AbstractTransferListenerAdapter - Downloaded https://repo.maven.apache.org/maven2/org/seleniumhq/selenium/selenium-json/4.5.0/selenium-json-4.5.0-sources.jar
2025-01-29 01:57:53,620 [Worker-14: Download sources and javadoc] INFO  o.e.m.j.internal.DownloadSourcesJob - Downloaded sources for org.seleniumhq.selenium:selenium-json:4.5.0
2025-01-29 01:57:53,801 [Worker-14: Download sources and javadoc] INFO  o.e.m.c.i.e.AbstractTransferListenerAdapter - Downloading https://repo.maven.apache.org/maven2/org/seleniumhq/selenium/selenium-devtools-v104/4.5.0/selenium-devtools-v104-4.5.0-sources.jar
2025-01-29 01:57:54,202 [Worker-14: Download sources and javadoc] INFO  o.e.m.c.i.e.AbstractTransferListenerAdapter - Downloaded https://repo.maven.apache.org/maven2/org/seleniumhq/selenium/selenium-devtools-v104/4.5.0/selenium-devtools-v104-4.5.0-sources.jar
2025-01-29 01:57:54,207 [Worker-14: Download sources and javadoc] INFO  o.e.m.j.internal.DownloadSourcesJob - Downloaded sources for org.seleniumhq.selenium:selenium-devtools-v104:4.5.0
2025-01-29 01:57:54,400 [Worker-14: Download sources and javadoc] INFO  o.e.m.c.i.e.AbstractTransferListenerAdapter - Downloading https://repo.maven.apache.org/maven2/org/seleniumhq/selenium/selenium-devtools-v105/4.5.0/selenium-devtools-v105-4.5.0-sources.jar
2025-01-29 01:57:54,641 [Worker-14: Download sources and javadoc] INFO  o.e.m.c.i.e.AbstractTransferListenerAdapter - Downloaded https://repo.maven.apache.org/maven2/org/seleniumhq/selenium/selenium-devtools-v105/4.5.0/selenium-devtools-v105-4.5.0-sources.jar
2025-01-29 01:57:54,645 [Worker-14: Download sources and javadoc] INFO  o.e.m.j.internal.DownloadSourcesJob - Downloaded sources for org.seleniumhq.selenium:selenium-devtools-v105:4.5.0
2025-01-29 01:57:54,828 [Worker-14: Download sources and javadoc] INFO  o.e.m.c.i.e.AbstractTransferListenerAdapter - Downloading https://repo.maven.apache.org/maven2/org/seleniumhq/selenium/selenium-devtools-v106/4.5.0/selenium-devtools-v106-4.5.0-sources.jar
2025-01-29 01:57:55,140 [Worker-14: Download sources and javadoc] INFO  o.e.m.c.i.e.AbstractTransferListenerAdapter - Downloaded https://repo.maven.apache.org/maven2/org/seleniumhq/selenium/selenium-devtools-v106/4.5.0/selenium-devtools-v106-4.5.0-sources.jar
2025-01-29 01:57:55,147 [Worker-14: Download sources and javadoc] INFO  o.e.m.j.internal.DownloadSourcesJob - Downloaded sources for org.seleniumhq.selenium:selenium-devtools-v106:4.5.0
2025-01-29 01:57:55,301 [Worker-14: Download sources and javadoc] INFO  o.e.m.c.i.e.AbstractTransferListenerAdapter - Downloading https://repo.maven.apache.org/maven2/org/seleniumhq/selenium/selenium-devtools-v85/4.5.0/selenium-devtools-v85-4.5.0-sources.jar
2025-01-29 01:57:56,182 [Worker-14: Download sources and javadoc] INFO  o.e.m.c.i.e.AbstractTransferListenerAdapter - Downloaded https://repo.maven.apache.org/maven2/org/seleniumhq/selenium/selenium-devtools-v85/4.5.0/selenium-devtools-v85-4.5.0-sources.jar
2025-01-29 01:57:56,187 [Worker-14: Download sources and javadoc] INFO  o.e.m.j.internal.DownloadSourcesJob - Downloaded sources for org.seleniumhq.selenium:selenium-devtools-v85:4.5.0
2025-01-29 01:57:56,746 [Worker-14: Download sources and javadoc] INFO  o.e.m.c.i.e.AbstractTransferListenerAdapter - Downloading https://repo.maven.apache.org/maven2/org/seleniumhq/selenium/selenium-edge-driver/4.5.0/selenium-edge-driver-4.5.0-sources.jar
2025-01-29 01:57:56,771 [Worker-14: Download sources and javadoc] INFO  o.e.m.c.i.e.AbstractTransferListenerAdapter - Downloaded https://repo.maven.apache.org/maven2/org/seleniumhq/selenium/selenium-edge-driver/4.5.0/selenium-edge-driver-4.5.0-sources.jar
2025-01-29 01:57:56,778 [Worker-14: Download sources and javadoc] INFO  o.e.m.j.internal.DownloadSourcesJob - Downloaded sources for org.seleniumhq.selenium:selenium-edge-driver:4.5.0
2025-01-29 01:57:56,999 [Worker-14: Download sources and javadoc] INFO  o.e.m.c.i.e.AbstractTransferListenerAdapter - Downloading https://repo.maven.apache.org/maven2/org/seleniumhq/selenium/selenium-firefox-driver/4.5.0/selenium-firefox-driver-4.5.0-sources.jar
2025-01-29 01:57:57,129 [Worker-14: Download sources and javadoc] INFO  o.e.m.c.i.e.AbstractTransferListenerAdapter - Downloaded https://repo.maven.apache.org/maven2/org/seleniumhq/selenium/selenium-firefox-driver/4.5.0/selenium-firefox-driver-4.5.0-sources.jar
2025-01-29 01:57:57,133 [Worker-14: Download sources and javadoc] INFO  o.e.m.j.internal.DownloadSourcesJob - Downloaded sources for org.seleniumhq.selenium:selenium-firefox-driver:4.5.0
2025-01-29 01:57:57,652 [Worker-14: Download sources and javadoc] INFO  o.e.m.c.i.e.AbstractTransferListenerAdapter - Downloading https://repo.maven.apache.org/maven2/org/seleniumhq/selenium/selenium-ie-driver/4.5.0/selenium-ie-driver-4.5.0-sources.jar
2025-01-29 01:57:57,669 [Worker-14: Download sources and javadoc] INFO  o.e.m.c.i.e.AbstractTransferListenerAdapter - Downloaded https://repo.maven.apache.org/maven2/org/seleniumhq/selenium/selenium-ie-driver/4.5.0/selenium-ie-driver-4.5.0-sources.jar
2025-01-29 01:57:57,677 [Worker-14: Download sources and javadoc] INFO  o.e.m.j.internal.DownloadSourcesJob - Downloaded sources for org.seleniumhq.selenium:selenium-ie-driver:4.5.0
2025-01-29 01:57:57,878 [Worker-14: Download sources and javadoc] INFO  o.e.m.c.i.e.AbstractTransferListenerAdapter - Downloading https://repo.maven.apache.org/maven2/org/seleniumhq/selenium/selenium-remote-driver/4.5.0/selenium-remote-driver-4.5.0-sources.jar
2025-01-29 01:57:58,265 [Worker-14: Download sources and javadoc] INFO  o.e.m.c.i.e.AbstractTransferListenerAdapter - Downloaded https://repo.maven.apache.org/maven2/org/seleniumhq/selenium/selenium-remote-driver/4.5.0/selenium-remote-driver-4.5.0-sources.jar
2025-01-29 01:57:58,271 [Worker-14: Download sources and javadoc] INFO  o.e.m.j.internal.DownloadSourcesJob - Downloaded sources for org.seleniumhq.selenium:selenium-remote-driver:4.5.0
2025-01-29 01:57:58,473 [Worker-14: Download sources and javadoc] INFO  o.e.m.c.i.e.AbstractTransferListenerAdapter - Downloading https://repo.maven.apache.org/maven2/io/netty/netty-buffer/4.1.79.Final/netty-buffer-4.1.79.Final-sources.jar
2025-01-29 01:57:58,749 [Worker-14: Download sources and javadoc] INFO  o.e.m.c.i.e.AbstractTransferListenerAdapter - Downloaded https://repo.maven.apache.org/maven2/io/netty/netty-buffer/4.1.79.Final/netty-buffer-4.1.79.Final-sources.jar
2025-01-29 01:57:58,755 [Worker-14: Download sources and javadoc] INFO  o.e.m.j.internal.DownloadSourcesJob - Downloaded sources for io.netty:netty-buffer:4.1.79.Final
2025-01-29 01:57:58,951 [Worker-14: Download sources and javadoc] INFO  o.e.m.c.i.e.AbstractTransferListenerAdapter - Downloading https://repo.maven.apache.org/maven2/io/netty/netty-codec-http/4.1.79.Final/netty-codec-http-4.1.79.Final-sources.jar
2025-01-29 01:57:59,620 [Worker-14: Download sources and javadoc] INFO  o.e.m.c.i.e.AbstractTransferListenerAdapter - Downloaded https://repo.maven.apache.org/maven2/io/netty/netty-codec-http/4.1.79.Final/netty-codec-http-4.1.79.Final-sources.jar
2025-01-29 01:57:59,626 [Worker-14: Download sources and javadoc] INFO  o.e.m.j.internal.DownloadSourcesJob - Downloaded sources for io.netty:netty-codec-http:4.1.79.Final
2025-01-29 01:57:59,852 [Worker-14: Download sources and javadoc] INFO  o.e.m.c.i.e.AbstractTransferListenerAdapter - Downloading https://repo.maven.apache.org/maven2/io/netty/netty-codec/4.1.79.Final/netty-codec-4.1.79.Final-sources.jar
2025-01-29 01:58:00,283 [Worker-14: Download sources and javadoc] INFO  o.e.m.c.i.e.AbstractTransferListenerAdapter - Downloaded https://repo.maven.apache.org/maven2/io/netty/netty-codec/4.1.79.Final/netty-codec-4.1.79.Final-sources.jar
2025-01-29 01:58:00,289 [Worker-14: Download sources and javadoc] INFO  o.e.m.j.internal.DownloadSourcesJob - Downloaded sources for io.netty:netty-codec:4.1.79.Final
2025-01-29 01:58:00,523 [Worker-14: Download sources and javadoc] INFO  o.e.m.c.i.e.AbstractTransferListenerAdapter - Downloading https://repo.maven.apache.org/maven2/io/netty/netty-handler/4.1.79.Final/netty-handler-4.1.79.Final-sources.jar
2025-01-29 01:58:00,993 [Worker-14: Download sources and javadoc] INFO  o.e.m.c.i.e.AbstractTransferListenerAdapter - Downloaded https://repo.maven.apache.org/maven2/io/netty/netty-handler/4.1.79.Final/netty-handler-4.1.79.Final-sources.jar
2025-01-29 01:58:00,998 [Worker-14: Download sources and javadoc] INFO  o.e.m.j.internal.DownloadSourcesJob - Downloaded sources for io.netty:netty-handler:4.1.79.Final
2025-01-29 01:58:01,501 [Worker-14: Download sources and javadoc] INFO  o.e.m.c.i.e.AbstractTransferListenerAdapter - Downloading https://repo.maven.apache.org/maven2/io/netty/netty-common/4.1.79.Final/netty-common-4.1.79.Final-sources.jar
2025-01-29 01:58:01,786 [Worker-14: Download sources and javadoc] INFO  o.e.m.c.i.e.AbstractTransferListenerAdapter - Downloaded https://repo.maven.apache.org/maven2/io/netty/netty-common/4.1.79.Final/netty-common-4.1.79.Final-sources.jar
2025-01-29 01:58:01,790 [Worker-14: Download sources and javadoc] INFO  o.e.m.j.internal.DownloadSourcesJob - Downloaded sources for io.netty:netty-common:4.1.79.Final
2025-01-29 01:58:02,007 [Worker-14: Download sources and javadoc] INFO  o.e.m.c.i.e.AbstractTransferListenerAdapter - Downloading https://repo.maven.apache.org/maven2/io/netty/netty-transport-classes-epoll/4.1.79.Final/netty-transport-classes-epoll-4.1.79.Final-sources.jar
2025-01-29 01:58:02,148 [Worker-14: Download sources and javadoc] INFO  o.e.m.c.i.e.AbstractTransferListenerAdapter - Downloaded https://repo.maven.apache.org/maven2/io/netty/netty-transport-classes-epoll/4.1.79.Final/netty-transport-classes-epoll-4.1.79.Final-sources.jar
2025-01-29 01:58:02,153 [Worker-14: Download sources and javadoc] INFO  o.e.m.j.internal.DownloadSourcesJob - Downloaded sources for io.netty:netty-transport-classes-epoll:4.1.79.Final
2025-01-29 01:58:02,357 [Worker-14: Download sources and javadoc] INFO  o.e.m.c.i.e.AbstractTransferListenerAdapter - Downloading https://repo.maven.apache.org/maven2/io/netty/netty-transport-classes-kqueue/4.1.79.Final/netty-transport-classes-kqueue-4.1.79.Final-sources.jar
2025-01-29 01:58:02,489 [Worker-14: Download sources and javadoc] INFO  o.e.m.c.i.e.AbstractTransferListenerAdapter - Downloaded https://repo.maven.apache.org/maven2/io/netty/netty-transport-classes-kqueue/4.1.79.Final/netty-transport-classes-kqueue-4.1.79.Final-sources.jar
2025-01-29 01:58:02,494 [Worker-14: Download sources and javadoc] INFO  o.e.m.j.internal.DownloadSourcesJob - Downloaded sources for io.netty:netty-transport-classes-kqueue:4.1.79.Final
2025-01-29 01:58:02,702 [Worker-14: Download sources and javadoc] INFO  o.e.m.c.i.e.AbstractTransferListenerAdapter - Downloading https://repo.maven.apache.org/maven2/io/netty/netty-transport-native-epoll/4.1.79.Final/netty-transport-native-epoll-4.1.79.Final-sources.jar
2025-01-29 01:58:02,729 [Worker-14: Download sources and javadoc] INFO  o.e.m.c.i.e.AbstractTransferListenerAdapter - Downloaded https://repo.maven.apache.org/maven2/io/netty/netty-transport-native-epoll/4.1.79.Final/netty-transport-native-epoll-4.1.79.Final-sources.jar
2025-01-29 01:58:02,734 [Worker-14: Download sources and javadoc] INFO  o.e.m.j.internal.DownloadSourcesJob - Downloaded sources for io.netty:netty-transport-native-epoll:4.1.79.Final
2025-01-29 01:58:02,955 [Worker-14: Download sources and javadoc] INFO  o.e.m.c.i.e.AbstractTransferListenerAdapter - Downloading https://repo.maven.apache.org/maven2/io/netty/netty-transport-native-kqueue/4.1.79.Final/netty-transport-native-kqueue-4.1.79.Final-sources.jar
2025-01-29 01:58:02,972 [Worker-14: Download sources and javadoc] INFO  o.e.m.c.i.e.AbstractTransferListenerAdapter - Downloaded https://repo.maven.apache.org/maven2/io/netty/netty-transport-native-kqueue/4.1.79.Final/netty-transport-native-kqueue-4.1.79.Final-sources.jar
2025-01-29 01:58:02,976 [Worker-14: Download sources and javadoc] INFO  o.e.m.j.internal.DownloadSourcesJob - Downloaded sources for io.netty:netty-transport-native-kqueue:4.1.79.Final
2025-01-29 01:58:03,206 [Worker-14: Download sources and javadoc] INFO  o.e.m.c.i.e.AbstractTransferListenerAdapter - Downloading https://repo.maven.apache.org/maven2/io/netty/netty-transport-native-unix-common/4.1.79.Final/netty-transport-native-unix-common-4.1.79.Final-sources.jar
2025-01-29 01:58:03,331 [Worker-14: Download sources and javadoc] INFO  o.e.m.c.i.e.AbstractTransferListenerAdapter - Downloaded https://repo.maven.apache.org/maven2/io/netty/netty-transport-native-unix-common/4.1.79.Final/netty-transport-native-unix-common-4.1.79.Final-sources.jar
2025-01-29 01:58:03,336 [Worker-14: Download sources and javadoc] INFO  o.e.m.j.internal.DownloadSourcesJob - Downloaded sources for io.netty:netty-transport-native-unix-common:4.1.79.Final
2025-01-29 01:58:03,514 [Worker-14: Download sources and javadoc] INFO  o.e.m.c.i.e.AbstractTransferListenerAdapter - Downloading https://repo.maven.apache.org/maven2/io/netty/netty-transport/4.1.79.Final/netty-transport-4.1.79.Final-sources.jar
2025-01-29 01:58:03,972 [Worker-14: Download sources and javadoc] INFO  o.e.m.c.i.e.AbstractTransferListenerAdapter - Downloaded https://repo.maven.apache.org/maven2/io/netty/netty-transport/4.1.79.Final/netty-transport-4.1.79.Final-sources.jar
2025-01-29 01:58:03,978 [Worker-14: Download sources and javadoc] INFO  o.e.m.j.internal.DownloadSourcesJob - Downloaded sources for io.netty:netty-transport:4.1.79.Final
2025-01-29 01:58:04,203 [Worker-14: Download sources and javadoc] INFO  o.e.m.c.i.e.AbstractTransferListenerAdapter - Downloading https://repo.maven.apache.org/maven2/io/netty/netty-resolver/4.1.79.Final/netty-resolver-4.1.79.Final-sources.jar
2025-01-29 01:58:04,248 [Worker-14: Download sources and javadoc] INFO  o.e.m.c.i.e.AbstractTransferListenerAdapter - Downloaded https://repo.maven.apache.org/maven2/io/netty/netty-resolver/4.1.79.Final/netty-resolver-4.1.79.Final-sources.jar
2025-01-29 01:58:04,253 [Worker-14: Download sources and javadoc] INFO  o.e.m.j.internal.DownloadSourcesJob - Downloaded sources for io.netty:netty-resolver:4.1.79.Final
2025-01-29 01:58:04,478 [Worker-14: Download sources and javadoc] INFO  o.e.m.c.i.e.AbstractTransferListenerAdapter - Downloading https://repo.maven.apache.org/maven2/io/opentelemetry/opentelemetry-api/1.17.0/opentelemetry-api-1.17.0-sources.jar
2025-01-29 01:58:04,660 [Worker-14: Download sources and javadoc] INFO  o.e.m.c.i.e.AbstractTransferListenerAdapter - Downloaded https://repo.maven.apache.org/maven2/io/opentelemetry/opentelemetry-api/1.17.0/opentelemetry-api-1.17.0-sources.jar
2025-01-29 01:58:04,665 [Worker-14: Download sources and javadoc] INFO  o.e.m.j.internal.DownloadSourcesJob - Downloaded sources for io.opentelemetry:opentelemetry-api:1.17.0
2025-01-29 01:58:04,875 [Worker-14: Download sources and javadoc] INFO  o.e.m.c.i.e.AbstractTransferListenerAdapter - Downloading https://repo.maven.apache.org/maven2/io/opentelemetry/opentelemetry-context/1.17.0/opentelemetry-context-1.17.0-sources.jar
2025-01-29 01:58:04,948 [Worker-14: Download sources and javadoc] INFO  o.e.m.c.i.e.AbstractTransferListenerAdapter - Downloaded https://repo.maven.apache.org/maven2/io/opentelemetry/opentelemetry-context/1.17.0/opentelemetry-context-1.17.0-sources.jar
2025-01-29 01:58:04,952 [Worker-14: Download sources and javadoc] INFO  o.e.m.j.internal.DownloadSourcesJob - Downloaded sources for io.opentelemetry:opentelemetry-context:1.17.0
2025-01-29 01:58:05,156 [Worker-14: Download sources and javadoc] INFO  o.e.m.c.i.e.AbstractTransferListenerAdapter - Downloading https://repo.maven.apache.org/maven2/io/opentelemetry/opentelemetry-exporter-logging/1.17.0/opentelemetry-exporter-logging-1.17.0-sources.jar
2025-01-29 01:58:05,177 [Worker-14: Download sources and javadoc] INFO  o.e.m.c.i.e.AbstractTransferListenerAdapter - Downloaded https://repo.maven.apache.org/maven2/io/opentelemetry/opentelemetry-exporter-logging/1.17.0/opentelemetry-exporter-logging-1.17.0-sources.jar
2025-01-29 01:58:05,184 [Worker-14: Download sources and javadoc] INFO  o.e.m.j.internal.DownloadSourcesJob - Downloaded sources for io.opentelemetry:opentelemetry-exporter-logging:1.17.0
2025-01-29 01:58:05,394 [Worker-14: Download sources and javadoc] INFO  o.e.m.c.i.e.AbstractTransferListenerAdapter - Downloading https://repo.maven.apache.org/maven2/io/opentelemetry/opentelemetry-sdk-metrics/1.17.0/opentelemetry-sdk-metrics-1.17.0-sources.jar
2025-01-29 01:58:05,631 [Worker-14: Download sources and javadoc] INFO  o.e.m.c.i.e.AbstractTransferListenerAdapter - Downloaded https://repo.maven.apache.org/maven2/io/opentelemetry/opentelemetry-sdk-metrics/1.17.0/opentelemetry-sdk-metrics-1.17.0-sources.jar
2025-01-29 01:58:05,636 [Worker-14: Download sources and javadoc] INFO  o.e.m.j.internal.DownloadSourcesJob - Downloaded sources for io.opentelemetry:opentelemetry-sdk-metrics:1.17.0
2025-01-29 01:58:05,846 [Worker-14: Download sources and javadoc] INFO  o.e.m.c.i.e.AbstractTransferListenerAdapter - Downloading https://repo.maven.apache.org/maven2/io/opentelemetry/opentelemetry-sdk-logs/1.17.0-alpha/opentelemetry-sdk-logs-1.17.0-alpha-sources.jar
2025-01-29 01:58:05,908 [Worker-14: Download sources and javadoc] INFO  o.e.m.c.i.e.AbstractTransferListenerAdapter - Downloaded https://repo.maven.apache.org/maven2/io/opentelemetry/opentelemetry-sdk-logs/1.17.0-alpha/opentelemetry-sdk-logs-1.17.0-alpha-sources.jar
2025-01-29 01:58:05,914 [Worker-14: Download sources and javadoc] INFO  o.e.m.j.internal.DownloadSourcesJob - Downloaded sources for io.opentelemetry:opentelemetry-sdk-logs:1.17.0-alpha
2025-01-29 01:58:06,082 [Worker-14: Download sources and javadoc] INFO  o.e.m.c.i.e.AbstractTransferListenerAdapter - Downloading https://repo.maven.apache.org/maven2/io/opentelemetry/opentelemetry-sdk-common/1.17.0/opentelemetry-sdk-common-1.17.0-sources.jar
2025-01-29 01:58:06,117 [Worker-14: Download sources and javadoc] INFO  o.e.m.c.i.e.AbstractTransferListenerAdapter - Downloaded https://repo.maven.apache.org/maven2/io/opentelemetry/opentelemetry-sdk-common/1.17.0/opentelemetry-sdk-common-1.17.0-sources.jar
2025-01-29 01:58:06,121 [Worker-14: Download sources and javadoc] INFO  o.e.m.j.internal.DownloadSourcesJob - Downloaded sources for io.opentelemetry:opentelemetry-sdk-common:1.17.0
2025-01-29 01:58:06,284 [Worker-14: Download sources and javadoc] INFO  o.e.m.c.i.e.AbstractTransferListenerAdapter - Downloading https://repo.maven.apache.org/maven2/io/opentelemetry/opentelemetry-sdk-extension-autoconfigure-spi/1.17.0/opentelemetry-sdk-extension-autoconfigure-spi-1.17.0-sources.jar
2025-01-29 01:58:06,313 [Worker-14: Download sources and javadoc] INFO  o.e.m.c.i.e.AbstractTransferListenerAdapter - Downloaded https://repo.maven.apache.org/maven2/io/opentelemetry/opentelemetry-sdk-extension-autoconfigure-spi/1.17.0/opentelemetry-sdk-extension-autoconfigure-spi-1.17.0-sources.jar
2025-01-29 01:58:06,319 [Worker-14: Download sources and javadoc] INFO  o.e.m.j.internal.DownloadSourcesJob - Downloaded sources for io.opentelemetry:opentelemetry-sdk-extension-autoconfigure-spi:1.17.0
2025-01-29 01:58:06,516 [Worker-14: Download sources and javadoc] INFO  o.e.m.c.i.e.AbstractTransferListenerAdapter - Downloading https://repo.maven.apache.org/maven2/io/opentelemetry/opentelemetry-sdk-extension-autoconfigure/1.17.0-alpha/opentelemetry-sdk-extension-autoconfigure-1.17.0-alpha-sources.jar
2025-01-29 01:58:06,559 [Worker-14: Download sources and javadoc] INFO  o.e.m.c.i.e.AbstractTransferListenerAdapter - Downloaded https://repo.maven.apache.org/maven2/io/opentelemetry/opentelemetry-sdk-extension-autoconfigure/1.17.0-alpha/opentelemetry-sdk-extension-autoconfigure-1.17.0-alpha-sources.jar
2025-01-29 01:58:06,565 [Worker-14: Download sources and javadoc] INFO  o.e.m.j.internal.DownloadSourcesJob - Downloaded sources for io.opentelemetry:opentelemetry-sdk-extension-autoconfigure:1.17.0-alpha
2025-01-29 01:58:06,721 [Worker-14: Download sources and javadoc] INFO  o.e.m.c.i.e.AbstractTransferListenerAdapter - Downloading https://repo.maven.apache.org/maven2/io/opentelemetry/opentelemetry-exporter-common/1.17.0/opentelemetry-exporter-common-1.17.0-sources.jar
2025-01-29 01:58:06,809 [Worker-14: Download sources and javadoc] INFO  o.e.m.c.i.e.AbstractTransferListenerAdapter - Downloaded https://repo.maven.apache.org/maven2/io/opentelemetry/opentelemetry-exporter-common/1.17.0/opentelemetry-exporter-common-1.17.0-sources.jar
2025-01-29 01:58:06,814 [Worker-14: Download sources and javadoc] INFO  o.e.m.j.internal.DownloadSourcesJob - Downloaded sources for io.opentelemetry:opentelemetry-exporter-common:1.17.0
2025-01-29 01:58:07,037 [Worker-14: Download sources and javadoc] INFO  o.e.m.c.i.e.AbstractTransferListenerAdapter - Downloading https://repo.maven.apache.org/maven2/io/opentelemetry/opentelemetry-sdk-trace/1.17.0/opentelemetry-sdk-trace-1.17.0-sources.jar
2025-01-29 01:58:07,156 [Worker-14: Download sources and javadoc] INFO  o.e.m.c.i.e.AbstractTransferListenerAdapter - Downloaded https://repo.maven.apache.org/maven2/io/opentelemetry/opentelemetry-sdk-trace/1.17.0/opentelemetry-sdk-trace-1.17.0-sources.jar
2025-01-29 01:58:07,160 [Worker-14: Download sources and javadoc] INFO  o.e.m.j.internal.DownloadSourcesJob - Downloaded sources for io.opentelemetry:opentelemetry-sdk-trace:1.17.0
2025-01-29 01:58:07,356 [Worker-14: Download sources and javadoc] INFO  o.e.m.c.i.e.AbstractTransferListenerAdapter - Downloading https://repo.maven.apache.org/maven2/io/opentelemetry/opentelemetry-sdk/1.17.0/opentelemetry-sdk-1.17.0-sources.jar
2025-01-29 01:58:07,378 [Worker-14: Download sources and javadoc] INFO  o.e.m.c.i.e.AbstractTransferListenerAdapter - Downloaded https://repo.maven.apache.org/maven2/io/opentelemetry/opentelemetry-sdk/1.17.0/opentelemetry-sdk-1.17.0-sources.jar
2025-01-29 01:58:07,384 [Worker-14: Download sources and javadoc] INFO  o.e.m.j.internal.DownloadSourcesJob - Downloaded sources for io.opentelemetry:opentelemetry-sdk:1.17.0
2025-01-29 01:58:07,594 [Worker-14: Download sources and javadoc] INFO  o.e.m.c.i.e.AbstractTransferListenerAdapter - Downloading https://repo.maven.apache.org/maven2/io/opentelemetry/opentelemetry-semconv/1.17.0-alpha/opentelemetry-semconv-1.17.0-alpha-sources.jar
2025-01-29 01:58:07,630 [Worker-14: Download sources and javadoc] INFO  o.e.m.c.i.e.AbstractTransferListenerAdapter - Downloaded https://repo.maven.apache.org/maven2/io/opentelemetry/opentelemetry-semconv/1.17.0-alpha/opentelemetry-semconv-1.17.0-alpha-sources.jar
2025-01-29 01:58:07,633 [Worker-14: Download sources and javadoc] INFO  o.e.m.j.internal.DownloadSourcesJob - Downloaded sources for io.opentelemetry:opentelemetry-semconv:1.17.0-alpha
2025-01-29 01:58:07,809 [Worker-14: Download sources and javadoc] INFO  o.e.m.c.i.e.AbstractTransferListenerAdapter - Downloading https://repo.maven.apache.org/maven2/io/ous/jtoml/2.0.0/jtoml-2.0.0-sources.jar
2025-01-29 01:58:07,842 [Worker-14: Download sources and javadoc] INFO  o.e.m.c.i.e.AbstractTransferListenerAdapter - Downloaded https://repo.maven.apache.org/maven2/io/ous/jtoml/2.0.0/jtoml-2.0.0-sources.jar
2025-01-29 01:58:07,853 [Worker-14: Download sources and javadoc] INFO  o.e.m.j.internal.DownloadSourcesJob - Downloaded sources for io.ous:jtoml:2.0.0
2025-01-29 01:58:08,082 [Worker-14: Download sources and javadoc] INFO  o.e.m.c.i.e.AbstractTransferListenerAdapter - Downloading https://repo.maven.apache.org/maven2/net/bytebuddy/byte-buddy/1.12.14/byte-buddy-1.12.14-sources.jar
2025-01-29 01:58:09,571 [Worker-14: Download sources and javadoc] INFO  o.e.m.c.i.e.AbstractTransferListenerAdapter - Downloaded https://repo.maven.apache.org/maven2/net/bytebuddy/byte-buddy/1.12.14/byte-buddy-1.12.14-sources.jar
2025-01-29 01:58:09,575 [Worker-14: Download sources and javadoc] INFO  o.e.m.j.internal.DownloadSourcesJob - Downloaded sources for net.bytebuddy:byte-buddy:1.12.14
2025-01-29 01:58:09,800 [Worker-14: Download sources and javadoc] INFO  o.e.m.c.i.e.AbstractTransferListenerAdapter - Downloading https://repo.maven.apache.org/maven2/org/apache/commons/commons-exec/1.3/commons-exec-1.3-sources.jar
2025-01-29 01:58:09,908 [Worker-14: Download sources and javadoc] INFO  o.e.m.c.i.e.AbstractTransferListenerAdapter - Downloaded https://repo.maven.apache.org/maven2/org/apache/commons/commons-exec/1.3/commons-exec-1.3-sources.jar
2025-01-29 01:58:09,913 [Worker-14: Download sources and javadoc] INFO  o.e.m.j.internal.DownloadSourcesJob - Downloaded sources for org.apache.commons:commons-exec:1.3
2025-01-29 01:58:10,079 [Worker-14: Download sources and javadoc] INFO  o.e.m.c.i.e.AbstractTransferListenerAdapter - Downloading https://repo.maven.apache.org/maven2/org/asynchttpclient/async-http-client/2.12.3/async-http-client-2.12.3-sources.jar
2025-01-29 01:58:10,614 [Worker-14: Download sources and javadoc] INFO  o.e.m.c.i.e.AbstractTransferListenerAdapter - Downloaded https://repo.maven.apache.org/maven2/org/asynchttpclient/async-http-client/2.12.3/async-http-client-2.12.3-sources.jar
2025-01-29 01:58:10,622 [Worker-14: Download sources and javadoc] INFO  o.e.m.j.internal.DownloadSourcesJob - Downloaded sources for org.asynchttpclient:async-http-client:2.12.3
2025-01-29 01:58:10,836 [Worker-14: Download sources and javadoc] INFO  o.e.m.c.i.e.AbstractTransferListenerAdapter - Downloading https://repo.maven.apache.org/maven2/org/asynchttpclient/async-http-client-netty-utils/2.12.3/async-http-client-netty-utils-2.12.3-sources.jar
2025-01-29 01:58:10,858 [Worker-14: Download sources and javadoc] INFO  o.e.m.c.i.e.AbstractTransferListenerAdapter - Downloaded https://repo.maven.apache.org/maven2/org/asynchttpclient/async-http-client-netty-utils/2.12.3/async-http-client-netty-utils-2.12.3-sources.jar
2025-01-29 01:58:10,864 [Worker-14: Download sources and javadoc] INFO  o.e.m.j.internal.DownloadSourcesJob - Downloaded sources for org.asynchttpclient:async-http-client-netty-utils:2.12.3
2025-01-29 01:58:11,066 [Worker-14: Download sources and javadoc] INFO  o.e.m.c.i.e.AbstractTransferListenerAdapter - Downloading https://repo.maven.apache.org/maven2/io/netty/netty-codec-socks/4.1.60.Final/netty-codec-socks-4.1.60.Final-sources.jar
2025-01-29 01:58:11,205 [Worker-14: Download sources and javadoc] INFO  o.e.m.c.i.e.AbstractTransferListenerAdapter - Downloaded https://repo.maven.apache.org/maven2/io/netty/netty-codec-socks/4.1.60.Final/netty-codec-socks-4.1.60.Final-sources.jar
2025-01-29 01:58:11,211 [Worker-14: Download sources and javadoc] INFO  o.e.m.j.internal.DownloadSourcesJob - Downloaded sources for io.netty:netty-codec-socks:4.1.60.Final
2025-01-29 01:58:11,405 [Worker-14: Download sources and javadoc] INFO  o.e.m.c.i.e.AbstractTransferListenerAdapter - Downloading https://repo.maven.apache.org/maven2/io/netty/netty-handler-proxy/4.1.60.Final/netty-handler-proxy-4.1.60.Final-sources.jar
2025-01-29 01:58:11,437 [Worker-14: Download sources and javadoc] INFO  o.e.m.c.i.e.AbstractTransferListenerAdapter - Downloaded https://repo.maven.apache.org/maven2/io/netty/netty-handler-proxy/4.1.60.Final/netty-handler-proxy-4.1.60.Final-sources.jar
2025-01-29 01:58:11,443 [Worker-14: Download sources and javadoc] INFO  o.e.m.j.internal.DownloadSourcesJob - Downloaded sources for io.netty:netty-handler-proxy:4.1.60.Final
2025-01-29 01:58:11,633 [Worker-14: Download sources and javadoc] INFO  o.e.m.c.i.e.AbstractTransferListenerAdapter - Downloading https://repo.maven.apache.org/maven2/io/netty/netty-transport-native-epoll/4.1.60.Final/netty-transport-native-epoll-4.1.60.Final-sources.jar
2025-01-29 01:58:11,770 [Worker-14: Download sources and javadoc] INFO  o.e.m.c.i.e.AbstractTransferListenerAdapter - Downloaded https://repo.maven.apache.org/maven2/io/netty/netty-transport-native-epoll/4.1.60.Final/netty-transport-native-epoll-4.1.60.Final-sources.jar
2025-01-29 01:58:11,774 [Worker-14: Download sources and javadoc] INFO  o.e.m.j.internal.DownloadSourcesJob - Downloaded sources for io.netty:netty-transport-native-epoll:4.1.60.Finallinux-x86_64
2025-01-29 01:58:11,962 [Worker-14: Download sources and javadoc] INFO  o.e.m.c.i.e.AbstractTransferListenerAdapter - Downloading https://repo.maven.apache.org/maven2/io/netty/netty-transport-native-kqueue/4.1.60.Final/netty-transport-native-kqueue-4.1.60.Final-sources.jar
2025-01-29 01:58:12,054 [Worker-14: Download sources and javadoc] INFO  o.e.m.c.i.e.AbstractTransferListenerAdapter - Downloaded https://repo.maven.apache.org/maven2/io/netty/netty-transport-native-kqueue/4.1.60.Final/netty-transport-native-kqueue-4.1.60.Final-sources.jar
2025-01-29 01:58:12,059 [Worker-14: Download sources and javadoc] INFO  o.e.m.j.internal.DownloadSourcesJob - Downloaded sources for io.netty:netty-transport-native-kqueue:4.1.60.Finalosx-x86_64
2025-01-29 01:58:12,262 [Worker-14: Download sources and javadoc] INFO  o.e.m.c.i.e.AbstractTransferListenerAdapter - Downloading https://repo.maven.apache.org/maven2/org/reactivestreams/reactive-streams/1.0.3/reactive-streams-1.0.3-sources.jar
2025-01-29 01:58:12,279 [Worker-14: Download sources and javadoc] INFO  o.e.m.c.i.e.AbstractTransferListenerAdapter - Downloaded https://repo.maven.apache.org/maven2/org/reactivestreams/reactive-streams/1.0.3/reactive-streams-1.0.3-sources.jar
2025-01-29 01:58:12,285 [Worker-14: Download sources and javadoc] INFO  o.e.m.j.internal.DownloadSourcesJob - Downloaded sources for org.reactivestreams:reactive-streams:1.0.3
2025-01-29 01:58:12,479 [Worker-14: Download sources and javadoc] INFO  o.e.m.c.i.e.AbstractTransferListenerAdapter - Downloading https://repo.maven.apache.org/maven2/com/typesafe/netty/netty-reactive-streams/2.0.4/netty-reactive-streams-2.0.4-sources.jar
2025-01-29 01:58:12,502 [Worker-14: Download sources and javadoc] INFO  o.e.m.c.i.e.AbstractTransferListenerAdapter - Downloaded https://repo.maven.apache.org/maven2/com/typesafe/netty/netty-reactive-streams/2.0.4/netty-reactive-streams-2.0.4-sources.jar
2025-01-29 01:58:12,509 [Worker-14: Download sources and javadoc] INFO  o.e.m.j.internal.DownloadSourcesJob - Downloaded sources for com.typesafe.netty:netty-reactive-streams:2.0.4
2025-01-29 01:58:12,726 [Worker-14: Download sources and javadoc] INFO  o.e.m.c.i.e.AbstractTransferListenerAdapter - Downloading https://repo.maven.apache.org/maven2/com/sun/activation/jakarta.activation/1.2.2/jakarta.activation-1.2.2-sources.jar
2025-01-29 01:58:12,836 [Worker-14: Download sources and javadoc] INFO  o.e.m.c.i.e.AbstractTransferListenerAdapter - Downloaded https://repo.maven.apache.org/maven2/com/sun/activation/jakarta.activation/1.2.2/jakarta.activation-1.2.2-sources.jar
2025-01-29 01:58:12,841 [Worker-14: Download sources and javadoc] INFO  o.e.m.j.internal.DownloadSourcesJob - Downloaded sources for com.sun.activation:jakarta.activation:1.2.2
2025-01-29 01:58:13,035 [Worker-14: Download sources and javadoc] INFO  o.e.m.c.i.e.AbstractTransferListenerAdapter - Downloading https://repo.maven.apache.org/maven2/org/seleniumhq/selenium/selenium-http/4.5.0/selenium-http-4.5.0-sources.jar
2025-01-29 01:58:13,078 [Worker-14: Download sources and javadoc] INFO  o.e.m.c.i.e.AbstractTransferListenerAdapter - Downloaded https://repo.maven.apache.org/maven2/org/seleniumhq/selenium/selenium-http/4.5.0/selenium-http-4.5.0-sources.jar
2025-01-29 01:58:13,082 [Worker-14: Download sources and javadoc] INFO  o.e.m.j.internal.DownloadSourcesJob - Downloaded sources for org.seleniumhq.selenium:selenium-http:4.5.0
2025-01-29 01:58:13,243 [Worker-14: Download sources and javadoc] INFO  o.e.m.c.i.e.AbstractTransferListenerAdapter - Downloading https://repo.maven.apache.org/maven2/dev/failsafe/failsafe/3.2.4/failsafe-3.2.4-sources.jar
2025-01-29 01:58:13,489 [Worker-14: Download sources and javadoc] INFO  o.e.m.c.i.e.AbstractTransferListenerAdapter - Downloaded https://repo.maven.apache.org/maven2/dev/failsafe/failsafe/3.2.4/failsafe-3.2.4-sources.jar
2025-01-29 01:58:13,493 [Worker-14: Download sources and javadoc] INFO  o.e.m.j.internal.DownloadSourcesJob - Downloaded sources for dev.failsafe:failsafe:3.2.4
2025-01-29 01:58:13,652 [Worker-14: Download sources and javadoc] INFO  o.e.m.c.i.e.AbstractTransferListenerAdapter - Downloading https://repo.maven.apache.org/maven2/org/seleniumhq/selenium/selenium-safari-driver/4.5.0/selenium-safari-driver-4.5.0-sources.jar
2025-01-29 01:58:13,675 [Worker-14: Download sources and javadoc] INFO  o.e.m.c.i.e.AbstractTransferListenerAdapter - Downloaded https://repo.maven.apache.org/maven2/org/seleniumhq/selenium/selenium-safari-driver/4.5.0/selenium-safari-driver-4.5.0-sources.jar
2025-01-29 01:58:13,681 [Worker-14: Download sources and javadoc] INFO  o.e.m.j.internal.DownloadSourcesJob - Downloaded sources for org.seleniumhq.selenium:selenium-safari-driver:4.5.0
2025-01-29 01:58:13,835 [Worker-14: Download sources and javadoc] INFO  o.e.m.c.i.e.AbstractTransferListenerAdapter - Downloading https://repo.maven.apache.org/maven2/org/seleniumhq/selenium/selenium-support/4.5.0/selenium-support-4.5.0-sources.jar
2025-01-29 01:58:14,007 [Worker-14: Download sources and javadoc] INFO  o.e.m.c.i.e.AbstractTransferListenerAdapter - Downloaded https://repo.maven.apache.org/maven2/org/seleniumhq/selenium/selenium-support/4.5.0/selenium-support-4.5.0-sources.jar
2025-01-29 01:58:14,011 [Worker-14: Download sources and javadoc] INFO  o.e.m.j.internal.DownloadSourcesJob - Downloaded sources for org.seleniumhq.selenium:selenium-support:4.5.0
2025-01-29 01:58:14,205 [Worker-14: Download sources and javadoc] INFO  o.e.m.c.i.e.AbstractTransferListenerAdapter - Downloading https://repo.maven.apache.org/maven2/io/cucumber/cucumber-java/7.13.0/cucumber-java-7.13.0-sources.jar
2025-01-29 01:58:14,429 [Worker-14: Download sources and javadoc] INFO  o.e.m.c.i.e.AbstractTransferListenerAdapter - Downloaded https://repo.maven.apache.org/maven2/io/cucumber/cucumber-java/7.13.0/cucumber-java-7.13.0-sources.jar
2025-01-29 01:58:14,432 [Worker-14: Download sources and javadoc] INFO  o.e.m.j.internal.DownloadSourcesJob - Downloaded sources for io.cucumber:cucumber-java:7.13.0
2025-01-29 01:58:14,632 [Worker-14: Download sources and javadoc] INFO  o.e.m.c.i.e.AbstractTransferListenerAdapter - Downloading https://repo.maven.apache.org/maven2/io/cucumber/cucumber-core/7.13.0/cucumber-core-7.13.0-sources.jar
2025-01-29 01:58:15,064 [Worker-14: Download sources and javadoc] INFO  o.e.m.c.i.e.AbstractTransferListenerAdapter - Downloaded https://repo.maven.apache.org/maven2/io/cucumber/cucumber-core/7.13.0/cucumber-core-7.13.0-sources.jar
2025-01-29 01:58:15,071 [Worker-14: Download sources and javadoc] INFO  o.e.m.j.internal.DownloadSourcesJob - Downloaded sources for io.cucumber:cucumber-core:7.13.0
2025-01-29 01:58:15,282 [Worker-14: Download sources and javadoc] INFO  o.e.m.c.i.e.AbstractTransferListenerAdapter - Downloading https://repo.maven.apache.org/maven2/io/cucumber/cucumber-gherkin/7.13.0/cucumber-gherkin-7.13.0-sources.jar
2025-01-29 01:58:15,302 [Worker-14: Download sources and javadoc] INFO  o.e.m.c.i.e.AbstractTransferListenerAdapter - Downloaded https://repo.maven.apache.org/maven2/io/cucumber/cucumber-gherkin/7.13.0/cucumber-gherkin-7.13.0-sources.jar
2025-01-29 01:58:15,312 [Worker-14: Download sources and javadoc] INFO  o.e.m.j.internal.DownloadSourcesJob - Downloaded sources for io.cucumber:cucumber-gherkin:7.13.0
2025-01-29 01:58:15,518 [Worker-14: Download sources and javadoc] INFO  o.e.m.c.i.e.AbstractTransferListenerAdapter - Downloading https://repo.maven.apache.org/maven2/io/cucumber/cucumber-gherkin-messages/7.13.0/cucumber-gherkin-messages-7.13.0-sources.jar
2025-01-29 01:58:15,548 [Worker-14: Download sources and javadoc] INFO  o.e.m.c.i.e.AbstractTransferListenerAdapter - Downloaded https://repo.maven.apache.org/maven2/io/cucumber/cucumber-gherkin-messages/7.13.0/cucumber-gherkin-messages-7.13.0-sources.jar
2025-01-29 01:58:15,554 [Worker-14: Download sources and javadoc] INFO  o.e.m.j.internal.DownloadSourcesJob - Downloaded sources for io.cucumber:cucumber-gherkin-messages:7.13.0
2025-01-29 01:58:15,748 [Worker-14: Download sources and javadoc] INFO  o.e.m.c.i.e.AbstractTransferListenerAdapter - Downloading https://repo.maven.apache.org/maven2/io/cucumber/gherkin/26.2.0/gherkin-26.2.0-sources.jar
2025-01-29 01:58:15,869 [Worker-14: Download sources and javadoc] INFO  o.e.m.c.i.e.AbstractTransferListenerAdapter - Downloaded https://repo.maven.apache.org/maven2/io/cucumber/gherkin/26.2.0/gherkin-26.2.0-sources.jar
2025-01-29 01:58:15,873 [Worker-14: Download sources and javadoc] INFO  o.e.m.j.internal.DownloadSourcesJob - Downloaded sources for io.cucumber:gherkin:26.2.0
2025-01-29 01:58:16,075 [Worker-14: Download sources and javadoc] INFO  o.e.m.c.i.e.AbstractTransferListenerAdapter - Downloading https://repo.maven.apache.org/maven2/io/cucumber/messages/22.0.0/messages-22.0.0-sources.jar
2025-01-29 01:58:16,226 [Worker-14: Download sources and javadoc] INFO  o.e.m.c.i.e.AbstractTransferListenerAdapter - Downloaded https://repo.maven.apache.org/maven2/io/cucumber/messages/22.0.0/messages-22.0.0-sources.jar
2025-01-29 01:58:16,230 [Worker-14: Download sources and javadoc] INFO  o.e.m.j.internal.DownloadSourcesJob - Downloaded sources for io.cucumber:messages:22.0.0
2025-01-29 01:58:16,436 [Worker-14: Download sources and javadoc] INFO  o.e.m.c.i.e.AbstractTransferListenerAdapter - Downloading https://repo.maven.apache.org/maven2/io/cucumber/tag-expressions/5.0.1/tag-expressions-5.0.1-sources.jar
2025-01-29 01:58:16,456 [Worker-14: Download sources and javadoc] INFO  o.e.m.c.i.e.AbstractTransferListenerAdapter - Downloaded https://repo.maven.apache.org/maven2/io/cucumber/tag-expressions/5.0.1/tag-expressions-5.0.1-sources.jar
2025-01-29 01:58:16,462 [Worker-14: Download sources and javadoc] INFO  o.e.m.j.internal.DownloadSourcesJob - Downloaded sources for io.cucumber:tag-expressions:5.0.1
2025-01-29 01:58:16,675 [Worker-14: Download sources and javadoc] INFO  o.e.m.c.i.e.AbstractTransferListenerAdapter - Downloading https://repo.maven.apache.org/maven2/io/cucumber/cucumber-expressions/16.1.2/cucumber-expressions-16.1.2-sources.jar
2025-01-29 01:58:16,733 [Worker-14: Download sources and javadoc] INFO  o.e.m.c.i.e.AbstractTransferListenerAdapter - Downloaded https://repo.maven.apache.org/maven2/io/cucumber/cucumber-expressions/16.1.2/cucumber-expressions-16.1.2-sources.jar
2025-01-29 01:58:16,737 [Worker-14: Download sources and javadoc] INFO  o.e.m.j.internal.DownloadSourcesJob - Downloaded sources for io.cucumber:cucumber-expressions:16.1.2
2025-01-29 01:58:16,956 [Worker-14: Download sources and javadoc] INFO  o.e.m.c.i.e.AbstractTransferListenerAdapter - Downloading https://repo.maven.apache.org/maven2/io/cucumber/datatable/7.13.0/datatable-7.13.0-sources.jar
2025-01-29 01:58:17,008 [Worker-14: Download sources and javadoc] INFO  o.e.m.c.i.e.AbstractTransferListenerAdapter - Downloaded https://repo.maven.apache.org/maven2/io/cucumber/datatable/7.13.0/datatable-7.13.0-sources.jar
2025-01-29 01:58:17,013 [Worker-14: Download sources and javadoc] INFO  o.e.m.j.internal.DownloadSourcesJob - Downloaded sources for io.cucumber:datatable:7.13.0
2025-01-29 01:58:17,240 [Worker-14: Download sources and javadoc] INFO  o.e.m.c.i.e.AbstractTransferListenerAdapter - Downloading https://repo.maven.apache.org/maven2/io/cucumber/cucumber-plugin/7.13.0/cucumber-plugin-7.13.0-sources.jar
2025-01-29 01:58:17,283 [Worker-14: Download sources and javadoc] INFO  o.e.m.c.i.e.AbstractTransferListenerAdapter - Downloaded https://repo.maven.apache.org/maven2/io/cucumber/cucumber-plugin/7.13.0/cucumber-plugin-7.13.0-sources.jar
2025-01-29 01:58:17,288 [Worker-14: Download sources and javadoc] INFO  o.e.m.j.internal.DownloadSourcesJob - Downloaded sources for io.cucumber:cucumber-plugin:7.13.0
2025-01-29 01:58:17,468 [Worker-14: Download sources and javadoc] INFO  o.e.m.c.i.e.AbstractTransferListenerAdapter - Downloading https://repo.maven.apache.org/maven2/io/cucumber/docstring/7.13.0/docstring-7.13.0-sources.jar
2025-01-29 01:58:17,484 [Worker-14: Download sources and javadoc] INFO  o.e.m.c.i.e.AbstractTransferListenerAdapter - Downloaded https://repo.maven.apache.org/maven2/io/cucumber/docstring/7.13.0/docstring-7.13.0-sources.jar
2025-01-29 01:58:17,488 [Worker-14: Download sources and javadoc] INFO  o.e.m.j.internal.DownloadSourcesJob - Downloaded sources for io.cucumber:docstring:7.13.0
2025-01-29 01:58:17,715 [Worker-14: Download sources and javadoc] INFO  o.e.m.c.i.e.AbstractTransferListenerAdapter - Downloading https://repo.maven.apache.org/maven2/io/cucumber/html-formatter/20.3.1/html-formatter-20.3.1-sources.jar
2025-01-29 01:58:17,952 [Worker-14: Download sources and javadoc] INFO  o.e.m.c.i.e.AbstractTransferListenerAdapter - Downloaded https://repo.maven.apache.org/maven2/io/cucumber/html-formatter/20.3.1/html-formatter-20.3.1-sources.jar
2025-01-29 01:58:17,958 [Worker-14: Download sources and javadoc] INFO  o.e.m.j.internal.DownloadSourcesJob - Downloaded sources for io.cucumber:html-formatter:20.3.1
2025-01-29 01:58:18,106 [Worker-14: Download sources and javadoc] INFO  o.e.m.c.i.e.AbstractTransferListenerAdapter - Downloading https://repo.maven.apache.org/maven2/io/cucumber/junit-xml-formatter/0.2.0/junit-xml-formatter-0.2.0-sources.jar
2025-01-29 01:58:18,119 [Worker-14: Download sources and javadoc] INFO  o.e.m.c.i.e.AbstractTransferListenerAdapter - Downloaded https://repo.maven.apache.org/maven2/io/cucumber/junit-xml-formatter/0.2.0/junit-xml-formatter-0.2.0-sources.jar
2025-01-29 01:58:18,124 [Worker-14: Download sources and javadoc] INFO  o.e.m.j.internal.DownloadSourcesJob - Downloaded sources for io.cucumber:junit-xml-formatter:0.2.0
2025-01-29 01:58:18,311 [Worker-14: Download sources and javadoc] INFO  o.e.m.c.i.e.AbstractTransferListenerAdapter - Downloading https://repo.maven.apache.org/maven2/io/cucumber/ci-environment/9.2.0/ci-environment-9.2.0-sources.jar
2025-01-29 01:58:18,335 [Worker-14: Download sources and javadoc] INFO  o.e.m.c.i.e.AbstractTransferListenerAdapter - Downloaded https://repo.maven.apache.org/maven2/io/cucumber/ci-environment/9.2.0/ci-environment-9.2.0-sources.jar
2025-01-29 01:58:18,340 [Worker-14: Download sources and javadoc] INFO  o.e.m.j.internal.DownloadSourcesJob - Downloaded sources for io.cucumber:ci-environment:9.2.0
2025-01-29 01:58:18,504 [Worker-14: Download sources and javadoc] INFO  o.e.m.c.i.e.AbstractTransferListenerAdapter - Downloading https://repo.maven.apache.org/maven2/io/cucumber/cucumber-junit/7.13.0/cucumber-junit-7.13.0-sources.jar
2025-01-29 01:58:18,534 [Worker-14: Download sources and javadoc] INFO  o.e.m.c.i.e.AbstractTransferListenerAdapter - Downloaded https://repo.maven.apache.org/maven2/io/cucumber/cucumber-junit/7.13.0/cucumber-junit-7.13.0-sources.jar
2025-01-29 01:58:18,539 [Worker-14: Download sources and javadoc] INFO  o.e.m.j.internal.DownloadSourcesJob - Downloaded sources for io.cucumber:cucumber-junit:7.13.0
2025-01-29 01:58:18,710 [Worker-14: Download sources and javadoc] INFO  o.e.m.c.i.e.AbstractTransferListenerAdapter - Downloading https://repo.maven.apache.org/maven2/junit/junit/4.13.2/junit-4.13.2-sources.jar
2025-01-29 01:58:19,077 [Worker-14: Download sources and javadoc] INFO  o.e.m.c.i.e.AbstractTransferListenerAdapter - Downloaded https://repo.maven.apache.org/maven2/junit/junit/4.13.2/junit-4.13.2-sources.jar
2025-01-29 01:58:19,082 [Worker-14: Download sources and javadoc] INFO  o.e.m.j.internal.DownloadSourcesJob - Downloaded sources for junit:junit:4.13.2
2025-01-29 01:58:19,271 [Worker-14: Download sources and javadoc] INFO  o.e.m.c.i.e.AbstractTransferListenerAdapter - Downloading https://repo.maven.apache.org/maven2/org/hamcrest/hamcrest-core/1.3/hamcrest-core-1.3-sources.jar
2025-01-29 01:58:19,336 [Worker-14: Download sources and javadoc] INFO  o.e.m.c.i.e.AbstractTransferListenerAdapter - Downloaded https://repo.maven.apache.org/maven2/org/hamcrest/hamcrest-core/1.3/hamcrest-core-1.3-sources.jar
2025-01-29 01:58:19,341 [Worker-14: Download sources and javadoc] INFO  o.e.m.j.internal.DownloadSourcesJob - Downloaded sources for org.hamcrest:hamcrest-core:1.3
2025-01-29 01:58:19,555 [Worker-14: Download sources and javadoc] INFO  o.e.m.c.i.e.AbstractTransferListenerAdapter - Downloading https://repo.maven.apache.org/maven2/io/cucumber/cucumber-testng/7.13.0/cucumber-testng-7.13.0-sources.jar
2025-01-29 01:58:19,576 [Worker-14: Download sources and javadoc] INFO  o.e.m.c.i.e.AbstractTransferListenerAdapter - Downloaded https://repo.maven.apache.org/maven2/io/cucumber/cucumber-testng/7.13.0/cucumber-testng-7.13.0-sources.jar
2025-01-29 01:58:19,581 [Worker-14: Download sources and javadoc] INFO  o.e.m.j.internal.DownloadSourcesJob - Downloaded sources for io.cucumber:cucumber-testng:7.13.0
2025-01-29 01:58:20,049 [Worker-14: Download sources and javadoc] INFO  o.e.m.c.i.e.AbstractTransferListenerAdapter - Downloading https://repo.maven.apache.org/maven2/io/cucumber/cucumber-spring/7.13.0/cucumber-spring-7.13.0-sources.jar
2025-01-29 01:58:20,063 [Worker-14: Download sources and javadoc] INFO  o.e.m.c.i.e.AbstractTransferListenerAdapter - Downloaded https://repo.maven.apache.org/maven2/io/cucumber/cucumber-spring/7.13.0/cucumber-spring-7.13.0-sources.jar
2025-01-29 01:58:20,069 [Worker-14: Download sources and javadoc] INFO  o.e.m.j.internal.DownloadSourcesJob - Downloaded sources for io.cucumber:cucumber-spring:7.13.0
2025-01-29 01:58:20,529 [Worker-14: Download sources and javadoc] INFO  o.e.m.c.i.e.AbstractTransferListenerAdapter - Downloaded https://repo.maven.apache.org/maven2/io/cucumber/cucumber-params/7.13.0/cucumber-params-7.13.0-sources.jar
2025-01-29 01:58:20,539 [Worker-14: Download sources and javadoc] ERROR o.e.m.j.internal.DownloadSourcesJob - Could not download sources for io.cucumber:cucumber-params:7.13.0
org.eclipse.core.runtime.CoreException: Could not resolve artifact io.cucumber:cucumber-params:jar:sources:7.13.0
	at org.eclipse.m2e.core.internal.embedder.MavenImpl.lambda$7(MavenImpl.java:540)
	at org.eclipse.m2e.core.internal.embedder.MavenExecutionContext.executeBare(MavenExecutionContext.java:458)
	at org.eclipse.m2e.core.internal.embedder.MavenExecutionContext.execute(MavenExecutionContext.java:292)
	at org.eclipse.m2e.core.internal.embedder.MavenExecutionContext.execute(MavenExecutionContext.java:278)
	at org.eclipse.m2e.core.internal.embedder.MavenImpl.resolve(MavenImpl.java:509)
	at org.eclipse.m2e.core.internal.embedder.MavenImpl.resolve(MavenImpl.java:494)
	at org.eclipse.m2e.jdt.internal.DownloadSourcesJob.download(DownloadSourcesJob.java:308)
	at org.eclipse.m2e.jdt.internal.DownloadSourcesJob.downloadAttachments(DownloadSourcesJob.java:282)
	at org.eclipse.m2e.jdt.internal.DownloadSourcesJob.downloadMaven(DownloadSourcesJob.java:252)
	at org.eclipse.m2e.jdt.internal.DownloadSourcesJob.downloadFilesAndPopulateToUpdate(DownloadSourcesJob.java:220)
	at org.eclipse.m2e.jdt.internal.DownloadSourcesJob.lambda$0(DownloadSourcesJob.java:149)
	at org.eclipse.m2e.core.internal.embedder.MavenExecutionContext.executeBare(MavenExecutionContext.java:458)
	at org.eclipse.m2e.core.internal.embedder.MavenExecutionContext.execute(MavenExecutionContext.java:339)
	at org.eclipse.m2e.core.internal.embedder.MavenExecutionContext.execute(MavenExecutionContext.java:278)
	at org.eclipse.m2e.core.embedder.IMaven.execute(IMaven.java:300)
	at org.eclipse.m2e.jdt.internal.DownloadSourcesJob.run(DownloadSourcesJob.java:149)
	at org.eclipse.core.internal.jobs.Worker.run(Worker.java:63)
2025-01-29 01:58:21,014 [Worker-14: Download sources and javadoc] INFO  o.e.m.c.i.e.AbstractTransferListenerAdapter - Downloaded https://repo.maven.apache.org/maven2/io/qameta/allure/allure-cucumber5/2.21.0/allure-cucumber5-2.21.0-sources.jar
2025-01-29 01:58:21,021 [Worker-14: Download sources and javadoc] ERROR o.e.m.j.internal.DownloadSourcesJob - Could not download sources for io.qameta.allure:allure-cucumber5:2.21.0
org.eclipse.core.runtime.CoreException: Could not resolve artifact io.qameta.allure:allure-cucumber5:jar:sources:2.21.0
	at org.eclipse.m2e.core.internal.embedder.MavenImpl.lambda$7(MavenImpl.java:540)
	at org.eclipse.m2e.core.internal.embedder.MavenExecutionContext.executeBare(MavenExecutionContext.java:458)
	at org.eclipse.m2e.core.internal.embedder.MavenExecutionContext.execute(MavenExecutionContext.java:292)
	at org.eclipse.m2e.core.internal.embedder.MavenExecutionContext.execute(MavenExecutionContext.java:278)
	at org.eclipse.m2e.core.internal.embedder.MavenImpl.resolve(MavenImpl.java:509)
	at org.eclipse.m2e.core.internal.embedder.MavenImpl.resolve(MavenImpl.java:494)
	at org.eclipse.m2e.jdt.internal.DownloadSourcesJob.download(DownloadSourcesJob.java:308)
	at org.eclipse.m2e.jdt.internal.DownloadSourcesJob.downloadAttachments(DownloadSourcesJob.java:282)
	at org.eclipse.m2e.jdt.internal.DownloadSourcesJob.downloadMaven(DownloadSourcesJob.java:252)
	at org.eclipse.m2e.jdt.internal.DownloadSourcesJob.downloadFilesAndPopulateToUpdate(DownloadSourcesJob.java:220)
	at org.eclipse.m2e.jdt.internal.DownloadSourcesJob.lambda$0(DownloadSourcesJob.java:149)
	at org.eclipse.m2e.core.internal.embedder.MavenExecutionContext.executeBare(MavenExecutionContext.java:458)
	at org.eclipse.m2e.core.internal.embedder.MavenExecutionContext.execute(MavenExecutionContext.java:339)
	at org.eclipse.m2e.core.internal.embedder.MavenExecutionContext.execute(MavenExecutionContext.java:278)
	at org.eclipse.m2e.core.embedder.IMaven.execute(IMaven.java:300)
	at org.eclipse.m2e.jdt.internal.DownloadSourcesJob.run(DownloadSourcesJob.java:149)
	at org.eclipse.core.internal.jobs.Worker.run(Worker.java:63)
2025-01-29 01:58:21,234 [Worker-14: Download sources and javadoc] INFO  o.e.m.c.i.e.AbstractTransferListenerAdapter - Downloading https://repo.maven.apache.org/maven2/io/github/bonigarcia/webdrivermanager/5.3.0/webdrivermanager-5.3.0-sources.jar
2025-01-29 01:58:21,539 [Worker-14: Download sources and javadoc] INFO  o.e.m.c.i.e.AbstractTransferListenerAdapter - Downloaded https://repo.maven.apache.org/maven2/io/github/bonigarcia/webdrivermanager/5.3.0/webdrivermanager-5.3.0-sources.jar
2025-01-29 01:58:21,543 [Worker-14: Download sources and javadoc] INFO  o.e.m.j.internal.DownloadSourcesJob - Downloaded sources for io.github.bonigarcia:webdrivermanager:5.3.0
2025-01-29 01:58:21,718 [Worker-14: Download sources and javadoc] INFO  o.e.m.c.i.e.AbstractTransferListenerAdapter - Downloading https://repo.maven.apache.org/maven2/com/google/code/gson/gson/2.9.1/gson-2.9.1-sources.jar
2025-01-29 01:58:22,030 [Worker-14: Download sources and javadoc] INFO  o.e.m.c.i.e.AbstractTransferListenerAdapter - Downloaded https://repo.maven.apache.org/maven2/com/google/code/gson/gson/2.9.1/gson-2.9.1-sources.jar
2025-01-29 01:58:22,037 [Worker-14: Download sources and javadoc] INFO  o.e.m.j.internal.DownloadSourcesJob - Downloaded sources for com.google.code.gson:gson:2.9.1
2025-01-29 01:58:22,316 [Worker-14: Download sources and javadoc] INFO  o.e.m.c.i.e.AbstractTransferListenerAdapter - Downloading https://repo.maven.apache.org/maven2/com/github/docker-java/docker-java/3.2.13/docker-java-3.2.13-sources.jar
2025-01-29 01:58:22,328 [Worker-14: Download sources and javadoc] INFO  o.e.m.c.i.e.AbstractTransferListenerAdapter - Downloaded https://repo.maven.apache.org/maven2/com/github/docker-java/docker-java/3.2.13/docker-java-3.2.13-sources.jar
2025-01-29 01:58:22,334 [Worker-14: Download sources and javadoc] INFO  o.e.m.j.internal.DownloadSourcesJob - Downloaded sources for com.github.docker-java:docker-java:3.2.13
2025-01-29 01:58:22,563 [Worker-14: Download sources and javadoc] INFO  o.e.m.c.i.e.AbstractTransferListenerAdapter - Downloading https://repo.maven.apache.org/maven2/com/github/docker-java/docker-java-core/3.2.13/docker-java-core-3.2.13-sources.jar
2025-01-29 01:58:22,887 [Worker-14: Download sources and javadoc] INFO  o.e.m.c.i.e.AbstractTransferListenerAdapter - Downloaded https://repo.maven.apache.org/maven2/com/github/docker-java/docker-java-core/3.2.13/docker-java-core-3.2.13-sources.jar
2025-01-29 01:58:22,891 [Worker-14: Download sources and javadoc] INFO  o.e.m.j.internal.DownloadSourcesJob - Downloaded sources for com.github.docker-java:docker-java-core:3.2.13
2025-01-29 01:58:23,118 [Worker-14: Download sources and javadoc] INFO  o.e.m.c.i.e.AbstractTransferListenerAdapter - Downloading https://repo.maven.apache.org/maven2/com/github/docker-java/docker-java-api/3.2.13/docker-java-api-3.2.13-sources.jar
2025-01-29 01:58:23,443 [Worker-14: Download sources and javadoc] INFO  o.e.m.c.i.e.AbstractTransferListenerAdapter - Downloaded https://repo.maven.apache.org/maven2/com/github/docker-java/docker-java-api/3.2.13/docker-java-api-3.2.13-sources.jar
2025-01-29 01:58:23,448 [Worker-14: Download sources and javadoc] INFO  o.e.m.j.internal.DownloadSourcesJob - Downloaded sources for com.github.docker-java:docker-java-api:3.2.13
2025-01-29 01:58:23,747 [Worker-14: Download sources and javadoc] INFO  o.e.m.c.i.e.AbstractTransferListenerAdapter - Downloading https://repo.maven.apache.org/maven2/com/fasterxml/jackson/core/jackson-annotations/2.10.3/jackson-annotations-2.10.3-sources.jar
2025-01-29 01:58:23,877 [Worker-14: Download sources and javadoc] INFO  o.e.m.c.i.e.AbstractTransferListenerAdapter - Downloaded https://repo.maven.apache.org/maven2/com/fasterxml/jackson/core/jackson-annotations/2.10.3/jackson-annotations-2.10.3-sources.jar
2025-01-29 01:58:23,881 [Worker-14: Download sources and javadoc] INFO  o.e.m.j.internal.DownloadSourcesJob - Downloaded sources for com.fasterxml.jackson.core:jackson-annotations:2.10.3
2025-01-29 01:58:24,073 [Worker-14: Download sources and javadoc] INFO  o.e.m.c.i.e.AbstractTransferListenerAdapter - Downloading https://repo.maven.apache.org/maven2/com/fasterxml/jackson/core/jackson-databind/2.10.3/jackson-databind-2.10.3-sources.jar
2025-01-29 01:58:24,412 [Worker-14: Download sources and javadoc] INFO  o.e.m.c.i.e.AbstractTransferListenerAdapter - Downloaded https://repo.maven.apache.org/maven2/com/fasterxml/jackson/core/jackson-databind/2.10.3/jackson-databind-2.10.3-sources.jar
2025-01-29 01:58:24,415 [Worker-14: Download sources and javadoc] INFO  o.e.m.j.internal.DownloadSourcesJob - Downloaded sources for com.fasterxml.jackson.core:jackson-databind:2.10.3
2025-01-29 01:58:24,678 [Worker-14: Download sources and javadoc] INFO  o.e.m.c.i.e.AbstractTransferListenerAdapter - Downloading https://repo.maven.apache.org/maven2/com/fasterxml/jackson/core/jackson-core/2.10.3/jackson-core-2.10.3-sources.jar
2025-01-29 01:58:25,159 [Worker-14: Download sources and javadoc] INFO  o.e.m.c.i.e.AbstractTransferListenerAdapter - Downloaded https://repo.maven.apache.org/maven2/com/fasterxml/jackson/core/jackson-core/2.10.3/jackson-core-2.10.3-sources.jar
2025-01-29 01:58:25,163 [Worker-14: Download sources and javadoc] INFO  o.e.m.j.internal.DownloadSourcesJob - Downloaded sources for com.fasterxml.jackson.core:jackson-core:2.10.3
2025-01-29 01:58:25,355 [Worker-14: Download sources and javadoc] INFO  o.e.m.c.i.e.AbstractTransferListenerAdapter - Downloading https://repo.maven.apache.org/maven2/org/bouncycastle/bcpkix-jdk15on/1.64/bcpkix-jdk15on-1.64-sources.jar
2025-01-29 01:58:25,585 [Worker-14: Download sources and javadoc] INFO  o.e.m.c.i.e.AbstractTransferListenerAdapter - Downloaded https://repo.maven.apache.org/maven2/org/bouncycastle/bcpkix-jdk15on/1.64/bcpkix-jdk15on-1.64-sources.jar
2025-01-29 01:58:25,587 [Worker-14: Download sources and javadoc] INFO  o.e.m.j.internal.DownloadSourcesJob - Downloaded sources for org.bouncycastle:bcpkix-jdk15on:1.64
2025-01-29 01:58:25,788 [Worker-14: Download sources and javadoc] INFO  o.e.m.c.i.e.AbstractTransferListenerAdapter - Downloading https://repo.maven.apache.org/maven2/org/bouncycastle/bcprov-jdk15on/1.64/bcprov-jdk15on-1.64-sources.jar
2025-01-29 01:58:26,723 [Worker-14: Download sources and javadoc] INFO  o.e.m.c.i.e.AbstractTransferListenerAdapter - Downloaded https://repo.maven.apache.org/maven2/org/bouncycastle/bcprov-jdk15on/1.64/bcprov-jdk15on-1.64-sources.jar
2025-01-29 01:58:26,726 [Worker-14: Download sources and javadoc] INFO  o.e.m.j.internal.DownloadSourcesJob - Downloaded sources for org.bouncycastle:bcprov-jdk15on:1.64
2025-01-29 01:58:26,925 [Worker-14: Download sources and javadoc] INFO  o.e.m.c.i.e.AbstractTransferListenerAdapter - Downloading https://repo.maven.apache.org/maven2/org/slf4j/jcl-over-slf4j/1.7.30/jcl-over-slf4j-1.7.30-sources.jar
2025-01-29 01:58:26,973 [Worker-14: Download sources and javadoc] INFO  o.e.m.c.i.e.AbstractTransferListenerAdapter - Downloaded https://repo.maven.apache.org/maven2/org/slf4j/jcl-over-slf4j/1.7.30/jcl-over-slf4j-1.7.30-sources.jar
2025-01-29 01:58:26,978 [Worker-14: Download sources and javadoc] INFO  o.e.m.j.internal.DownloadSourcesJob - Downloaded sources for org.slf4j:jcl-over-slf4j:1.7.30
2025-01-29 01:58:27,147 [Worker-14: Download sources and javadoc] INFO  o.e.m.c.i.e.AbstractTransferListenerAdapter - Downloading https://repo.maven.apache.org/maven2/com/github/docker-java/docker-java-transport-httpclient5/3.2.13/docker-java-transport-httpclient5-3.2.13-sources.jar
2025-01-29 01:58:27,173 [Worker-14: Download sources and javadoc] INFO  o.e.m.c.i.e.AbstractTransferListenerAdapter - Downloaded https://repo.maven.apache.org/maven2/com/github/docker-java/docker-java-transport-httpclient5/3.2.13/docker-java-transport-httpclient5-3.2.13-sources.jar
2025-01-29 01:58:27,180 [Worker-14: Download sources and javadoc] INFO  o.e.m.j.internal.DownloadSourcesJob - Downloaded sources for com.github.docker-java:docker-java-transport-httpclient5:3.2.13
2025-01-29 01:58:27,388 [Worker-14: Download sources and javadoc] INFO  o.e.m.c.i.e.AbstractTransferListenerAdapter - Downloading https://repo.maven.apache.org/maven2/com/github/docker-java/docker-java-transport/3.2.13/docker-java-transport-3.2.13-sources.jar
2025-01-29 01:58:27,420 [Worker-14: Download sources and javadoc] INFO  o.e.m.c.i.e.AbstractTransferListenerAdapter - Downloaded https://repo.maven.apache.org/maven2/com/github/docker-java/docker-java-transport/3.2.13/docker-java-transport-3.2.13-sources.jar
2025-01-29 01:58:27,426 [Worker-14: Download sources and javadoc] INFO  o.e.m.j.internal.DownloadSourcesJob - Downloaded sources for com.github.docker-java:docker-java-transport:3.2.13
2025-01-29 01:58:27,636 [Worker-14: Download sources and javadoc] INFO  o.e.m.c.i.e.AbstractTransferListenerAdapter - Downloading https://repo.maven.apache.org/maven2/net/java/dev/jna/jna/5.8.0/jna-5.8.0-sources.jar
2025-01-29 01:58:27,923 [Worker-14: Download sources and javadoc] INFO  o.e.m.c.i.e.AbstractTransferListenerAdapter - Downloaded https://repo.maven.apache.org/maven2/net/java/dev/jna/jna/5.8.0/jna-5.8.0-sources.jar
2025-01-29 01:58:27,928 [Worker-14: Download sources and javadoc] INFO  o.e.m.j.internal.DownloadSourcesJob - Downloaded sources for net.java.dev.jna:jna:5.8.0
2025-01-29 01:58:28,232 [Worker-14: Download sources and javadoc] INFO  o.e.m.c.i.e.AbstractTransferListenerAdapter - Downloading https://repo.maven.apache.org/maven2/org/brotli/dec/0.1.2/dec-0.1.2-sources.jar
2025-01-29 01:58:28,354 [Worker-14: Download sources and javadoc] INFO  o.e.m.c.i.e.AbstractTransferListenerAdapter - Downloaded https://repo.maven.apache.org/maven2/org/brotli/dec/0.1.2/dec-0.1.2-sources.jar
2025-01-29 01:58:28,358 [Worker-14: Download sources and javadoc] INFO  o.e.m.j.internal.DownloadSourcesJob - Downloaded sources for org.brotli:dec:0.1.2
2025-01-29 01:58:28,566 [Worker-14: Download sources and javadoc] INFO  o.e.m.c.i.e.AbstractTransferListenerAdapter - Downloading https://repo.maven.apache.org/maven2/org/apache/commons/commons-lang3/3.12.0/commons-lang3-3.12.0-sources.jar
2025-01-29 01:58:28,810 [Worker-14: Download sources and javadoc] INFO  o.e.m.c.i.e.AbstractTransferListenerAdapter - Downloaded https://repo.maven.apache.org/maven2/org/apache/commons/commons-lang3/3.12.0/commons-lang3-3.12.0-sources.jar
2025-01-29 01:58:28,815 [Worker-14: Download sources and javadoc] INFO  o.e.m.j.internal.DownloadSourcesJob - Downloaded sources for org.apache.commons:commons-lang3:3.12.0
2025-01-29 01:58:29,040 [Worker-14: Download sources and javadoc] INFO  o.e.m.c.i.e.AbstractTransferListenerAdapter - Downloading https://repo.maven.apache.org/maven2/org/apache/httpcomponents/client5/httpclient5/5.1.3/httpclient5-5.1.3-sources.jar
2025-01-29 01:58:29,308 [Worker-14: Download sources and javadoc] INFO  o.e.m.c.i.e.AbstractTransferListenerAdapter - Downloaded https://repo.maven.apache.org/maven2/org/apache/httpcomponents/client5/httpclient5/5.1.3/httpclient5-5.1.3-sources.jar
2025-01-29 01:58:29,310 [Worker-14: Download sources and javadoc] INFO  o.e.m.j.internal.DownloadSourcesJob - Downloaded sources for org.apache.httpcomponents.client5:httpclient5:5.1.3
2025-01-29 01:58:29,464 [Worker-14: Download sources and javadoc] INFO  o.e.m.c.i.e.AbstractTransferListenerAdapter - Downloading https://repo.maven.apache.org/maven2/org/apache/httpcomponents/core5/httpcore5/5.1.3/httpcore5-5.1.3-sources.jar
2025-01-29 01:58:29,942 [Worker-14: Download sources and javadoc] INFO  o.e.m.c.i.e.AbstractTransferListenerAdapter - Downloaded https://repo.maven.apache.org/maven2/org/apache/httpcomponents/core5/httpcore5/5.1.3/httpcore5-5.1.3-sources.jar
2025-01-29 01:58:29,946 [Worker-14: Download sources and javadoc] INFO  o.e.m.j.internal.DownloadSourcesJob - Downloaded sources for org.apache.httpcomponents.core5:httpcore5:5.1.3
2025-01-29 01:58:30,262 [Worker-14: Download sources and javadoc] INFO  o.e.m.c.i.e.AbstractTransferListenerAdapter - Downloading https://repo.maven.apache.org/maven2/org/apache/httpcomponents/core5/httpcore5-h2/5.1.3/httpcore5-h2-5.1.3-sources.jar
2025-01-29 01:58:30,477 [Worker-14: Download sources and javadoc] INFO  o.e.m.c.i.e.AbstractTransferListenerAdapter - Downloaded https://repo.maven.apache.org/maven2/org/apache/httpcomponents/core5/httpcore5-h2/5.1.3/httpcore5-h2-5.1.3-sources.jar
2025-01-29 01:58:30,483 [Worker-14: Download sources and javadoc] INFO  o.e.m.j.internal.DownloadSourcesJob - Downloaded sources for org.apache.httpcomponents.core5:httpcore5-h2:5.1.3
2025-01-29 01:58:30,668 [Worker-14: Download sources and javadoc] INFO  o.e.m.c.i.e.AbstractTransferListenerAdapter - Downloading https://repo.maven.apache.org/maven2/org/slf4j/slf4j-api/1.7.30/slf4j-api-1.7.30-sources.jar
2025-01-29 01:58:30,754 [Worker-14: Download sources and javadoc] INFO  o.e.m.c.i.e.AbstractTransferListenerAdapter - Downloaded https://repo.maven.apache.org/maven2/org/slf4j/slf4j-api/1.7.30/slf4j-api-1.7.30-sources.jar
2025-01-29 01:58:30,760 [Worker-14: Download sources and javadoc] INFO  o.e.m.j.internal.DownloadSourcesJob - Downloaded sources for org.slf4j:slf4j-api:1.7.30
2025-01-29 01:58:30,949 [Worker-14: Download sources and javadoc] INFO  o.e.m.c.i.e.AbstractTransferListenerAdapter - Downloading https://repo.maven.apache.org/maven2/org/slf4j/slf4j-simple/1.7.30/slf4j-simple-1.7.30-sources.jar
2025-01-29 01:58:30,988 [Worker-14: Download sources and javadoc] INFO  o.e.m.c.i.e.AbstractTransferListenerAdapter - Downloaded https://repo.maven.apache.org/maven2/org/slf4j/slf4j-simple/1.7.30/slf4j-simple-1.7.30-sources.jar
2025-01-29 01:58:30,991 [Worker-14: Download sources and javadoc] INFO  o.e.m.j.internal.DownloadSourcesJob - Downloaded sources for org.slf4j:slf4j-simple:1.7.30
2025-01-29 02:03:29,755 [Worker-14: Building] INFO  o.a.m.s.f.DefaultMavenResourcesFiltering - skip non existing resourceDirectory C:\Users\ADMIN\eclipse-workspace\test\src\main\resources
2025-01-29 02:03:29,771 [Worker-14: Building] INFO  o.a.m.s.f.DefaultMavenResourcesFiltering - skip non existing resourceDirectory C:\Users\ADMIN\eclipse-workspace\test\src\test\resources
2025-01-29 02:07:11,024 [Worker-19: Building] INFO  o.a.m.s.f.DefaultMavenResourcesFiltering - skip non existing resourceDirectory C:\Users\ADMIN\eclipse-workspace\test\src\main\resources
2025-01-29 02:07:11,028 [Worker-19: Building] INFO  o.a.m.s.f.DefaultMavenResourcesFiltering - skip non existing resourceDirectory C:\Users\ADMIN\eclipse-workspace\test\src\test\resources
2025-01-29 02:08:04,418 [Worker-17: Building] INFO  o.a.m.s.f.DefaultMavenResourcesFiltering - skip non existing resourceDirectory C:\Users\ADMIN\eclipse-workspace\test\src\main\resources
2025-01-29 02:08:04,423 [Worker-17: Building] INFO  o.a.m.s.f.DefaultMavenResourcesFiltering - skip non existing resourceDirectory C:\Users\ADMIN\eclipse-workspace\test\src\test\resources
2025-01-29 02:08:13,266 [Worker-18: Download sources and javadoc] INFO  o.e.m.c.i.e.AbstractTransferListenerAdapter - Downloaded https://repo.maven.apache.org/maven2/com/google/guava/listenablefuture/9999.0-empty-to-avoid-conflict-with-guava/listenablefuture-9999.0-empty-to-avoid-conflict-with-guava-javadoc.jar
2025-01-29 02:08:13,273 [Worker-18: Download sources and javadoc] ERROR o.e.m.j.internal.DownloadSourcesJob - Could not download javadoc for com.google.guava:listenablefuture:9999.0-empty-to-avoid-conflict-with-guava
org.eclipse.core.runtime.CoreException: Could not resolve artifact com.google.guava:listenablefuture:jar:javadoc:9999.0-empty-to-avoid-conflict-with-guava
	at org.eclipse.m2e.core.internal.embedder.MavenImpl.lambda$7(MavenImpl.java:540)
	at org.eclipse.m2e.core.internal.embedder.MavenExecutionContext.executeBare(MavenExecutionContext.java:458)
	at org.eclipse.m2e.core.internal.embedder.MavenExecutionContext.execute(MavenExecutionContext.java:292)
	at org.eclipse.m2e.core.internal.embedder.MavenExecutionContext.execute(MavenExecutionContext.java:278)
	at org.eclipse.m2e.core.internal.embedder.MavenImpl.resolve(MavenImpl.java:509)
	at org.eclipse.m2e.core.internal.embedder.MavenImpl.resolve(MavenImpl.java:494)
	at org.eclipse.m2e.jdt.internal.DownloadSourcesJob.download(DownloadSourcesJob.java:308)
	at org.eclipse.m2e.jdt.internal.DownloadSourcesJob.downloadAttachments(DownloadSourcesJob.java:294)
	at org.eclipse.m2e.jdt.internal.DownloadSourcesJob.downloadMaven(DownloadSourcesJob.java:252)
	at org.eclipse.m2e.jdt.internal.DownloadSourcesJob.downloadFilesAndPopulateToUpdate(DownloadSourcesJob.java:220)
	at org.eclipse.m2e.jdt.internal.DownloadSourcesJob.lambda$0(DownloadSourcesJob.java:149)
	at org.eclipse.m2e.core.internal.embedder.MavenExecutionContext.executeBare(MavenExecutionContext.java:458)
	at org.eclipse.m2e.core.internal.embedder.MavenExecutionContext.execute(MavenExecutionContext.java:339)
	at org.eclipse.m2e.core.internal.embedder.MavenExecutionContext.execute(MavenExecutionContext.java:278)
	at org.eclipse.m2e.core.embedder.IMaven.execute(IMaven.java:300)
	at org.eclipse.m2e.jdt.internal.DownloadSourcesJob.run(DownloadSourcesJob.java:149)
	at org.eclipse.core.internal.jobs.Worker.run(Worker.java:63)
2025-01-29 02:08:13,810 [Worker-18: Download sources and javadoc] INFO  o.e.m.c.i.e.AbstractTransferListenerAdapter - Downloaded https://repo.maven.apache.org/maven2/io/cucumber/cucumber-params/7.13.0/cucumber-params-7.13.0-javadoc.jar
2025-01-29 02:08:13,818 [Worker-18: Download sources and javadoc] ERROR o.e.m.j.internal.DownloadSourcesJob - Could not download javadoc for io.cucumber:cucumber-params:7.13.0
org.eclipse.core.runtime.CoreException: Could not resolve artifact io.cucumber:cucumber-params:jar:javadoc:7.13.0
	at org.eclipse.m2e.core.internal.embedder.MavenImpl.lambda$7(MavenImpl.java:540)
	at org.eclipse.m2e.core.internal.embedder.MavenExecutionContext.executeBare(MavenExecutionContext.java:458)
	at org.eclipse.m2e.core.internal.embedder.MavenExecutionContext.execute(MavenExecutionContext.java:292)
	at org.eclipse.m2e.core.internal.embedder.MavenExecutionContext.execute(MavenExecutionContext.java:278)
	at org.eclipse.m2e.core.internal.embedder.MavenImpl.resolve(MavenImpl.java:509)
	at org.eclipse.m2e.core.internal.embedder.MavenImpl.resolve(MavenImpl.java:494)
	at org.eclipse.m2e.jdt.internal.DownloadSourcesJob.download(DownloadSourcesJob.java:308)
	at org.eclipse.m2e.jdt.internal.DownloadSourcesJob.downloadAttachments(DownloadSourcesJob.java:294)
	at org.eclipse.m2e.jdt.internal.DownloadSourcesJob.downloadMaven(DownloadSourcesJob.java:252)
	at org.eclipse.m2e.jdt.internal.DownloadSourcesJob.downloadFilesAndPopulateToUpdate(DownloadSourcesJob.java:220)
	at org.eclipse.m2e.jdt.internal.DownloadSourcesJob.lambda$0(DownloadSourcesJob.java:149)
	at org.eclipse.m2e.core.internal.embedder.MavenExecutionContext.executeBare(MavenExecutionContext.java:458)
	at org.eclipse.m2e.core.internal.embedder.MavenExecutionContext.execute(MavenExecutionContext.java:339)
	at org.eclipse.m2e.core.internal.embedder.MavenExecutionContext.execute(MavenExecutionContext.java:278)
	at org.eclipse.m2e.core.embedder.IMaven.execute(IMaven.java:300)
	at org.eclipse.m2e.jdt.internal.DownloadSourcesJob.run(DownloadSourcesJob.java:149)
	at org.eclipse.core.internal.jobs.Worker.run(Worker.java:63)
2025-01-29 02:08:14,289 [Worker-18: Download sources and javadoc] INFO  o.e.m.c.i.e.AbstractTransferListenerAdapter - Downloaded https://repo.maven.apache.org/maven2/io/qameta/allure/allure-cucumber5/2.21.0/allure-cucumber5-2.21.0-javadoc.jar
2025-01-29 02:08:14,292 [Worker-18: Download sources and javadoc] ERROR o.e.m.j.internal.DownloadSourcesJob - Could not download javadoc for io.qameta.allure:allure-cucumber5:2.21.0
org.eclipse.core.runtime.CoreException: Could not resolve artifact io.qameta.allure:allure-cucumber5:jar:javadoc:2.21.0
	at org.eclipse.m2e.core.internal.embedder.MavenImpl.lambda$7(MavenImpl.java:540)
	at org.eclipse.m2e.core.internal.embedder.MavenExecutionContext.executeBare(MavenExecutionContext.java:458)
	at org.eclipse.m2e.core.internal.embedder.MavenExecutionContext.execute(MavenExecutionContext.java:292)
	at org.eclipse.m2e.core.internal.embedder.MavenExecutionContext.execute(MavenExecutionContext.java:278)
	at org.eclipse.m2e.core.internal.embedder.MavenImpl.resolve(MavenImpl.java:509)
	at org.eclipse.m2e.core.internal.embedder.MavenImpl.resolve(MavenImpl.java:494)
	at org.eclipse.m2e.jdt.internal.DownloadSourcesJob.download(DownloadSourcesJob.java:308)
	at org.eclipse.m2e.jdt.internal.DownloadSourcesJob.downloadAttachments(DownloadSourcesJob.java:294)
	at org.eclipse.m2e.jdt.internal.DownloadSourcesJob.downloadMaven(DownloadSourcesJob.java:252)
	at org.eclipse.m2e.jdt.internal.DownloadSourcesJob.downloadFilesAndPopulateToUpdate(DownloadSourcesJob.java:220)
	at org.eclipse.m2e.jdt.internal.DownloadSourcesJob.lambda$0(DownloadSourcesJob.java:149)
	at org.eclipse.m2e.core.internal.embedder.MavenExecutionContext.executeBare(MavenExecutionContext.java:458)
	at org.eclipse.m2e.core.internal.embedder.MavenExecutionContext.execute(MavenExecutionContext.java:339)
	at org.eclipse.m2e.core.internal.embedder.MavenExecutionContext.execute(MavenExecutionContext.java:278)
	at org.eclipse.m2e.core.embedder.IMaven.execute(IMaven.java:300)
	at org.eclipse.m2e.jdt.internal.DownloadSourcesJob.run(DownloadSourcesJob.java:149)
	at org.eclipse.core.internal.jobs.Worker.run(Worker.java:63)
2025-01-29 02:09:19,366 [Worker-18: Building] INFO  o.a.m.s.f.DefaultMavenResourcesFiltering - skip non existing resourceDirectory C:\Users\ADMIN\eclipse-workspace\test\src\main\resources
2025-01-29 02:09:19,370 [Worker-18: Building] INFO  o.a.m.s.f.DefaultMavenResourcesFiltering - skip non existing resourceDirectory C:\Users\ADMIN\eclipse-workspace\test\src\test\resources
2025-01-29 21:11:46,063 [Worker-1: Loading available Gradle versions] INFO  o.e.b.c.i.u.g.PublishedGradleVersions - Gradle version information cache is up-to-date. Trying to read.
2025-01-29 21:11:59,692 [Worker-4: reload maven project] WARN  o.e.m.c.i.embedder.EclipseLogger - The POM for io.cucumber:cucumber-params:jar:7.13.0 is missing, no dependency information available
2025-01-29 21:11:59,976 [Worker-4: reload maven project] WARN  o.e.m.c.i.embedder.EclipseLogger - The POM for io.qameta.allure:allure-cucumber5:jar:2.21.0 is missing, no dependency information available
2025-01-29 21:12:34,566 [Worker-10: Building] INFO  o.e.m.c.i.l.LifecycleMappingFactory - Using org.eclipse.m2e.jdt.JarLifecycleMapping lifecycle mapping for MavenProject: com.vc:test:0.0.1-SNAPSHOT @ C:\Users\ADMIN\eclipse-workspace\test\pom.xml.
2025-01-29 21:12:36,101 [Worker-10: Building] INFO  o.a.m.s.f.DefaultMavenResourcesFiltering - skip non existing resourceDirectory C:\Users\ADMIN\eclipse-workspace\test\src\main\resources
2025-01-29 21:12:36,110 [Worker-10: Building] INFO  o.a.m.s.f.DefaultMavenResourcesFiltering - skip non existing resourceDirectory C:\Users\ADMIN\eclipse-workspace\test\src\test\resources
2025-01-29 21:12:38,174 [Worker-0: Building] INFO  o.a.m.s.f.DefaultMavenResourcesFiltering - skip non existing resourceDirectory C:\Users\ADMIN\eclipse-workspace\test\src\main\resources
2025-01-29 21:12:38,180 [Worker-0: Building] INFO  o.a.m.s.f.DefaultMavenResourcesFiltering - skip non existing resourceDirectory C:\Users\ADMIN\eclipse-workspace\test\src\test\resources
2025-01-29 21:16:51,222 [Worker-0: Loading available Gradle versions] INFO  o.e.b.c.i.u.g.PublishedGradleVersions - Gradle version information cache is up-to-date. Trying to read.
2025-01-29 21:20:57,991 [Worker-12: Building] INFO  o.e.m.c.i.l.LifecycleMappingFactory - Using org.eclipse.m2e.jdt.JarLifecycleMapping lifecycle mapping for MavenProject: com.vc:test:0.0.1-SNAPSHOT @ C:\Users\ADMIN\eclipse-workspace\Netmeds\pom.xml.
2025-01-29 21:21:02,178 [Worker-12: Building] INFO  o.a.m.s.f.DefaultMavenResourcesFiltering - skip non existing resourceDirectory C:\Users\ADMIN\eclipse-workspace\Netmeds\src\main\resources
2025-01-29 21:21:02,185 [Worker-12: Building] INFO  o.a.m.s.f.DefaultMavenResourcesFiltering - skip non existing resourceDirectory C:\Users\ADMIN\eclipse-workspace\Netmeds\src\test\resources
2025-01-29 21:21:02,602 [Worker-16: Building] INFO  o.a.m.s.f.DefaultMavenResourcesFiltering - skip non existing resourceDirectory C:\Users\ADMIN\eclipse-workspace\Netmeds\src\main\resources
2025-01-29 21:21:02,608 [Worker-16: Building] INFO  o.a.m.s.f.DefaultMavenResourcesFiltering - skip non existing resourceDirectory C:\Users\ADMIN\eclipse-workspace\Netmeds\src\test\resources
2025-01-29 21:25:54,804 [Worker-0: Loading available Gradle versions] INFO  o.e.b.c.i.u.g.PublishedGradleVersions - Gradle version information cache is up-to-date. Trying to read.
2025-01-29 21:26:59,946 [Worker-3: Building] INFO  o.a.m.s.f.DefaultMavenResourcesFiltering - skip non existing resourceDirectory C:\Users\ADMIN\eclipse-workspace\Netmeds\src\main\resources
2025-01-29 21:26:59,962 [Worker-3: Building] INFO  o.a.m.s.f.DefaultMavenResourcesFiltering - skip non existing resourceDirectory C:\Users\ADMIN\eclipse-workspace\Netmeds\src\test\resources
2025-01-29 21:29:16,771 [Worker-5: Building] INFO  o.a.m.s.f.DefaultMavenResourcesFiltering - skip non existing resourceDirectory C:\Users\ADMIN\eclipse-workspace\Netmeds\src\main\resources
2025-01-29 21:29:16,776 [Worker-5: Building] INFO  o.a.m.s.f.DefaultMavenResourcesFiltering - skip non existing resourceDirectory C:\Users\ADMIN\eclipse-workspace\Netmeds\src\test\resources
2025-01-29 21:33:42,278 [main] ERROR o.e.m2e.editor.pom.MavenPomEditor - Cannot determine URI for '/test/pom.xml'.
org.eclipse.ui.PartInitException: Cannot determine URI for '/test/pom.xml'.
	at org.eclipse.ui.texteditor.AbstractTextEditor.internalInit(AbstractTextEditor.java:3202)
	at org.eclipse.ui.texteditor.AbstractTextEditor.init(AbstractTextEditor.java:3213)
	at org.eclipse.ui.part.MultiPageEditorPart.addPage(MultiPageEditorPart.java:250)
	at org.eclipse.ui.forms.editor.FormEditor.addPage(FormEditor.java:331)
	at org.eclipse.ui.part.MultiPageEditorPart.addPage(MultiPageEditorPart.java:229)
	at org.eclipse.ui.forms.editor.FormEditor.addPage(FormEditor.java:313)
	at org.eclipse.m2e.editor.pom.MavenPomEditor.addFallbackEditors(MavenPomEditor.java:361)
	at org.eclipse.m2e.editor.pom.MavenPomEditor.addPages(MavenPomEditor.java:337)
	at org.eclipse.ui.forms.editor.FormEditor.createPages(FormEditor.java:143)
	at org.eclipse.ui.part.MultiPageEditorPart.createPartControl(MultiPageEditorPart.java:381)
	at org.eclipse.ui.internal.e4.compatibility.CompatibilityPart.createPartControl(CompatibilityPart.java:158)
	at org.eclipse.ui.internal.e4.compatibility.CompatibilityEditor.createPartControl(CompatibilityEditor.java:96)
	at org.eclipse.ui.internal.e4.compatibility.CompatibilityPart.create(CompatibilityPart.java:365)
	at java.base/jdk.internal.reflect.DirectMethodHandleAccessor.invoke(DirectMethodHandleAccessor.java:103)
	at java.base/java.lang.reflect.Method.invoke(Method.java:580)
	at org.eclipse.e4.core.internal.di.MethodRequestor.execute(MethodRequestor.java:56)
	at org.eclipse.e4.core.internal.di.InjectorImpl.processAnnotated(InjectorImpl.java:977)
	at org.eclipse.e4.core.internal.di.InjectorImpl.processAnnotated(InjectorImpl.java:939)
	at org.eclipse.e4.core.internal.di.InjectorImpl.internalInject(InjectorImpl.java:139)
	at org.eclipse.e4.core.internal.di.InjectorImpl.internalMake(InjectorImpl.java:386)
	at org.eclipse.e4.core.internal.di.InjectorImpl.make(InjectorImpl.java:312)
	at org.eclipse.e4.core.contexts.ContextInjectionFactory.make(ContextInjectionFactory.java:203)
	at org.eclipse.e4.ui.internal.workbench.ReflectionContributionFactory.createFromBundle(ReflectionContributionFactory.java:90)
	at org.eclipse.e4.ui.internal.workbench.ReflectionContributionFactory.doCreate(ReflectionContributionFactory.java:59)
	at org.eclipse.e4.ui.internal.workbench.ReflectionContributionFactory.create(ReflectionContributionFactory.java:42)
	at org.eclipse.e4.ui.workbench.renderers.swt.ContributedPartRenderer.createWidget(ContributedPartRenderer.java:134)
	at org.eclipse.e4.ui.internal.workbench.swt.PartRenderingEngine.createWidget(PartRenderingEngine.java:991)
	at org.eclipse.e4.ui.internal.workbench.swt.PartRenderingEngine.safeCreateGui(PartRenderingEngine.java:658)
	at org.eclipse.e4.ui.internal.workbench.swt.PartRenderingEngine.safeCreateGui(PartRenderingEngine.java:762)
	at org.eclipse.e4.ui.internal.workbench.swt.PartRenderingEngine$2.run(PartRenderingEngine.java:727)
	at org.eclipse.core.runtime.SafeRunner.run(SafeRunner.java:47)
	at org.eclipse.e4.ui.internal.workbench.swt.PartRenderingEngine.createGui(PartRenderingEngine.java:711)
	at org.eclipse.e4.ui.internal.workbench.PartServiceImpl.lambda$0(PartServiceImpl.java:105)
	at org.eclipse.e4.ui.services.internal.events.UIEventHandler.lambda$0(UIEventHandler.java:38)
	at org.eclipse.swt.widgets.Synchronizer.syncExec(Synchronizer.java:183)
	at org.eclipse.ui.internal.UISynchronizer.syncExec(UISynchronizer.java:133)
	at org.eclipse.swt.widgets.Display.syncExec(Display.java:4941)
	at org.eclipse.e4.ui.workbench.swt.DisplayUISynchronize.syncExec(DisplayUISynchronize.java:34)
	at org.eclipse.e4.ui.services.internal.events.UIEventHandler.handleEvent(UIEventHandler.java:38)
	at org.eclipse.equinox.internal.event.EventHandlerWrapper.handleEvent(EventHandlerWrapper.java:206)
	at org.eclipse.equinox.internal.event.EventHandlerTracker.dispatchEvent(EventHandlerTracker.java:201)
	at org.eclipse.equinox.internal.event.EventHandlerTracker.dispatchEvent(EventHandlerTracker.java:1)
	at org.eclipse.osgi.framework.eventmgr.EventManager.dispatchEvent(EventManager.java:230)
	at org.eclipse.osgi.framework.eventmgr.ListenerQueue.dispatchEventSynchronous(ListenerQueue.java:151)
	at org.eclipse.equinox.internal.event.EventAdminImpl.dispatchEvent(EventAdminImpl.java:131)
	at org.eclipse.equinox.internal.event.EventAdminImpl.sendEvent(EventAdminImpl.java:73)
	at org.eclipse.equinox.internal.event.EventComponent.sendEvent(EventComponent.java:44)
	at org.eclipse.e4.ui.services.internal.events.EventBroker.send(EventBroker.java:55)
	at org.eclipse.e4.ui.internal.workbench.UIEventPublisher.notifyChanged(UIEventPublisher.java:60)
	at org.eclipse.emf.common.notify.impl.BasicNotifierImpl.eNotify(BasicNotifierImpl.java:424)
	at org.eclipse.e4.ui.model.application.ui.impl.ElementContainerImpl.setSelectedElementGen(ElementContainerImpl.java:168)
	at org.eclipse.e4.ui.model.application.ui.impl.ElementContainerImpl.setSelectedElement(ElementContainerImpl.java:187)
	at org.eclipse.e4.ui.workbench.renderers.swt.StackRenderer.lambda$28(StackRenderer.java:1160)
	at org.eclipse.swt.events.SelectionListener$1.widgetSelected(SelectionListener.java:84)
	at org.eclipse.swt.widgets.TypedListener.handleEvent(TypedListener.java:265)
	at org.eclipse.swt.widgets.EventTable.sendEvent(EventTable.java:91)
	at org.eclipse.swt.widgets.Display.sendEvent(Display.java:4404)
	at org.eclipse.swt.widgets.Widget.sendEvent(Widget.java:1173)
	at org.eclipse.swt.widgets.Widget.sendEvent(Widget.java:1197)
	at org.eclipse.swt.widgets.Widget.sendEvent(Widget.java:1182)
	at org.eclipse.swt.widgets.Widget.notifyListeners(Widget.java:852)
	at org.eclipse.swt.custom.CTabFolder.setSelection(CTabFolder.java:3258)
	at org.eclipse.swt.custom.CTabFolder.onMouse(CTabFolder.java:1897)
	at org.eclipse.swt.custom.CTabFolder.lambda$0(CTabFolder.java:331)
	at org.eclipse.swt.widgets.EventTable.sendEvent(EventTable.java:91)
	at org.eclipse.swt.widgets.Display.sendEvent(Display.java:4404)
	at org.eclipse.swt.widgets.Widget.sendEvent(Widget.java:1173)
	at org.eclipse.swt.widgets.Display.runDeferredEvents(Display.java:4202)
	at org.eclipse.swt.widgets.Display.readAndDispatch(Display.java:3790)
	at org.eclipse.jface.window.Window.runEventLoop(Window.java:823)
	at org.eclipse.jface.window.Window.open(Window.java:799)
	at org.eclipse.epp.internal.mpc.ui.commands.AbstractMarketplaceWizardCommand.openWizardDialog(AbstractMarketplaceWizardCommand.java:146)
	at org.eclipse.epp.internal.mpc.ui.commands.AbstractMarketplaceWizardCommand.execute(AbstractMarketplaceWizardCommand.java:73)
	at org.eclipse.epp.internal.mpc.ui.wizards.MarketplaceClientService.execute(MarketplaceClientService.java:153)
	at org.eclipse.epp.internal.mpc.ui.wizards.MarketplaceClientService.open(MarketplaceClientService.java:111)
	at org.eclipse.epp.internal.mpc.ui.discovery.ShowFileSupportProposalsJob.runInUIThread(ShowFileSupportProposalsJob.java:71)
	at org.eclipse.ui.progress.UIJob.lambda$0(UIJob.java:148)
	at org.eclipse.swt.widgets.RunnableLock.run(RunnableLock.java:40)
	at org.eclipse.swt.widgets.Synchronizer.runAsyncMessages(Synchronizer.java:132)
	at org.eclipse.swt.widgets.Display.runAsyncMessages(Display.java:4177)
	at org.eclipse.swt.widgets.Display.msgFilterProc(Display.java:3528)
	at org.eclipse.swt.internal.win32.OS.TrackPopupMenu(Native Method)
	at org.eclipse.swt.widgets.Menu._setVisible(Menu.java:241)
	at org.eclipse.swt.widgets.Display.runPopups(Display.java:4243)
	at org.eclipse.swt.widgets.Display.readAndDispatch(Display.java:3784)
	at org.eclipse.e4.ui.internal.workbench.swt.PartRenderingEngine$5.run(PartRenderingEngine.java:1151)
	at org.eclipse.core.databinding.observable.Realm.runWithDefault(Realm.java:339)
	at org.eclipse.e4.ui.internal.workbench.swt.PartRenderingEngine.run(PartRenderingEngine.java:1042)
	at org.eclipse.e4.ui.internal.workbench.E4Workbench.createAndRunUI(E4Workbench.java:153)
	at org.eclipse.ui.internal.Workbench.lambda$3(Workbench.java:663)
	at org.eclipse.core.databinding.observable.Realm.runWithDefault(Realm.java:339)
	at org.eclipse.ui.internal.Workbench.createAndRunWorkbench(Workbench.java:570)
	at org.eclipse.ui.PlatformUI.createAndRunWorkbench(PlatformUI.java:173)
	at org.eclipse.ui.internal.ide.application.IDEApplication.start(IDEApplication.java:178)
	at org.eclipse.equinox.internal.app.EclipseAppHandle.run(EclipseAppHandle.java:208)
	at org.eclipse.core.runtime.internal.adaptor.EclipseAppLauncher.runApplication(EclipseAppLauncher.java:143)
	at org.eclipse.core.runtime.internal.adaptor.EclipseAppLauncher.start(EclipseAppLauncher.java:109)
	at org.eclipse.core.runtime.adaptor.EclipseStarter.run(EclipseStarter.java:439)
	at org.eclipse.core.runtime.adaptor.EclipseStarter.run(EclipseStarter.java:271)
	at java.base/jdk.internal.reflect.DirectMethodHandleAccessor.invoke(DirectMethodHandleAccessor.java:103)
	at java.base/java.lang.reflect.Method.invoke(Method.java:580)
	at org.eclipse.equinox.launcher.Main.invokeFramework(Main.java:668)
	at org.eclipse.equinox.launcher.Main.basicRun(Main.java:605)
	at org.eclipse.equinox.launcher.Main.run(Main.java:1481)
Caused by: org.eclipse.core.runtime.CoreException: Cannot determine URI for '/test/pom.xml'.
	at org.eclipse.core.internal.filebuffers.ResourceFileBuffer.create(ResourceFileBuffer.java:239)
	at org.eclipse.core.internal.filebuffers.TextFileBufferManager.connect(TextFileBufferManager.java:116)
	at org.eclipse.ui.editors.text.TextFileDocumentProvider.createFileInfo(TextFileDocumentProvider.java:565)
	at org.eclipse.ui.editors.text.TextFileDocumentProvider.connect(TextFileDocumentProvider.java:481)
	at org.eclipse.ui.texteditor.AbstractTextEditor.doSetInput(AbstractTextEditor.java:4187)
	at org.eclipse.ui.texteditor.StatusTextEditor.doSetInput(StatusTextEditor.java:262)
	at org.eclipse.ui.texteditor.AbstractDecoratedTextEditor.doSetInput(AbstractDecoratedTextEditor.java:1526)
	at org.eclipse.ui.editors.text.TextEditor.doSetInput(TextEditor.java:153)
	at org.eclipse.ui.internal.genericeditor.ExtensionBasedTextEditor.doSetInput(ExtensionBasedTextEditor.java:92)
	at org.eclipse.ui.texteditor.AbstractTextEditor.lambda$1(AbstractTextEditor.java:3171)
	at org.eclipse.jface.operation.ModalContext.runInCurrentThread(ModalContext.java:434)
	at org.eclipse.jface.operation.ModalContext.run(ModalContext.java:354)
	at org.eclipse.ui.internal.WorkbenchWindow.lambda$7(WorkbenchWindow.java:2341)
	at org.eclipse.swt.custom.BusyIndicator.showWhile(BusyIndicator.java:67)
	at org.eclipse.ui.internal.WorkbenchWindow.run(WorkbenchWindow.java:2338)
	at org.eclipse.ui.texteditor.AbstractTextEditor.internalInit(AbstractTextEditor.java:3188)
	... 103 common frames omitted
2025-01-29 21:34:25,863 [Worker-0: Loading available Gradle versions] INFO  o.e.b.c.i.u.g.PublishedGradleVersions - Gradle version information cache is up-to-date. Trying to read.
2025-01-29 21:36:24,750 [Worker-3: Building] INFO  o.a.m.s.f.DefaultMavenResourcesFiltering - skip non existing resourceDirectory C:\Users\ADMIN\eclipse-workspace\Netmeds\src\main\resources
2025-01-29 21:36:24,758 [Worker-3: Building] INFO  o.a.m.s.f.DefaultMavenResourcesFiltering - skip non existing resourceDirectory C:\Users\ADMIN\eclipse-workspace\Netmeds\src\test\resources
2025-01-29 21:36:30,591 [Worker-5: Building] INFO  o.a.m.s.f.DefaultMavenResourcesFiltering - skip non existing resourceDirectory C:\Users\ADMIN\eclipse-workspace\Netmeds\src\main\resources
2025-01-29 21:36:30,606 [Worker-5: Building] INFO  o.a.m.s.f.DefaultMavenResourcesFiltering - skip non existing resourceDirectory C:\Users\ADMIN\eclipse-workspace\Netmeds\src\test\resources
2025-01-29 21:36:49,466 [Worker-2: Building] INFO  o.a.m.s.f.DefaultMavenResourcesFiltering - skip non existing resourceDirectory C:\Users\ADMIN\eclipse-workspace\Netmeds\src\main\resources
2025-01-29 21:36:49,473 [Worker-2: Building] INFO  o.a.m.s.f.DefaultMavenResourcesFiltering - skip non existing resourceDirectory C:\Users\ADMIN\eclipse-workspace\Netmeds\src\test\resources
2025-01-29 21:37:35,557 [Worker-12: Building] INFO  o.a.m.s.f.DefaultMavenResourcesFiltering - skip non existing resourceDirectory C:\Users\ADMIN\eclipse-workspace\Netmeds\src\main\resources
2025-01-29 21:37:35,562 [Worker-12: Building] INFO  o.a.m.s.f.DefaultMavenResourcesFiltering - skip non existing resourceDirectory C:\Users\ADMIN\eclipse-workspace\Netmeds\src\test\resources
2025-01-29 21:48:57,070 [Worker-3: Building] INFO  o.a.m.s.f.DefaultMavenResourcesFiltering - skip non existing resourceDirectory C:\Users\ADMIN\eclipse-workspace\Netmeds\src\main\resources
2025-01-29 21:48:57,076 [Worker-3: Building] INFO  o.a.m.s.f.DefaultMavenResourcesFiltering - skip non existing resourceDirectory C:\Users\ADMIN\eclipse-workspace\Netmeds\src\test\resources
2025-01-29 21:49:14,126 [Worker-14: Building] INFO  o.a.m.s.f.DefaultMavenResourcesFiltering - skip non existing resourceDirectory C:\Users\ADMIN\eclipse-workspace\Netmeds\src\main\resources
2025-01-29 21:49:14,134 [Worker-14: Building] INFO  o.a.m.s.f.DefaultMavenResourcesFiltering - skip non existing resourceDirectory C:\Users\ADMIN\eclipse-workspace\Netmeds\src\test\resources
2025-01-29 21:55:56,170 [Worker-3: Building] INFO  o.a.m.s.f.DefaultMavenResourcesFiltering - skip non existing resourceDirectory C:\Users\ADMIN\eclipse-workspace\Netmeds\src\main\resources
2025-01-29 21:55:56,175 [Worker-3: Building] INFO  o.a.m.s.f.DefaultMavenResourcesFiltering - skip non existing resourceDirectory C:\Users\ADMIN\eclipse-workspace\Netmeds\src\test\resources
2025-01-29 21:56:35,224 [Worker-16: Building] INFO  o.a.m.s.f.DefaultMavenResourcesFiltering - skip non existing resourceDirectory C:\Users\ADMIN\eclipse-workspace\Netmeds\src\main\resources
2025-01-29 21:56:35,229 [Worker-16: Building] INFO  o.a.m.s.f.DefaultMavenResourcesFiltering - skip non existing resourceDirectory C:\Users\ADMIN\eclipse-workspace\Netmeds\src\test\resources
2025-01-29 21:59:29,368 [Worker-19: Building] INFO  o.e.m.c.i.l.LifecycleMappingFactory - Using org.eclipse.m2e.jdt.JarLifecycleMapping lifecycle mapping for MavenProject: com.vc:test:0.0.1-SNAPSHOT @ C:\Users\ADMIN\eclipse-workspace\Netmeds\pom.xml.
2025-01-29 21:59:30,753 [Worker-19: Building] INFO  o.a.m.s.f.DefaultMavenResourcesFiltering - skip non existing resourceDirectory C:\Users\ADMIN\eclipse-workspace\Netmeds\src\main\resources
2025-01-29 21:59:30,760 [Worker-19: Building] INFO  o.a.m.s.f.DefaultMavenResourcesFiltering - skip non existing resourceDirectory C:\Users\ADMIN\eclipse-workspace\Netmeds\src\test\resources
2025-01-29 21:59:32,141 [Worker-19: Building] INFO  o.a.m.s.f.DefaultMavenResourcesFiltering - skip non existing resourceDirectory C:\Users\ADMIN\eclipse-workspace\Netmeds\src\main\resources
2025-01-29 21:59:32,146 [Worker-19: Building] INFO  o.a.m.s.f.DefaultMavenResourcesFiltering - skip non existing resourceDirectory C:\Users\ADMIN\eclipse-workspace\Netmeds\src\test\resources
2025-01-29 22:00:04,155 [Worker-18: Building] INFO  o.a.m.s.f.DefaultMavenResourcesFiltering - skip non existing resourceDirectory C:\Users\ADMIN\eclipse-workspace\Netmeds\src\main\resources
2025-01-29 22:00:04,160 [Worker-18: Building] INFO  o.a.m.s.f.DefaultMavenResourcesFiltering - skip non existing resourceDirectory C:\Users\ADMIN\eclipse-workspace\Netmeds\src\test\resources
2025-01-29 22:00:57,299 [Worker-3: Building] INFO  o.a.m.s.f.DefaultMavenResourcesFiltering - skip non existing resourceDirectory C:\Users\ADMIN\eclipse-workspace\Netmeds\src\main\resources
2025-01-29 22:00:57,303 [Worker-3: Building] INFO  o.a.m.s.f.DefaultMavenResourcesFiltering - skip non existing resourceDirectory C:\Users\ADMIN\eclipse-workspace\Netmeds\src\test\resources
2025-01-29 22:01:24,527 [Worker-18: Building] INFO  o.a.m.s.f.DefaultMavenResourcesFiltering - skip non existing resourceDirectory C:\Users\ADMIN\eclipse-workspace\Netmeds\src\main\resources
2025-01-29 22:01:24,531 [Worker-18: Building] INFO  o.a.m.s.f.DefaultMavenResourcesFiltering - skip non existing resourceDirectory C:\Users\ADMIN\eclipse-workspace\Netmeds\src\test\resources
2025-01-29 22:02:41,056 [Worker-21: Building] INFO  o.a.m.s.f.DefaultMavenResourcesFiltering - skip non existing resourceDirectory C:\Users\ADMIN\eclipse-workspace\Netmeds\src\main\resources
2025-01-29 22:02:41,059 [Worker-21: Building] INFO  o.a.m.s.f.DefaultMavenResourcesFiltering - skip non existing resourceDirectory C:\Users\ADMIN\eclipse-workspace\Netmeds\src\test\resources
2025-01-29 22:03:13,663 [Worker-18: Building] INFO  o.a.m.s.f.DefaultMavenResourcesFiltering - skip non existing resourceDirectory C:\Users\ADMIN\eclipse-workspace\Netmeds\src\main\resources
2025-01-29 22:03:13,667 [Worker-18: Building] INFO  o.a.m.s.f.DefaultMavenResourcesFiltering - skip non existing resourceDirectory C:\Users\ADMIN\eclipse-workspace\Netmeds\src\test\resources
2025-01-29 22:03:49,476 [Worker-3: Building] INFO  o.a.m.s.f.DefaultMavenResourcesFiltering - skip non existing resourceDirectory C:\Users\ADMIN\eclipse-workspace\Netmeds\src\main\resources
2025-01-29 22:03:49,484 [Worker-3: Building] INFO  o.a.m.s.f.DefaultMavenResourcesFiltering - skip non existing resourceDirectory C:\Users\ADMIN\eclipse-workspace\Netmeds\src\test\resources
2025-01-29 22:06:45,014 [Worker-18: Building] INFO  o.a.m.s.f.DefaultMavenResourcesFiltering - skip non existing resourceDirectory C:\Users\ADMIN\eclipse-workspace\Netmeds\src\main\resources
2025-01-29 22:06:45,018 [Worker-18: Building] INFO  o.a.m.s.f.DefaultMavenResourcesFiltering - skip non existing resourceDirectory C:\Users\ADMIN\eclipse-workspace\Netmeds\src\test\resources
2025-01-29 22:07:30,261 [Worker-18: Building] INFO  o.a.m.s.f.DefaultMavenResourcesFiltering - skip non existing resourceDirectory C:\Users\ADMIN\eclipse-workspace\Netmeds\src\main\resources
2025-01-29 22:07:30,264 [Worker-18: Building] INFO  o.a.m.s.f.DefaultMavenResourcesFiltering - skip non existing resourceDirectory C:\Users\ADMIN\eclipse-workspace\Netmeds\src\test\resources
2025-01-29 22:08:16,656 [Worker-15: Building] INFO  o.a.m.s.f.DefaultMavenResourcesFiltering - skip non existing resourceDirectory C:\Users\ADMIN\eclipse-workspace\Netmeds\src\main\resources
2025-01-29 22:08:16,661 [Worker-15: Building] INFO  o.a.m.s.f.DefaultMavenResourcesFiltering - skip non existing resourceDirectory C:\Users\ADMIN\eclipse-workspace\Netmeds\src\test\resources
2025-01-29 22:08:56,278 [Worker-15: Building] INFO  o.a.m.s.f.DefaultMavenResourcesFiltering - skip non existing resourceDirectory C:\Users\ADMIN\eclipse-workspace\Netmeds\src\main\resources
2025-01-29 22:08:56,286 [Worker-15: Building] INFO  o.a.m.s.f.DefaultMavenResourcesFiltering - skip non existing resourceDirectory C:\Users\ADMIN\eclipse-workspace\Netmeds\src\test\resources
2025-01-29 22:09:23,210 [Worker-16: Building] INFO  o.a.m.s.f.DefaultMavenResourcesFiltering - skip non existing resourceDirectory C:\Users\ADMIN\eclipse-workspace\Netmeds\src\main\resources
2025-01-29 22:09:23,215 [Worker-16: Building] INFO  o.a.m.s.f.DefaultMavenResourcesFiltering - skip non existing resourceDirectory C:\Users\ADMIN\eclipse-workspace\Netmeds\src\test\resources
2025-01-29 22:09:28,838 [Worker-3: Building] INFO  o.a.m.s.f.DefaultMavenResourcesFiltering - skip non existing resourceDirectory C:\Users\ADMIN\eclipse-workspace\Netmeds\src\main\resources
2025-01-29 22:09:28,843 [Worker-3: Building] INFO  o.a.m.s.f.DefaultMavenResourcesFiltering - skip non existing resourceDirectory C:\Users\ADMIN\eclipse-workspace\Netmeds\src\test\resources
2025-01-29 22:09:39,816 [Worker-20: Building] INFO  o.a.m.s.f.DefaultMavenResourcesFiltering - skip non existing resourceDirectory C:\Users\ADMIN\eclipse-workspace\Netmeds\src\main\resources
2025-01-29 22:09:39,820 [Worker-20: Building] INFO  o.a.m.s.f.DefaultMavenResourcesFiltering - skip non existing resourceDirectory C:\Users\ADMIN\eclipse-workspace\Netmeds\src\test\resources
2025-01-29 22:12:00,393 [Worker-16: Building] INFO  o.a.m.s.f.DefaultMavenResourcesFiltering - skip non existing resourceDirectory C:\Users\ADMIN\eclipse-workspace\Netmeds\src\main\resources
2025-01-29 22:12:00,397 [Worker-16: Building] INFO  o.a.m.s.f.DefaultMavenResourcesFiltering - skip non existing resourceDirectory C:\Users\ADMIN\eclipse-workspace\Netmeds\src\test\resources
2025-01-29 22:13:32,447 [Worker-15: Building] INFO  o.a.m.s.f.DefaultMavenResourcesFiltering - skip non existing resourceDirectory C:\Users\ADMIN\eclipse-workspace\Netmeds\src\main\resources
2025-01-29 22:13:32,451 [Worker-15: Building] INFO  o.a.m.s.f.DefaultMavenResourcesFiltering - skip non existing resourceDirectory C:\Users\ADMIN\eclipse-workspace\Netmeds\src\test\resources
2025-01-29 22:15:13,369 [Worker-22: Building] INFO  o.a.m.s.f.DefaultMavenResourcesFiltering - skip non existing resourceDirectory C:\Users\ADMIN\eclipse-workspace\Netmeds\src\main\resources
2025-01-29 22:15:13,373 [Worker-22: Building] INFO  o.a.m.s.f.DefaultMavenResourcesFiltering - skip non existing resourceDirectory C:\Users\ADMIN\eclipse-workspace\Netmeds\src\test\resources
2025-01-29 22:15:48,282 [Worker-15: Building] INFO  o.a.m.s.f.DefaultMavenResourcesFiltering - skip non existing resourceDirectory C:\Users\ADMIN\eclipse-workspace\Netmeds\src\main\resources
2025-01-29 22:15:48,286 [Worker-15: Building] INFO  o.a.m.s.f.DefaultMavenResourcesFiltering - skip non existing resourceDirectory C:\Users\ADMIN\eclipse-workspace\Netmeds\src\test\resources
2025-01-29 22:16:08,117 [Worker-21: Building] INFO  o.a.m.s.f.DefaultMavenResourcesFiltering - skip non existing resourceDirectory C:\Users\ADMIN\eclipse-workspace\Netmeds\src\main\resources
2025-01-29 22:16:08,120 [Worker-21: Building] INFO  o.a.m.s.f.DefaultMavenResourcesFiltering - skip non existing resourceDirectory C:\Users\ADMIN\eclipse-workspace\Netmeds\src\test\resources
2025-01-29 22:16:15,713 [Worker-15: Building] INFO  o.a.m.s.f.DefaultMavenResourcesFiltering - skip non existing resourceDirectory C:\Users\ADMIN\eclipse-workspace\Netmeds\src\main\resources
2025-01-29 22:16:15,716 [Worker-15: Building] INFO  o.a.m.s.f.DefaultMavenResourcesFiltering - skip non existing resourceDirectory C:\Users\ADMIN\eclipse-workspace\Netmeds\src\test\resources
2025-01-29 22:21:27,494 [Worker-22: Building] INFO  o.a.m.s.f.DefaultMavenResourcesFiltering - skip non existing resourceDirectory C:\Users\ADMIN\eclipse-workspace\Netmeds\src\main\resources
2025-01-29 22:21:27,504 [Worker-22: Building] INFO  o.a.m.s.f.DefaultMavenResourcesFiltering - skip non existing resourceDirectory C:\Users\ADMIN\eclipse-workspace\Netmeds\src\test\resources
2025-01-29 22:22:49,698 [Worker-25: Building] INFO  o.a.m.s.f.DefaultMavenResourcesFiltering - skip non existing resourceDirectory C:\Users\ADMIN\eclipse-workspace\Netmeds\src\main\resources
2025-01-29 22:22:49,702 [Worker-25: Building] INFO  o.a.m.s.f.DefaultMavenResourcesFiltering - skip non existing resourceDirectory C:\Users\ADMIN\eclipse-workspace\Netmeds\src\test\resources
2025-01-29 22:24:33,275 [Worker-26: Building] INFO  o.a.m.s.f.DefaultMavenResourcesFiltering - skip non existing resourceDirectory C:\Users\ADMIN\eclipse-workspace\Netmeds\src\main\resources
2025-01-29 22:24:33,279 [Worker-26: Building] INFO  o.a.m.s.f.DefaultMavenResourcesFiltering - skip non existing resourceDirectory C:\Users\ADMIN\eclipse-workspace\Netmeds\src\test\resources
2025-01-29 22:27:02,414 [Worker-25: Building] INFO  o.a.m.s.f.DefaultMavenResourcesFiltering - skip non existing resourceDirectory C:\Users\ADMIN\eclipse-workspace\Netmeds\src\main\resources
2025-01-29 22:27:02,417 [Worker-25: Building] INFO  o.a.m.s.f.DefaultMavenResourcesFiltering - skip non existing resourceDirectory C:\Users\ADMIN\eclipse-workspace\Netmeds\src\test\resources
2025-01-29 22:27:07,935 [Worker-25: Building] INFO  o.a.m.s.f.DefaultMavenResourcesFiltering - skip non existing resourceDirectory C:\Users\ADMIN\eclipse-workspace\Netmeds\src\main\resources
2025-01-29 22:27:07,938 [Worker-25: Building] INFO  o.a.m.s.f.DefaultMavenResourcesFiltering - skip non existing resourceDirectory C:\Users\ADMIN\eclipse-workspace\Netmeds\src\test\resources
2025-01-29 22:28:04,695 [Worker-27: Building] INFO  o.a.m.s.f.DefaultMavenResourcesFiltering - skip non existing resourceDirectory C:\Users\ADMIN\eclipse-workspace\Netmeds\src\main\resources
2025-01-29 22:28:04,697 [Worker-27: Building] INFO  o.a.m.s.f.DefaultMavenResourcesFiltering - skip non existing resourceDirectory C:\Users\ADMIN\eclipse-workspace\Netmeds\src\test\resources
2025-01-29 22:28:31,513 [Worker-23: Building] INFO  o.a.m.s.f.DefaultMavenResourcesFiltering - skip non existing resourceDirectory C:\Users\ADMIN\eclipse-workspace\Netmeds\src\main\resources
2025-01-29 22:28:31,515 [Worker-23: Building] INFO  o.a.m.s.f.DefaultMavenResourcesFiltering - skip non existing resourceDirectory C:\Users\ADMIN\eclipse-workspace\Netmeds\src\test\resources
2025-01-29 22:32:17,779 [Worker-28: Building] INFO  o.a.m.s.f.DefaultMavenResourcesFiltering - skip non existing resourceDirectory C:\Users\ADMIN\eclipse-workspace\Netmeds\src\main\resources
2025-01-29 22:32:17,782 [Worker-28: Building] INFO  o.a.m.s.f.DefaultMavenResourcesFiltering - skip non existing resourceDirectory C:\Users\ADMIN\eclipse-workspace\Netmeds\src\test\resources
2025-01-29 22:32:48,651 [Worker-27: Building] INFO  o.a.m.s.f.DefaultMavenResourcesFiltering - skip non existing resourceDirectory C:\Users\ADMIN\eclipse-workspace\Netmeds\src\main\resources
2025-01-29 22:32:48,654 [Worker-27: Building] INFO  o.a.m.s.f.DefaultMavenResourcesFiltering - skip non existing resourceDirectory C:\Users\ADMIN\eclipse-workspace\Netmeds\src\test\resources
2025-01-29 22:53:35,400 [Worker-34: Launching mavenrun-efbd202a-b074-4c75-8b40-e0ee297f4096] INFO  o.eclipse.m2e.core.internal.Bundles - getClasspathEntries(Bundle=org.eclipse.m2e.maven.runtime_3.9.900.20240824-1409 [300])
2025-01-29 22:53:35,404 [Worker-34: Launching mavenrun-efbd202a-b074-4c75-8b40-e0ee297f4096] INFO  o.eclipse.m2e.core.internal.Bundles - 	Entry: C:\Users\ADMIN\.p2\pool\plugins\org.eclipse.m2e.maven.runtime_3.9.900.20240824-1409
2025-01-29 22:53:35,409 [Worker-34: Launching mavenrun-efbd202a-b074-4c75-8b40-e0ee297f4096] INFO  o.eclipse.m2e.core.internal.Bundles - 	Entry: C:\Users\ADMIN\.p2\pool\plugins\org.eclipse.m2e.maven.runtime_3.9.900.20240824-1409\jars\aopalliance-1.0.jar
2025-01-29 22:53:35,412 [Worker-34: Launching mavenrun-efbd202a-b074-4c75-8b40-e0ee297f4096] INFO  o.eclipse.m2e.core.internal.Bundles - 	Entry: C:\Users\ADMIN\.p2\pool\plugins\org.eclipse.m2e.maven.runtime_3.9.900.20240824-1409\jars\guice-5.1.0.jar
2025-01-29 22:53:35,413 [Worker-34: Launching mavenrun-efbd202a-b074-4c75-8b40-e0ee297f4096] INFO  o.eclipse.m2e.core.internal.Bundles - 	Entry: C:\Users\ADMIN\.p2\pool\plugins\org.eclipse.m2e.maven.runtime_3.9.900.20240824-1409\jars\httpclient-4.5.14.jar
2025-01-29 22:53:35,416 [Worker-34: Launching mavenrun-efbd202a-b074-4c75-8b40-e0ee297f4096] INFO  o.eclipse.m2e.core.internal.Bundles - 	Entry: C:\Users\ADMIN\.p2\pool\plugins\org.eclipse.m2e.maven.runtime_3.9.900.20240824-1409\jars\httpcore-4.4.16.jar
2025-01-29 22:53:35,416 [Worker-34: Launching mavenrun-efbd202a-b074-4c75-8b40-e0ee297f4096] INFO  o.eclipse.m2e.core.internal.Bundles - 	Entry: C:\Users\ADMIN\.p2\pool\plugins\org.eclipse.m2e.maven.runtime_3.9.900.20240824-1409\jars\jansi-2.4.1.jar
2025-01-29 22:53:35,416 [Worker-34: Launching mavenrun-efbd202a-b074-4c75-8b40-e0ee297f4096] INFO  o.eclipse.m2e.core.internal.Bundles - 	Entry: C:\Users\ADMIN\.p2\pool\plugins\org.eclipse.m2e.maven.runtime_3.9.900.20240824-1409\jars\jcl-over-slf4j-1.7.36.jar
2025-01-29 22:53:35,417 [Worker-34: Launching mavenrun-efbd202a-b074-4c75-8b40-e0ee297f4096] INFO  o.eclipse.m2e.core.internal.Bundles - 	Entry: C:\Users\ADMIN\.p2\pool\plugins\org.eclipse.m2e.maven.runtime_3.9.900.20240824-1409\jars\maven-artifact-3.9.9.jar
2025-01-29 22:53:35,418 [Worker-34: Launching mavenrun-efbd202a-b074-4c75-8b40-e0ee297f4096] INFO  o.eclipse.m2e.core.internal.Bundles - 	Entry: C:\Users\ADMIN\.p2\pool\plugins\org.eclipse.m2e.maven.runtime_3.9.900.20240824-1409\jars\maven-builder-support-3.9.9.jar
2025-01-29 22:53:35,419 [Worker-34: Launching mavenrun-efbd202a-b074-4c75-8b40-e0ee297f4096] INFO  o.eclipse.m2e.core.internal.Bundles - 	Entry: C:\Users\ADMIN\.p2\pool\plugins\org.eclipse.m2e.maven.runtime_3.9.900.20240824-1409\jars\maven-compat-3.9.9.jar
2025-01-29 22:53:35,419 [Worker-34: Launching mavenrun-efbd202a-b074-4c75-8b40-e0ee297f4096] INFO  o.eclipse.m2e.core.internal.Bundles - 	Entry: C:\Users\ADMIN\.p2\pool\plugins\org.eclipse.m2e.maven.runtime_3.9.900.20240824-1409\jars\maven-core-3.9.9.jar
2025-01-29 22:53:35,419 [Worker-34: Launching mavenrun-efbd202a-b074-4c75-8b40-e0ee297f4096] INFO  o.eclipse.m2e.core.internal.Bundles - 	Entry: C:\Users\ADMIN\.p2\pool\plugins\org.eclipse.m2e.maven.runtime_3.9.900.20240824-1409\jars\maven-embedder-3.9.9.jar
2025-01-29 22:53:35,420 [Worker-34: Launching mavenrun-efbd202a-b074-4c75-8b40-e0ee297f4096] INFO  o.eclipse.m2e.core.internal.Bundles - 	Entry: C:\Users\ADMIN\.p2\pool\plugins\org.eclipse.m2e.maven.runtime_3.9.900.20240824-1409\jars\maven-model-3.9.9.jar
2025-01-29 22:53:35,420 [Worker-34: Launching mavenrun-efbd202a-b074-4c75-8b40-e0ee297f4096] INFO  o.eclipse.m2e.core.internal.Bundles - 	Entry: C:\Users\ADMIN\.p2\pool\plugins\org.eclipse.m2e.maven.runtime_3.9.900.20240824-1409\jars\maven-model-builder-3.9.9.jar
2025-01-29 22:53:35,420 [Worker-34: Launching mavenrun-efbd202a-b074-4c75-8b40-e0ee297f4096] INFO  o.eclipse.m2e.core.internal.Bundles - 	Entry: C:\Users\ADMIN\.p2\pool\plugins\org.eclipse.m2e.maven.runtime_3.9.900.20240824-1409\jars\maven-plugin-api-3.9.9.jar
2025-01-29 22:53:35,420 [Worker-34: Launching mavenrun-efbd202a-b074-4c75-8b40-e0ee297f4096] INFO  o.eclipse.m2e.core.internal.Bundles - 	Entry: C:\Users\ADMIN\.p2\pool\plugins\org.eclipse.m2e.maven.runtime_3.9.900.20240824-1409\jars\maven-repository-metadata-3.9.9.jar
2025-01-29 22:53:35,421 [Worker-34: Launching mavenrun-efbd202a-b074-4c75-8b40-e0ee297f4096] INFO  o.eclipse.m2e.core.internal.Bundles - 	Entry: C:\Users\ADMIN\.p2\pool\plugins\org.eclipse.m2e.maven.runtime_3.9.900.20240824-1409\jars\maven-resolver-api-1.9.22.jar
2025-01-29 22:53:35,422 [Worker-34: Launching mavenrun-efbd202a-b074-4c75-8b40-e0ee297f4096] INFO  o.eclipse.m2e.core.internal.Bundles - 	Entry: C:\Users\ADMIN\.p2\pool\plugins\org.eclipse.m2e.maven.runtime_3.9.900.20240824-1409\jars\maven-resolver-connector-basic-1.9.22.jar
2025-01-29 22:53:35,422 [Worker-34: Launching mavenrun-efbd202a-b074-4c75-8b40-e0ee297f4096] INFO  o.eclipse.m2e.core.internal.Bundles - 	Entry: C:\Users\ADMIN\.p2\pool\plugins\org.eclipse.m2e.maven.runtime_3.9.900.20240824-1409\jars\maven-resolver-impl-1.9.22.jar
2025-01-29 22:53:35,422 [Worker-34: Launching mavenrun-efbd202a-b074-4c75-8b40-e0ee297f4096] INFO  o.eclipse.m2e.core.internal.Bundles - 	Entry: C:\Users\ADMIN\.p2\pool\plugins\org.eclipse.m2e.maven.runtime_3.9.900.20240824-1409\jars\maven-resolver-named-locks-1.9.22.jar
2025-01-29 22:53:35,423 [Worker-34: Launching mavenrun-efbd202a-b074-4c75-8b40-e0ee297f4096] INFO  o.eclipse.m2e.core.internal.Bundles - 	Entry: C:\Users\ADMIN\.p2\pool\plugins\org.eclipse.m2e.maven.runtime_3.9.900.20240824-1409\jars\maven-resolver-provider-3.9.9.jar
2025-01-29 22:53:35,423 [Worker-34: Launching mavenrun-efbd202a-b074-4c75-8b40-e0ee297f4096] INFO  o.eclipse.m2e.core.internal.Bundles - 	Entry: C:\Users\ADMIN\.p2\pool\plugins\org.eclipse.m2e.maven.runtime_3.9.900.20240824-1409\jars\maven-resolver-spi-1.9.22.jar
2025-01-29 22:53:35,423 [Worker-34: Launching mavenrun-efbd202a-b074-4c75-8b40-e0ee297f4096] INFO  o.eclipse.m2e.core.internal.Bundles - 	Entry: C:\Users\ADMIN\.p2\pool\plugins\org.eclipse.m2e.maven.runtime_3.9.900.20240824-1409\jars\maven-resolver-transport-file-1.9.22.jar
2025-01-29 22:53:35,424 [Worker-34: Launching mavenrun-efbd202a-b074-4c75-8b40-e0ee297f4096] INFO  o.eclipse.m2e.core.internal.Bundles - 	Entry: C:\Users\ADMIN\.p2\pool\plugins\org.eclipse.m2e.maven.runtime_3.9.900.20240824-1409\jars\maven-resolver-transport-http-1.9.22.jar
2025-01-29 22:53:35,424 [Worker-34: Launching mavenrun-efbd202a-b074-4c75-8b40-e0ee297f4096] INFO  o.eclipse.m2e.core.internal.Bundles - 	Entry: C:\Users\ADMIN\.p2\pool\plugins\org.eclipse.m2e.maven.runtime_3.9.900.20240824-1409\jars\maven-resolver-transport-wagon-1.9.22.jar
2025-01-29 22:53:35,424 [Worker-34: Launching mavenrun-efbd202a-b074-4c75-8b40-e0ee297f4096] INFO  o.eclipse.m2e.core.internal.Bundles - 	Entry: C:\Users\ADMIN\.p2\pool\plugins\org.eclipse.m2e.maven.runtime_3.9.900.20240824-1409\jars\maven-resolver-util-1.9.22.jar
2025-01-29 22:53:35,424 [Worker-34: Launching mavenrun-efbd202a-b074-4c75-8b40-e0ee297f4096] INFO  o.eclipse.m2e.core.internal.Bundles - 	Entry: C:\Users\ADMIN\.p2\pool\plugins\org.eclipse.m2e.maven.runtime_3.9.900.20240824-1409\jars\maven-settings-3.9.9.jar
2025-01-29 22:53:35,425 [Worker-34: Launching mavenrun-efbd202a-b074-4c75-8b40-e0ee297f4096] INFO  o.eclipse.m2e.core.internal.Bundles - 	Entry: C:\Users\ADMIN\.p2\pool\plugins\org.eclipse.m2e.maven.runtime_3.9.900.20240824-1409\jars\maven-settings-builder-3.9.9.jar
2025-01-29 22:53:35,425 [Worker-34: Launching mavenrun-efbd202a-b074-4c75-8b40-e0ee297f4096] INFO  o.eclipse.m2e.core.internal.Bundles - 	Entry: C:\Users\ADMIN\.p2\pool\plugins\org.eclipse.m2e.maven.runtime_3.9.900.20240824-1409\jars\maven-shared-utils-3.4.2.jar
2025-01-29 22:53:35,425 [Worker-34: Launching mavenrun-efbd202a-b074-4c75-8b40-e0ee297f4096] INFO  o.eclipse.m2e.core.internal.Bundles - 	Entry: C:\Users\ADMIN\.p2\pool\plugins\org.eclipse.m2e.maven.runtime_3.9.900.20240824-1409\jars\org.eclipse.sisu.inject-0.9.0.M3.jar
2025-01-29 22:53:35,429 [Worker-34: Launching mavenrun-efbd202a-b074-4c75-8b40-e0ee297f4096] INFO  o.eclipse.m2e.core.internal.Bundles - 	Entry: C:\Users\ADMIN\.p2\pool\plugins\org.eclipse.m2e.maven.runtime_3.9.900.20240824-1409\jars\org.eclipse.sisu.plexus-0.9.0.M3.jar
2025-01-29 22:53:35,431 [Worker-34: Launching mavenrun-efbd202a-b074-4c75-8b40-e0ee297f4096] INFO  o.eclipse.m2e.core.internal.Bundles - 	Entry: C:\Users\ADMIN\.p2\pool\plugins\org.eclipse.m2e.maven.runtime_3.9.900.20240824-1409\jars\plexus-build-api-0.0.7.jar
2025-01-29 22:53:35,436 [Worker-34: Launching mavenrun-efbd202a-b074-4c75-8b40-e0ee297f4096] INFO  o.eclipse.m2e.core.internal.Bundles - 	Entry: C:\Users\ADMIN\.p2\pool\plugins\org.eclipse.m2e.maven.runtime_3.9.900.20240824-1409\jars\plexus-build-api-1.2.0.jar
2025-01-29 22:53:35,436 [Worker-34: Launching mavenrun-efbd202a-b074-4c75-8b40-e0ee297f4096] INFO  o.eclipse.m2e.core.internal.Bundles - 	Entry: C:\Users\ADMIN\.p2\pool\plugins\org.eclipse.m2e.maven.runtime_3.9.900.20240824-1409\jars\plexus-cipher-2.0.jar
2025-01-29 22:53:35,436 [Worker-34: Launching mavenrun-efbd202a-b074-4c75-8b40-e0ee297f4096] INFO  o.eclipse.m2e.core.internal.Bundles - 	Entry: C:\Users\ADMIN\.p2\pool\plugins\org.eclipse.m2e.maven.runtime_3.9.900.20240824-1409\jars\plexus-classworlds-2.8.0.jar
2025-01-29 22:53:35,437 [Worker-34: Launching mavenrun-efbd202a-b074-4c75-8b40-e0ee297f4096] INFO  o.eclipse.m2e.core.internal.Bundles - 	Entry: C:\Users\ADMIN\.p2\pool\plugins\org.eclipse.m2e.maven.runtime_3.9.900.20240824-1409\jars\plexus-component-annotations-2.1.0.jar
2025-01-29 22:53:35,437 [Worker-34: Launching mavenrun-efbd202a-b074-4c75-8b40-e0ee297f4096] INFO  o.eclipse.m2e.core.internal.Bundles - 	Entry: C:\Users\ADMIN\.p2\pool\plugins\org.eclipse.m2e.maven.runtime_3.9.900.20240824-1409\jars\plexus-interpolation-1.27.jar
2025-01-29 22:53:35,437 [Worker-34: Launching mavenrun-efbd202a-b074-4c75-8b40-e0ee297f4096] INFO  o.eclipse.m2e.core.internal.Bundles - 	Entry: C:\Users\ADMIN\.p2\pool\plugins\org.eclipse.m2e.maven.runtime_3.9.900.20240824-1409\jars\plexus-sec-dispatcher-2.0.jar
2025-01-29 22:53:35,438 [Worker-34: Launching mavenrun-efbd202a-b074-4c75-8b40-e0ee297f4096] INFO  o.eclipse.m2e.core.internal.Bundles - 	Entry: C:\Users\ADMIN\.p2\pool\plugins\org.eclipse.m2e.maven.runtime_3.9.900.20240824-1409\jars\plexus-utils-3.5.1.jar
2025-01-29 22:53:35,438 [Worker-34: Launching mavenrun-efbd202a-b074-4c75-8b40-e0ee297f4096] INFO  o.eclipse.m2e.core.internal.Bundles - 	Entry: C:\Users\ADMIN\.p2\pool\plugins\org.eclipse.m2e.maven.runtime_3.9.900.20240824-1409\jars\plexus-xml-3.0.1.jar
2025-01-29 22:53:35,438 [Worker-34: Launching mavenrun-efbd202a-b074-4c75-8b40-e0ee297f4096] INFO  o.eclipse.m2e.core.internal.Bundles - 	Entry: C:\Users\ADMIN\.p2\pool\plugins\org.eclipse.m2e.maven.runtime_3.9.900.20240824-1409\jars\wagon-file-3.5.3.jar
2025-01-29 22:53:35,439 [Worker-34: Launching mavenrun-efbd202a-b074-4c75-8b40-e0ee297f4096] INFO  o.eclipse.m2e.core.internal.Bundles - 	Entry: C:\Users\ADMIN\.p2\pool\plugins\org.eclipse.m2e.maven.runtime_3.9.900.20240824-1409\jars\wagon-http-3.5.3.jar
2025-01-29 22:53:35,442 [Worker-34: Launching mavenrun-efbd202a-b074-4c75-8b40-e0ee297f4096] INFO  o.eclipse.m2e.core.internal.Bundles - 	Entry: C:\Users\ADMIN\.p2\pool\plugins\org.eclipse.m2e.maven.runtime_3.9.900.20240824-1409\jars\wagon-http-shared-3.5.3.jar
2025-01-29 22:53:35,443 [Worker-34: Launching mavenrun-efbd202a-b074-4c75-8b40-e0ee297f4096] INFO  o.eclipse.m2e.core.internal.Bundles - 	Entry: C:\Users\ADMIN\.p2\pool\plugins\org.eclipse.m2e.maven.runtime_3.9.900.20240824-1409\jars\wagon-provider-api-3.5.3.jar
2025-01-29 22:53:35,447 [Worker-34: Launching mavenrun-efbd202a-b074-4c75-8b40-e0ee297f4096] INFO  o.eclipse.m2e.core.internal.Bundles - getClasspathEntries(Bundle=com.google.guava_33.3.1.jre [10])
2025-01-29 22:53:35,447 [Worker-34: Launching mavenrun-efbd202a-b074-4c75-8b40-e0ee297f4096] INFO  o.eclipse.m2e.core.internal.Bundles - 	Entry: C:\Users\ADMIN\.p2\pool\plugins\com.google.guava_33.3.1.jre.jar
2025-01-29 22:53:35,448 [Worker-34: Launching mavenrun-efbd202a-b074-4c75-8b40-e0ee297f4096] INFO  o.eclipse.m2e.core.internal.Bundles - getClasspathEntries(Bundle=slf4j.api_2.0.16 [524])
2025-01-29 22:53:35,449 [Worker-34: Launching mavenrun-efbd202a-b074-4c75-8b40-e0ee297f4096] INFO  o.eclipse.m2e.core.internal.Bundles - 	Entry: C:\Users\ADMIN\.p2\pool\plugins\slf4j.api_2.0.16.jar
2025-01-29 22:53:35,449 [Worker-34: Launching mavenrun-efbd202a-b074-4c75-8b40-e0ee297f4096] INFO  o.eclipse.m2e.core.internal.Bundles - getClasspathEntries(Bundle=jakarta.inject.jakarta.inject-api_1.0.5 [22])
2025-01-29 22:53:35,449 [Worker-34: Launching mavenrun-efbd202a-b074-4c75-8b40-e0ee297f4096] INFO  o.eclipse.m2e.core.internal.Bundles - 	Entry: C:\Users\ADMIN\.p2\pool\plugins\jakarta.inject.jakarta.inject-api_1.0.5.jar
2025-01-29 22:53:35,449 [Worker-34: Launching mavenrun-efbd202a-b074-4c75-8b40-e0ee297f4096] INFO  o.eclipse.m2e.core.internal.Bundles - getClasspathEntries(Bundle=jakarta.annotation-api_1.3.5 [20])
2025-01-29 22:53:35,450 [Worker-34: Launching mavenrun-efbd202a-b074-4c75-8b40-e0ee297f4096] INFO  o.eclipse.m2e.core.internal.Bundles - 	Entry: C:\Users\ADMIN\.p2\pool\plugins\jakarta.annotation-api_1.3.5.jar
2025-01-29 22:53:35,450 [Worker-34: Launching mavenrun-efbd202a-b074-4c75-8b40-e0ee297f4096] INFO  o.eclipse.m2e.core.internal.Bundles - getClasspathEntries(Bundle=org.apache.commons.cli_1.9.0 [47])
2025-01-29 22:53:35,451 [Worker-34: Launching mavenrun-efbd202a-b074-4c75-8b40-e0ee297f4096] INFO  o.eclipse.m2e.core.internal.Bundles - 	Entry: C:\Users\ADMIN\.p2\pool\plugins\org.apache.commons.cli_1.9.0.jar
2025-01-29 22:53:35,451 [Worker-34: Launching mavenrun-efbd202a-b074-4c75-8b40-e0ee297f4096] INFO  o.eclipse.m2e.core.internal.Bundles - getClasspathEntries(Bundle=org.apache.commons.commons-codec_1.16.0 [50])
2025-01-29 22:53:35,451 [Worker-34: Launching mavenrun-efbd202a-b074-4c75-8b40-e0ee297f4096] INFO  o.eclipse.m2e.core.internal.Bundles - 	Entry: C:\Users\ADMIN\.p2\pool\plugins\org.apache.commons.commons-codec_1.16.0.jar
2025-01-29 22:53:35,451 [Worker-34: Launching mavenrun-efbd202a-b074-4c75-8b40-e0ee297f4096] INFO  o.eclipse.m2e.core.internal.Bundles - getClasspathEntries(Bundle=com.google.guava.failureaccess_1.0.2 [11])
2025-01-29 22:53:35,452 [Worker-34: Launching mavenrun-efbd202a-b074-4c75-8b40-e0ee297f4096] INFO  o.eclipse.m2e.core.internal.Bundles - 	Entry: C:\Users\ADMIN\.p2\pool\plugins\com.google.guava.failureaccess_1.0.2.jar
2025-01-29 22:53:35,495 [Worker-34: Launching mavenrun-efbd202a-b074-4c75-8b40-e0ee297f4096] INFO  o.e.m.i.launch.MavenLaunchDelegate - Run build in "C:\Users\ADMIN\AppData\Local\Temp\m2e-archetypeGenerator6616630407357300296":
2025-01-29 22:53:35,496 [Worker-34: Launching mavenrun-efbd202a-b074-4c75-8b40-e0ee297f4096] INFO  o.e.m.i.launch.MavenLaunchDelegate -  mvn  -DjavaCompilerVersion=17 -DjunitVersion=5.11.0 -DarchetypeGroupId=org.apache.maven.archetypes -DarchetypeArtifactId=maven-archetype-quickstart -DarchetypeVersion=1.5 -DgroupId=com.vc -DartifactId=practice -Dversion=0.0.1-SNAPSHOT -Dpackage=com.vc.practice -DoutputDirectory=C:\Users\ADMIN\eclipse-workspace -Dstyle.color=always -U archetype:generate
2025-01-29 22:53:54,111 [Worker-31: Creating maven-archetype-quickstart] INFO  o.e.m.c.i.p.ProjectConfigurationManager - Collecting project info '/pom.xml' C:\Users\ADMIN\eclipse-workspace\practice\pom.xml
2025-01-29 22:53:54,317 [Worker-31: Creating maven-archetype-quickstart] INFO  o.e.m.c.i.l.LifecycleMappingFactory - Using org.eclipse.m2e.jdt.JarLifecycleMapping lifecycle mapping for MavenProject: com.vc:practice:0.0.1-SNAPSHOT @ C:\Users\ADMIN\eclipse-workspace\practice\pom.xml.
2025-01-29 22:53:55,181 [Worker-31: Creating maven-archetype-quickstart] INFO  o.e.m.j.i.AbstractJavaProjectConfigurator - Adding source folder /practice/src/main/java
2025-01-29 22:53:55,184 [Worker-31: Creating maven-archetype-quickstart] INFO  o.e.m.j.i.AbstractJavaProjectConfigurator - Adding resource folder /practice/src/main/resources
2025-01-29 22:53:55,188 [Worker-31: Creating maven-archetype-quickstart] INFO  o.e.m.j.i.AbstractJavaProjectConfigurator - Adding source folder /practice/src/test/java
2025-01-29 22:53:55,190 [Worker-31: Creating maven-archetype-quickstart] INFO  o.e.m.j.i.AbstractJavaProjectConfigurator - Adding resource folder /practice/src/test/resources
2025-01-29 22:53:55,305 [Worker-31: Creating maven-archetype-quickstart] INFO  o.e.m.c.i.p.ProjectConfigurationManager - Imported and configured 1 project(s) in 1 sec
2025-01-29 22:53:56,053 [Worker-31: Building] INFO  o.a.m.s.f.DefaultMavenResourcesFiltering - skip non existing resourceDirectory C:\Users\ADMIN\eclipse-workspace\practice\src\main\resources
2025-01-29 22:53:56,065 [Worker-31: Building] INFO  o.a.m.s.f.DefaultMavenResourcesFiltering - skip non existing resourceDirectory C:\Users\ADMIN\eclipse-workspace\practice\src\test\resources
2025-01-29 23:13:59,770 [Worker-48: Building] INFO  o.e.m.c.i.e.AbstractTransferListenerAdapter - Downloading https://repo.maven.apache.org/maven2/io/cucumber/cucumber-java/7.10.0/cucumber-java-7.10.0.pom
2025-01-29 23:13:59,822 [Worker-48: Building] INFO  o.e.m.c.i.e.AbstractTransferListenerAdapter - Downloaded https://repo.maven.apache.org/maven2/io/cucumber/cucumber-java/7.10.0/cucumber-java-7.10.0.pom
2025-01-29 23:13:59,889 [Worker-48: Building] INFO  o.e.m.c.i.e.AbstractTransferListenerAdapter - Downloading https://repo.maven.apache.org/maven2/io/cucumber/cucumber-jvm/7.10.0/cucumber-jvm-7.10.0.pom
2025-01-29 23:13:59,938 [Worker-48: Building] INFO  o.e.m.c.i.e.AbstractTransferListenerAdapter - Downloaded https://repo.maven.apache.org/maven2/io/cucumber/cucumber-jvm/7.10.0/cucumber-jvm-7.10.0.pom
2025-01-29 23:14:00,025 [Worker-48: Building] INFO  o.e.m.c.i.e.AbstractTransferListenerAdapter - Downloading https://repo.maven.apache.org/maven2/io/cucumber/cucumber-bom/7.10.0/cucumber-bom-7.10.0.pom
2025-01-29 23:14:00,038 [Worker-48: Building] INFO  o.e.m.c.i.e.AbstractTransferListenerAdapter - Downloaded https://repo.maven.apache.org/maven2/io/cucumber/cucumber-bom/7.10.0/cucumber-bom-7.10.0.pom
2025-01-29 23:14:00,121 [Worker-48: Building] INFO  o.e.m.c.i.e.AbstractTransferListenerAdapter - Downloading https://repo.maven.apache.org/maven2/io/cucumber/cucumber-core/7.10.0/cucumber-core-7.10.0.pom
2025-01-29 23:14:00,144 [Worker-48: Building] INFO  o.e.m.c.i.e.AbstractTransferListenerAdapter - Downloaded https://repo.maven.apache.org/maven2/io/cucumber/cucumber-core/7.10.0/cucumber-core-7.10.0.pom
2025-01-29 23:14:00,208 [Worker-48: Building] INFO  o.e.m.c.i.e.AbstractTransferListenerAdapter - Downloading https://repo.maven.apache.org/maven2/io/cucumber/cucumber-gherkin/7.10.0/cucumber-gherkin-7.10.0.pom
2025-01-29 23:14:00,220 [Worker-48: Building] INFO  o.e.m.c.i.e.AbstractTransferListenerAdapter - Downloaded https://repo.maven.apache.org/maven2/io/cucumber/cucumber-gherkin/7.10.0/cucumber-gherkin-7.10.0.pom
2025-01-29 23:14:00,354 [Worker-48: Building] INFO  o.e.m.c.i.e.AbstractTransferListenerAdapter - Downloading https://repo.maven.apache.org/maven2/io/cucumber/cucumber-plugin/7.10.0/cucumber-plugin-7.10.0.pom
2025-01-29 23:14:00,390 [Worker-48: Building] INFO  o.e.m.c.i.e.AbstractTransferListenerAdapter - Downloaded https://repo.maven.apache.org/maven2/io/cucumber/cucumber-plugin/7.10.0/cucumber-plugin-7.10.0.pom
2025-01-29 23:14:00,457 [Worker-48: Building] INFO  o.e.m.c.i.e.AbstractTransferListenerAdapter - Downloading https://repo.maven.apache.org/maven2/io/cucumber/cucumber-gherkin-messages/7.10.0/cucumber-gherkin-messages-7.10.0.pom
2025-01-29 23:14:00,487 [Worker-48: Building] INFO  o.e.m.c.i.e.AbstractTransferListenerAdapter - Downloaded https://repo.maven.apache.org/maven2/io/cucumber/cucumber-gherkin-messages/7.10.0/cucumber-gherkin-messages-7.10.0.pom
2025-01-29 23:14:00,571 [Worker-48: Building] INFO  o.e.m.c.i.e.AbstractTransferListenerAdapter - Downloading https://repo.maven.apache.org/maven2/io/cucumber/gherkin/25.0.2/gherkin-25.0.2.pom
2025-01-29 23:14:00,595 [Worker-48: Building] INFO  o.e.m.c.i.e.AbstractTransferListenerAdapter - Downloaded https://repo.maven.apache.org/maven2/io/cucumber/gherkin/25.0.2/gherkin-25.0.2.pom
2025-01-29 23:14:00,730 [Worker-48: Building] INFO  o.e.m.c.i.e.AbstractTransferListenerAdapter - Downloading https://repo.maven.apache.org/maven2/io/cucumber/tag-expressions/4.1.0/tag-expressions-4.1.0.pom
2025-01-29 23:14:00,751 [Worker-48: Building] INFO  o.e.m.c.i.e.AbstractTransferListenerAdapter - Downloaded https://repo.maven.apache.org/maven2/io/cucumber/tag-expressions/4.1.0/tag-expressions-4.1.0.pom
2025-01-29 23:14:00,808 [Worker-48: Building] INFO  o.e.m.c.i.e.AbstractTransferListenerAdapter - Downloading https://repo.maven.apache.org/maven2/io/cucumber/cucumber-parent/2.1.2/cucumber-parent-2.1.2.pom
2025-01-29 23:14:00,834 [Worker-48: Building] INFO  o.e.m.c.i.e.AbstractTransferListenerAdapter - Downloaded https://repo.maven.apache.org/maven2/io/cucumber/cucumber-parent/2.1.2/cucumber-parent-2.1.2.pom
2025-01-29 23:14:00,926 [Worker-48: Building] INFO  o.e.m.c.i.e.AbstractTransferListenerAdapter - Downloading https://repo.maven.apache.org/maven2/org/junit/junit-bom/5.8.1/junit-bom-5.8.1.pom
2025-01-29 23:14:00,944 [Worker-48: Building] INFO  o.e.m.c.i.e.AbstractTransferListenerAdapter - Downloaded https://repo.maven.apache.org/maven2/org/junit/junit-bom/5.8.1/junit-bom-5.8.1.pom
2025-01-29 23:14:01,013 [Worker-48: Building] INFO  o.e.m.c.i.e.AbstractTransferListenerAdapter - Downloading https://repo.maven.apache.org/maven2/io/cucumber/cucumber-expressions/16.1.1/cucumber-expressions-16.1.1.pom
2025-01-29 23:14:01,028 [Worker-48: Building] INFO  o.e.m.c.i.e.AbstractTransferListenerAdapter - Downloaded https://repo.maven.apache.org/maven2/io/cucumber/cucumber-expressions/16.1.1/cucumber-expressions-16.1.1.pom
2025-01-29 23:14:01,092 [Worker-48: Building] INFO  o.e.m.c.i.e.AbstractTransferListenerAdapter - Downloading https://repo.maven.apache.org/maven2/io/cucumber/datatable/7.10.0/datatable-7.10.0.pom
2025-01-29 23:14:01,118 [Worker-48: Building] INFO  o.e.m.c.i.e.AbstractTransferListenerAdapter - Downloaded https://repo.maven.apache.org/maven2/io/cucumber/datatable/7.10.0/datatable-7.10.0.pom
2025-01-29 23:14:01,198 [Worker-48: Building] INFO  o.e.m.c.i.e.AbstractTransferListenerAdapter - Downloading https://repo.maven.apache.org/maven2/io/cucumber/docstring/7.10.0/docstring-7.10.0.pom
2025-01-29 23:14:01,206 [Worker-48: Building] INFO  o.e.m.c.i.e.AbstractTransferListenerAdapter - Downloaded https://repo.maven.apache.org/maven2/io/cucumber/docstring/7.10.0/docstring-7.10.0.pom
2025-01-29 23:14:01,266 [Worker-48: Building] INFO  o.e.m.c.i.e.AbstractTransferListenerAdapter - Downloading https://repo.maven.apache.org/maven2/io/cucumber/html-formatter/20.2.0/html-formatter-20.2.0.pom
2025-01-29 23:14:01,285 [Worker-48: Building] INFO  o.e.m.c.i.e.AbstractTransferListenerAdapter - Downloaded https://repo.maven.apache.org/maven2/io/cucumber/html-formatter/20.2.0/html-formatter-20.2.0.pom
2025-01-29 23:14:01,372 [Worker-48: Building] INFO  o.e.m.c.i.e.AbstractTransferListenerAdapter - Downloading https://repo.maven.apache.org/maven2/io/cucumber/ci-environment/9.1.0/ci-environment-9.1.0.pom
2025-01-29 23:14:01,385 [Worker-48: Building] INFO  o.e.m.c.i.e.AbstractTransferListenerAdapter - Downloaded https://repo.maven.apache.org/maven2/io/cucumber/ci-environment/9.1.0/ci-environment-9.1.0.pom
2025-01-29 23:14:01,436 [Worker-48: Building] INFO  o.e.m.c.i.e.AbstractTransferListenerAdapter - Downloading https://repo.maven.apache.org/maven2/io/cucumber/cucumber-spring/7.10.0/cucumber-spring-7.10.0.pom
2025-01-29 23:14:01,444 [Worker-48: Building] INFO  o.e.m.c.i.e.AbstractTransferListenerAdapter - Downloaded https://repo.maven.apache.org/maven2/io/cucumber/cucumber-spring/7.10.0/cucumber-spring-7.10.0.pom
2025-01-29 23:14:01,490 [Worker-48: Building] INFO  o.e.m.c.i.e.AbstractTransferListenerAdapter - Downloading https://repo.maven.apache.org/maven2/io/cucumber/cucumber-testng/7.10.0/cucumber-testng-7.10.0.pom
2025-01-29 23:14:01,500 [Worker-48: Building] INFO  o.e.m.c.i.e.AbstractTransferListenerAdapter - Downloaded https://repo.maven.apache.org/maven2/io/cucumber/cucumber-testng/7.10.0/cucumber-testng-7.10.0.pom
2025-01-29 23:14:01,574 [Worker-48: Building] INFO  o.e.m.c.i.e.AbstractTransferListenerAdapter - Downloading https://repo.maven.apache.org/maven2/org/seleniumhq/selenium/selenium-java/4.6.0/selenium-java-4.6.0.pom
2025-01-29 23:14:01,601 [Worker-48: Building] INFO  o.e.m.c.i.e.AbstractTransferListenerAdapter - Downloaded https://repo.maven.apache.org/maven2/org/seleniumhq/selenium/selenium-java/4.6.0/selenium-java-4.6.0.pom
2025-01-29 23:14:01,704 [Worker-48: Building] INFO  o.e.m.c.i.e.AbstractTransferListenerAdapter - Downloading https://repo.maven.apache.org/maven2/org/seleniumhq/selenium/selenium-api/4.6.0/selenium-api-4.6.0.pom
2025-01-29 23:14:01,739 [Worker-48: Building] INFO  o.e.m.c.i.e.AbstractTransferListenerAdapter - Downloaded https://repo.maven.apache.org/maven2/org/seleniumhq/selenium/selenium-api/4.6.0/selenium-api-4.6.0.pom
2025-01-29 23:14:01,814 [Worker-48: Building] INFO  o.e.m.c.i.e.AbstractTransferListenerAdapter - Downloading https://repo.maven.apache.org/maven2/org/seleniumhq/selenium/selenium-chrome-driver/4.6.0/selenium-chrome-driver-4.6.0.pom
2025-01-29 23:14:01,988 [Worker-48: Building] INFO  o.e.m.c.i.e.AbstractTransferListenerAdapter - Downloaded https://repo.maven.apache.org/maven2/org/seleniumhq/selenium/selenium-chrome-driver/4.6.0/selenium-chrome-driver-4.6.0.pom
2025-01-29 23:14:02,235 [Worker-48: Building] INFO  o.e.m.c.i.e.AbstractTransferListenerAdapter - Downloading https://repo.maven.apache.org/maven2/org/seleniumhq/selenium/selenium-chromium-driver/4.6.0/selenium-chromium-driver-4.6.0.pom
2025-01-29 23:14:02,334 [Worker-48: Building] INFO  o.e.m.c.i.e.AbstractTransferListenerAdapter - Downloaded https://repo.maven.apache.org/maven2/org/seleniumhq/selenium/selenium-chromium-driver/4.6.0/selenium-chromium-driver-4.6.0.pom
2025-01-29 23:14:02,474 [Worker-48: Building] INFO  o.e.m.c.i.e.AbstractTransferListenerAdapter - Downloading https://repo.maven.apache.org/maven2/org/seleniumhq/selenium/selenium-json/4.6.0/selenium-json-4.6.0.pom
2025-01-29 23:14:02,495 [Worker-48: Building] INFO  o.e.m.c.i.e.AbstractTransferListenerAdapter - Downloaded https://repo.maven.apache.org/maven2/org/seleniumhq/selenium/selenium-json/4.6.0/selenium-json-4.6.0.pom
2025-01-29 23:14:02,759 [Worker-48: Building] INFO  o.e.m.c.i.e.AbstractTransferListenerAdapter - Downloading https://repo.maven.apache.org/maven2/org/seleniumhq/selenium/selenium-remote-driver/4.6.0/selenium-remote-driver-4.6.0.pom
2025-01-29 23:14:02,796 [Worker-48: Building] INFO  o.e.m.c.i.e.AbstractTransferListenerAdapter - Downloaded https://repo.maven.apache.org/maven2/org/seleniumhq/selenium/selenium-remote-driver/4.6.0/selenium-remote-driver-4.6.0.pom
2025-01-29 23:14:02,915 [Worker-48: Building] INFO  o.e.m.c.i.e.AbstractTransferListenerAdapter - Downloading https://repo.maven.apache.org/maven2/io/netty/netty-buffer/4.1.84.Final/netty-buffer-4.1.84.Final.pom
2025-01-29 23:14:02,925 [Worker-48: Building] INFO  o.e.m.c.i.e.AbstractTransferListenerAdapter - Downloaded https://repo.maven.apache.org/maven2/io/netty/netty-buffer/4.1.84.Final/netty-buffer-4.1.84.Final.pom
2025-01-29 23:14:02,993 [Worker-48: Building] INFO  o.e.m.c.i.e.AbstractTransferListenerAdapter - Downloading https://repo.maven.apache.org/maven2/io/netty/netty-parent/4.1.84.Final/netty-parent-4.1.84.Final.pom
2025-01-29 23:14:03,164 [Worker-48: Building] INFO  o.e.m.c.i.e.AbstractTransferListenerAdapter - Downloaded https://repo.maven.apache.org/maven2/io/netty/netty-parent/4.1.84.Final/netty-parent-4.1.84.Final.pom
2025-01-29 23:14:03,278 [Worker-48: Building] INFO  o.e.m.c.i.e.AbstractTransferListenerAdapter - Downloading https://repo.maven.apache.org/maven2/io/netty/netty-common/4.1.84.Final/netty-common-4.1.84.Final.pom
2025-01-29 23:14:03,333 [Worker-48: Building] INFO  o.e.m.c.i.e.AbstractTransferListenerAdapter - Downloaded https://repo.maven.apache.org/maven2/io/netty/netty-common/4.1.84.Final/netty-common-4.1.84.Final.pom
2025-01-29 23:14:03,417 [Worker-48: Building] INFO  o.e.m.c.i.e.AbstractTransferListenerAdapter - Downloading https://repo.maven.apache.org/maven2/io/netty/netty-codec-http/4.1.84.Final/netty-codec-http-4.1.84.Final.pom
2025-01-29 23:14:03,434 [Worker-48: Building] INFO  o.e.m.c.i.e.AbstractTransferListenerAdapter - Downloaded https://repo.maven.apache.org/maven2/io/netty/netty-codec-http/4.1.84.Final/netty-codec-http-4.1.84.Final.pom
2025-01-29 23:14:03,568 [Worker-48: Building] INFO  o.e.m.c.i.e.AbstractTransferListenerAdapter - Downloading https://repo.maven.apache.org/maven2/io/netty/netty-transport/4.1.84.Final/netty-transport-4.1.84.Final.pom
2025-01-29 23:14:03,594 [Worker-48: Building] INFO  o.e.m.c.i.e.AbstractTransferListenerAdapter - Downloaded https://repo.maven.apache.org/maven2/io/netty/netty-transport/4.1.84.Final/netty-transport-4.1.84.Final.pom
2025-01-29 23:14:03,675 [Worker-48: Building] INFO  o.e.m.c.i.e.AbstractTransferListenerAdapter - Downloading https://repo.maven.apache.org/maven2/io/netty/netty-resolver/4.1.84.Final/netty-resolver-4.1.84.Final.pom
2025-01-29 23:14:03,698 [Worker-48: Building] INFO  o.e.m.c.i.e.AbstractTransferListenerAdapter - Downloaded https://repo.maven.apache.org/maven2/io/netty/netty-resolver/4.1.84.Final/netty-resolver-4.1.84.Final.pom
2025-01-29 23:14:03,825 [Worker-48: Building] INFO  o.e.m.c.i.e.AbstractTransferListenerAdapter - Downloading https://repo.maven.apache.org/maven2/io/netty/netty-codec/4.1.84.Final/netty-codec-4.1.84.Final.pom
2025-01-29 23:14:03,870 [Worker-48: Building] INFO  o.e.m.c.i.e.AbstractTransferListenerAdapter - Downloaded https://repo.maven.apache.org/maven2/io/netty/netty-codec/4.1.84.Final/netty-codec-4.1.84.Final.pom
2025-01-29 23:14:04,019 [Worker-48: Building] INFO  o.e.m.c.i.e.AbstractTransferListenerAdapter - Downloading https://repo.maven.apache.org/maven2/io/netty/netty-handler/4.1.84.Final/netty-handler-4.1.84.Final.pom
2025-01-29 23:14:04,056 [Worker-48: Building] INFO  o.e.m.c.i.e.AbstractTransferListenerAdapter - Downloaded https://repo.maven.apache.org/maven2/io/netty/netty-handler/4.1.84.Final/netty-handler-4.1.84.Final.pom
2025-01-29 23:14:04,116 [Worker-48: Building] INFO  o.e.m.c.i.e.AbstractTransferListenerAdapter - Downloading https://repo.maven.apache.org/maven2/io/netty/netty-transport-native-unix-common/4.1.84.Final/netty-transport-native-unix-common-4.1.84.Final.pom
2025-01-29 23:14:04,164 [Worker-48: Building] INFO  o.e.m.c.i.e.AbstractTransferListenerAdapter - Downloaded https://repo.maven.apache.org/maven2/io/netty/netty-transport-native-unix-common/4.1.84.Final/netty-transport-native-unix-common-4.1.84.Final.pom
2025-01-29 23:14:04,234 [Worker-48: Building] INFO  o.e.m.c.i.e.AbstractTransferListenerAdapter - Downloading https://repo.maven.apache.org/maven2/io/netty/netty-transport-classes-epoll/4.1.84.Final/netty-transport-classes-epoll-4.1.84.Final.pom
2025-01-29 23:14:04,313 [Worker-48: Building] INFO  o.e.m.c.i.e.AbstractTransferListenerAdapter - Downloaded https://repo.maven.apache.org/maven2/io/netty/netty-transport-classes-epoll/4.1.84.Final/netty-transport-classes-epoll-4.1.84.Final.pom
2025-01-29 23:14:04,413 [Worker-48: Building] INFO  o.e.m.c.i.e.AbstractTransferListenerAdapter - Downloading https://repo.maven.apache.org/maven2/io/netty/netty-transport-classes-kqueue/4.1.84.Final/netty-transport-classes-kqueue-4.1.84.Final.pom
2025-01-29 23:14:04,548 [Worker-48: Building] INFO  o.e.m.c.i.e.AbstractTransferListenerAdapter - Downloaded https://repo.maven.apache.org/maven2/io/netty/netty-transport-classes-kqueue/4.1.84.Final/netty-transport-classes-kqueue-4.1.84.Final.pom
2025-01-29 23:14:04,683 [Worker-48: Building] INFO  o.e.m.c.i.e.AbstractTransferListenerAdapter - Downloading https://repo.maven.apache.org/maven2/io/netty/netty-transport-native-epoll/4.1.84.Final/netty-transport-native-epoll-4.1.84.Final.pom
2025-01-29 23:14:04,741 [Worker-48: Building] INFO  o.e.m.c.i.e.AbstractTransferListenerAdapter - Downloaded https://repo.maven.apache.org/maven2/io/netty/netty-transport-native-epoll/4.1.84.Final/netty-transport-native-epoll-4.1.84.Final.pom
2025-01-29 23:14:04,814 [Worker-48: Building] INFO  o.e.m.c.i.e.AbstractTransferListenerAdapter - Downloading https://repo.maven.apache.org/maven2/io/netty/netty-transport-native-kqueue/4.1.84.Final/netty-transport-native-kqueue-4.1.84.Final.pom
2025-01-29 23:14:05,033 [Worker-48: Building] INFO  o.e.m.c.i.e.AbstractTransferListenerAdapter - Downloaded https://repo.maven.apache.org/maven2/io/netty/netty-transport-native-kqueue/4.1.84.Final/netty-transport-native-kqueue-4.1.84.Final.pom
2025-01-29 23:14:05,151 [Worker-48: Building] INFO  o.e.m.c.i.e.AbstractTransferListenerAdapter - Downloading https://repo.maven.apache.org/maven2/io/opentelemetry/opentelemetry-api/1.19.0/opentelemetry-api-1.19.0.pom
2025-01-29 23:14:05,421 [Worker-48: Building] INFO  o.e.m.c.i.e.AbstractTransferListenerAdapter - Downloaded https://repo.maven.apache.org/maven2/io/opentelemetry/opentelemetry-api/1.19.0/opentelemetry-api-1.19.0.pom
2025-01-29 23:14:05,633 [Worker-48: Building] INFO  o.e.m.c.i.e.AbstractTransferListenerAdapter - Downloading https://repo.maven.apache.org/maven2/io/opentelemetry/opentelemetry-context/1.19.0/opentelemetry-context-1.19.0.pom
2025-01-29 23:14:05,648 [Worker-48: Building] INFO  o.e.m.c.i.e.AbstractTransferListenerAdapter - Downloaded https://repo.maven.apache.org/maven2/io/opentelemetry/opentelemetry-context/1.19.0/opentelemetry-context-1.19.0.pom
2025-01-29 23:14:05,979 [Worker-48: Building] INFO  o.e.m.c.i.e.AbstractTransferListenerAdapter - Downloading https://repo.maven.apache.org/maven2/io/opentelemetry/opentelemetry-exporter-logging/1.19.0/opentelemetry-exporter-logging-1.19.0.pom
2025-01-29 23:14:06,021 [Worker-48: Building] INFO  o.e.m.c.i.e.AbstractTransferListenerAdapter - Downloaded https://repo.maven.apache.org/maven2/io/opentelemetry/opentelemetry-exporter-logging/1.19.0/opentelemetry-exporter-logging-1.19.0.pom
2025-01-29 23:14:06,189 [Worker-48: Building] INFO  o.e.m.c.i.e.AbstractTransferListenerAdapter - Downloading https://repo.maven.apache.org/maven2/io/opentelemetry/opentelemetry-sdk/1.19.0/opentelemetry-sdk-1.19.0.pom
2025-01-29 23:14:06,235 [Worker-48: Building] INFO  o.e.m.c.i.e.AbstractTransferListenerAdapter - Downloaded https://repo.maven.apache.org/maven2/io/opentelemetry/opentelemetry-sdk/1.19.0/opentelemetry-sdk-1.19.0.pom
2025-01-29 23:14:06,325 [Worker-48: Building] INFO  o.e.m.c.i.e.AbstractTransferListenerAdapter - Downloading https://repo.maven.apache.org/maven2/io/opentelemetry/opentelemetry-sdk-common/1.19.0/opentelemetry-sdk-common-1.19.0.pom
2025-01-29 23:14:06,354 [Worker-48: Building] INFO  o.e.m.c.i.e.AbstractTransferListenerAdapter - Downloaded https://repo.maven.apache.org/maven2/io/opentelemetry/opentelemetry-sdk-common/1.19.0/opentelemetry-sdk-common-1.19.0.pom
2025-01-29 23:14:06,581 [Worker-48: Building] INFO  o.e.m.c.i.e.AbstractTransferListenerAdapter - Downloading https://repo.maven.apache.org/maven2/io/opentelemetry/opentelemetry-semconv/1.19.0-alpha/opentelemetry-semconv-1.19.0-alpha.pom
2025-01-29 23:14:06,642 [Worker-48: Building] INFO  o.e.m.c.i.e.AbstractTransferListenerAdapter - Downloaded https://repo.maven.apache.org/maven2/io/opentelemetry/opentelemetry-semconv/1.19.0-alpha/opentelemetry-semconv-1.19.0-alpha.pom
2025-01-29 23:14:06,739 [Worker-48: Building] INFO  o.e.m.c.i.e.AbstractTransferListenerAdapter - Downloading https://repo.maven.apache.org/maven2/io/opentelemetry/opentelemetry-sdk-trace/1.19.0/opentelemetry-sdk-trace-1.19.0.pom
2025-01-29 23:14:06,768 [Worker-48: Building] INFO  o.e.m.c.i.e.AbstractTransferListenerAdapter - Downloaded https://repo.maven.apache.org/maven2/io/opentelemetry/opentelemetry-sdk-trace/1.19.0/opentelemetry-sdk-trace-1.19.0.pom
2025-01-29 23:14:06,849 [Worker-48: Building] INFO  o.e.m.c.i.e.AbstractTransferListenerAdapter - Downloading https://repo.maven.apache.org/maven2/io/opentelemetry/opentelemetry-sdk-metrics/1.19.0/opentelemetry-sdk-metrics-1.19.0.pom
2025-01-29 23:14:06,859 [Worker-48: Building] INFO  o.e.m.c.i.e.AbstractTransferListenerAdapter - Downloaded https://repo.maven.apache.org/maven2/io/opentelemetry/opentelemetry-sdk-metrics/1.19.0/opentelemetry-sdk-metrics-1.19.0.pom
2025-01-29 23:14:06,959 [Worker-48: Building] INFO  o.e.m.c.i.e.AbstractTransferListenerAdapter - Downloading https://repo.maven.apache.org/maven2/io/opentelemetry/opentelemetry-sdk-logs/1.19.0-alpha/opentelemetry-sdk-logs-1.19.0-alpha.pom
2025-01-29 23:14:06,974 [Worker-48: Building] INFO  o.e.m.c.i.e.AbstractTransferListenerAdapter - Downloaded https://repo.maven.apache.org/maven2/io/opentelemetry/opentelemetry-sdk-logs/1.19.0-alpha/opentelemetry-sdk-logs-1.19.0-alpha.pom
2025-01-29 23:14:07,043 [Worker-48: Building] INFO  o.e.m.c.i.e.AbstractTransferListenerAdapter - Downloading https://repo.maven.apache.org/maven2/io/opentelemetry/opentelemetry-api-logs/1.19.0-alpha/opentelemetry-api-logs-1.19.0-alpha.pom
2025-01-29 23:14:07,049 [Worker-48: Building] INFO  o.e.m.c.i.e.AbstractTransferListenerAdapter - Downloaded https://repo.maven.apache.org/maven2/io/opentelemetry/opentelemetry-api-logs/1.19.0-alpha/opentelemetry-api-logs-1.19.0-alpha.pom
2025-01-29 23:14:07,101 [Worker-48: Building] INFO  o.e.m.c.i.e.AbstractTransferListenerAdapter - Downloading https://repo.maven.apache.org/maven2/io/opentelemetry/opentelemetry-sdk-extension-autoconfigure-spi/1.19.0/opentelemetry-sdk-extension-autoconfigure-spi-1.19.0.pom
2025-01-29 23:14:07,114 [Worker-48: Building] INFO  o.e.m.c.i.e.AbstractTransferListenerAdapter - Downloaded https://repo.maven.apache.org/maven2/io/opentelemetry/opentelemetry-sdk-extension-autoconfigure-spi/1.19.0/opentelemetry-sdk-extension-autoconfigure-spi-1.19.0.pom
2025-01-29 23:14:07,173 [Worker-48: Building] INFO  o.e.m.c.i.e.AbstractTransferListenerAdapter - Downloading https://repo.maven.apache.org/maven2/io/opentelemetry/opentelemetry-sdk-extension-autoconfigure/1.19.0-alpha/opentelemetry-sdk-extension-autoconfigure-1.19.0-alpha.pom
2025-01-29 23:14:07,185 [Worker-48: Building] INFO  o.e.m.c.i.e.AbstractTransferListenerAdapter - Downloaded https://repo.maven.apache.org/maven2/io/opentelemetry/opentelemetry-sdk-extension-autoconfigure/1.19.0-alpha/opentelemetry-sdk-extension-autoconfigure-1.19.0-alpha.pom
2025-01-29 23:14:07,258 [Worker-48: Building] INFO  o.e.m.c.i.e.AbstractTransferListenerAdapter - Downloading https://repo.maven.apache.org/maven2/io/opentelemetry/opentelemetry-exporter-common/1.19.0/opentelemetry-exporter-common-1.19.0.pom
2025-01-29 23:14:07,280 [Worker-48: Building] INFO  o.e.m.c.i.e.AbstractTransferListenerAdapter - Downloaded https://repo.maven.apache.org/maven2/io/opentelemetry/opentelemetry-exporter-common/1.19.0/opentelemetry-exporter-common-1.19.0.pom
2025-01-29 23:14:07,352 [Worker-48: Building] INFO  o.e.m.c.i.e.AbstractTransferListenerAdapter - Downloading https://repo.maven.apache.org/maven2/net/bytebuddy/byte-buddy/1.12.18/byte-buddy-1.12.18.pom
2025-01-29 23:14:07,373 [Worker-48: Building] INFO  o.e.m.c.i.e.AbstractTransferListenerAdapter - Downloaded https://repo.maven.apache.org/maven2/net/bytebuddy/byte-buddy/1.12.18/byte-buddy-1.12.18.pom
2025-01-29 23:14:07,425 [Worker-48: Building] INFO  o.e.m.c.i.e.AbstractTransferListenerAdapter - Downloading https://repo.maven.apache.org/maven2/net/bytebuddy/byte-buddy-parent/1.12.18/byte-buddy-parent-1.12.18.pom
2025-01-29 23:14:07,480 [Worker-48: Building] INFO  o.e.m.c.i.e.AbstractTransferListenerAdapter - Downloaded https://repo.maven.apache.org/maven2/net/bytebuddy/byte-buddy-parent/1.12.18/byte-buddy-parent-1.12.18.pom
2025-01-29 23:14:07,688 [Worker-48: Building] INFO  o.e.m.c.i.e.AbstractTransferListenerAdapter - Downloading https://repo.maven.apache.org/maven2/org/seleniumhq/selenium/selenium-http/4.6.0/selenium-http-4.6.0.pom
2025-01-29 23:14:07,697 [Worker-48: Building] INFO  o.e.m.c.i.e.AbstractTransferListenerAdapter - Downloaded https://repo.maven.apache.org/maven2/org/seleniumhq/selenium/selenium-http/4.6.0/selenium-http-4.6.0.pom
2025-01-29 23:14:07,773 [Worker-48: Building] INFO  o.e.m.c.i.e.AbstractTransferListenerAdapter - Downloading https://repo.maven.apache.org/maven2/dev/failsafe/failsafe/3.3.0/failsafe-3.3.0.pom
2025-01-29 23:14:07,788 [Worker-48: Building] INFO  o.e.m.c.i.e.AbstractTransferListenerAdapter - Downloaded https://repo.maven.apache.org/maven2/dev/failsafe/failsafe/3.3.0/failsafe-3.3.0.pom
2025-01-29 23:14:07,842 [Worker-48: Building] INFO  o.e.m.c.i.e.AbstractTransferListenerAdapter - Downloading https://repo.maven.apache.org/maven2/dev/failsafe/failsafe-parent/3.3.0/failsafe-parent-3.3.0.pom
2025-01-29 23:14:07,868 [Worker-48: Building] INFO  o.e.m.c.i.e.AbstractTransferListenerAdapter - Downloaded https://repo.maven.apache.org/maven2/dev/failsafe/failsafe-parent/3.3.0/failsafe-parent-3.3.0.pom
2025-01-29 23:14:07,934 [Worker-48: Building] INFO  o.e.m.c.i.e.AbstractTransferListenerAdapter - Downloading https://repo.maven.apache.org/maven2/org/seleniumhq/selenium/selenium-manager/4.6.0/selenium-manager-4.6.0.pom
2025-01-29 23:14:07,947 [Worker-48: Building] INFO  o.e.m.c.i.e.AbstractTransferListenerAdapter - Downloaded https://repo.maven.apache.org/maven2/org/seleniumhq/selenium/selenium-manager/4.6.0/selenium-manager-4.6.0.pom
2025-01-29 23:14:08,012 [Worker-48: Building] INFO  o.e.m.c.i.e.AbstractTransferListenerAdapter - Downloading https://repo.maven.apache.org/maven2/org/seleniumhq/selenium/selenium-devtools-v105/4.6.0/selenium-devtools-v105-4.6.0.pom
2025-01-29 23:14:08,019 [Worker-48: Building] INFO  o.e.m.c.i.e.AbstractTransferListenerAdapter - Downloaded https://repo.maven.apache.org/maven2/org/seleniumhq/selenium/selenium-devtools-v105/4.6.0/selenium-devtools-v105-4.6.0.pom
2025-01-29 23:14:08,088 [Worker-48: Building] INFO  o.e.m.c.i.e.AbstractTransferListenerAdapter - Downloading https://repo.maven.apache.org/maven2/org/seleniumhq/selenium/selenium-devtools-v106/4.6.0/selenium-devtools-v106-4.6.0.pom
2025-01-29 23:14:08,100 [Worker-48: Building] INFO  o.e.m.c.i.e.AbstractTransferListenerAdapter - Downloaded https://repo.maven.apache.org/maven2/org/seleniumhq/selenium/selenium-devtools-v106/4.6.0/selenium-devtools-v106-4.6.0.pom
2025-01-29 23:14:08,167 [Worker-48: Building] INFO  o.e.m.c.i.e.AbstractTransferListenerAdapter - Downloading https://repo.maven.apache.org/maven2/org/seleniumhq/selenium/selenium-devtools-v107/4.6.0/selenium-devtools-v107-4.6.0.pom
2025-01-29 23:14:08,189 [Worker-48: Building] INFO  o.e.m.c.i.e.AbstractTransferListenerAdapter - Downloaded https://repo.maven.apache.org/maven2/org/seleniumhq/selenium/selenium-devtools-v107/4.6.0/selenium-devtools-v107-4.6.0.pom
2025-01-29 23:14:08,249 [Worker-48: Building] INFO  o.e.m.c.i.e.AbstractTransferListenerAdapter - Downloading https://repo.maven.apache.org/maven2/org/seleniumhq/selenium/selenium-devtools-v85/4.6.0/selenium-devtools-v85-4.6.0.pom
2025-01-29 23:14:08,259 [Worker-48: Building] INFO  o.e.m.c.i.e.AbstractTransferListenerAdapter - Downloaded https://repo.maven.apache.org/maven2/org/seleniumhq/selenium/selenium-devtools-v85/4.6.0/selenium-devtools-v85-4.6.0.pom
2025-01-29 23:14:08,331 [Worker-48: Building] INFO  o.e.m.c.i.e.AbstractTransferListenerAdapter - Downloading https://repo.maven.apache.org/maven2/org/seleniumhq/selenium/selenium-edge-driver/4.6.0/selenium-edge-driver-4.6.0.pom
2025-01-29 23:14:08,346 [Worker-48: Building] INFO  o.e.m.c.i.e.AbstractTransferListenerAdapter - Downloaded https://repo.maven.apache.org/maven2/org/seleniumhq/selenium/selenium-edge-driver/4.6.0/selenium-edge-driver-4.6.0.pom
2025-01-29 23:14:08,464 [Worker-48: Building] INFO  o.e.m.c.i.e.AbstractTransferListenerAdapter - Downloading https://repo.maven.apache.org/maven2/org/seleniumhq/selenium/selenium-firefox-driver/4.6.0/selenium-firefox-driver-4.6.0.pom
2025-01-29 23:14:08,485 [Worker-48: Building] INFO  o.e.m.c.i.e.AbstractTransferListenerAdapter - Downloaded https://repo.maven.apache.org/maven2/org/seleniumhq/selenium/selenium-firefox-driver/4.6.0/selenium-firefox-driver-4.6.0.pom
2025-01-29 23:14:08,567 [Worker-48: Building] INFO  o.e.m.c.i.e.AbstractTransferListenerAdapter - Downloading https://repo.maven.apache.org/maven2/org/seleniumhq/selenium/selenium-ie-driver/4.6.0/selenium-ie-driver-4.6.0.pom
2025-01-29 23:14:08,600 [Worker-48: Building] INFO  o.e.m.c.i.e.AbstractTransferListenerAdapter - Downloaded https://repo.maven.apache.org/maven2/org/seleniumhq/selenium/selenium-ie-driver/4.6.0/selenium-ie-driver-4.6.0.pom
2025-01-29 23:14:08,645 [Worker-48: Building] INFO  o.e.m.c.i.e.AbstractTransferListenerAdapter - Downloading https://repo.maven.apache.org/maven2/org/seleniumhq/selenium/selenium-safari-driver/4.6.0/selenium-safari-driver-4.6.0.pom
2025-01-29 23:14:08,653 [Worker-48: Building] INFO  o.e.m.c.i.e.AbstractTransferListenerAdapter - Downloaded https://repo.maven.apache.org/maven2/org/seleniumhq/selenium/selenium-safari-driver/4.6.0/selenium-safari-driver-4.6.0.pom
2025-01-29 23:14:08,725 [Worker-48: Building] INFO  o.e.m.c.i.e.AbstractTransferListenerAdapter - Downloading https://repo.maven.apache.org/maven2/org/seleniumhq/selenium/selenium-support/4.6.0/selenium-support-4.6.0.pom
2025-01-29 23:14:08,734 [Worker-48: Building] INFO  o.e.m.c.i.e.AbstractTransferListenerAdapter - Downloaded https://repo.maven.apache.org/maven2/org/seleniumhq/selenium/selenium-support/4.6.0/selenium-support-4.6.0.pom
2025-01-29 23:14:08,910 [Worker-48: Building] INFO  o.e.m.c.i.e.AbstractTransferListenerAdapter - Downloading https://repo.maven.apache.org/maven2/org/apache/logging/log4j/log4j-api/2.17.1/log4j-api-2.17.1.pom
2025-01-29 23:14:08,926 [Worker-48: Building] INFO  o.e.m.c.i.e.AbstractTransferListenerAdapter - Downloaded https://repo.maven.apache.org/maven2/org/apache/logging/log4j/log4j-api/2.17.1/log4j-api-2.17.1.pom
2025-01-29 23:14:08,970 [Worker-48: Building] INFO  o.e.m.c.i.e.AbstractTransferListenerAdapter - Downloading https://repo.maven.apache.org/maven2/org/apache/logging/log4j/log4j/2.17.1/log4j-2.17.1.pom
2025-01-29 23:14:09,039 [Worker-48: Building] INFO  o.e.m.c.i.e.AbstractTransferListenerAdapter - Downloaded https://repo.maven.apache.org/maven2/org/apache/logging/log4j/log4j/2.17.1/log4j-2.17.1.pom
2025-01-29 23:14:09,100 [Worker-48: Building] INFO  o.e.m.c.i.e.AbstractTransferListenerAdapter - Downloading https://repo.maven.apache.org/maven2/org/apache/logging/logging-parent/3/logging-parent-3.pom
2025-01-29 23:14:09,110 [Worker-48: Building] INFO  o.e.m.c.i.e.AbstractTransferListenerAdapter - Downloaded https://repo.maven.apache.org/maven2/org/apache/logging/logging-parent/3/logging-parent-3.pom
2025-01-29 23:14:09,166 [Worker-48: Building] INFO  o.e.m.c.i.e.AbstractTransferListenerAdapter - Downloading https://repo.maven.apache.org/maven2/org/apache/logging/log4j/log4j-core/2.17.1/log4j-core-2.17.1.pom
2025-01-29 23:14:09,190 [Worker-48: Building] INFO  o.e.m.c.i.e.AbstractTransferListenerAdapter - Downloaded https://repo.maven.apache.org/maven2/org/apache/logging/log4j/log4j-core/2.17.1/log4j-core-2.17.1.pom
2025-01-29 23:14:09,247 [Worker-48: Building] INFO  o.e.m.c.i.e.AbstractTransferListenerAdapter - Downloading https://repo.maven.apache.org/maven2/org/junit/jupiter/junit-jupiter-api/5.7.2/junit-jupiter-api-5.7.2.pom
2025-01-29 23:14:09,254 [Worker-48: Building] INFO  o.e.m.c.i.e.AbstractTransferListenerAdapter - Downloaded https://repo.maven.apache.org/maven2/org/junit/jupiter/junit-jupiter-api/5.7.2/junit-jupiter-api-5.7.2.pom
2025-01-29 23:14:09,309 [Worker-48: Building] INFO  o.e.m.c.i.e.AbstractTransferListenerAdapter - Downloading https://repo.maven.apache.org/maven2/org/apiguardian/apiguardian-api/1.1.0/apiguardian-api-1.1.0.pom
2025-01-29 23:14:09,316 [Worker-48: Building] INFO  o.e.m.c.i.e.AbstractTransferListenerAdapter - Downloaded https://repo.maven.apache.org/maven2/org/apiguardian/apiguardian-api/1.1.0/apiguardian-api-1.1.0.pom
2025-01-29 23:14:09,367 [Worker-48: Building] INFO  o.e.m.c.i.e.AbstractTransferListenerAdapter - Downloading https://repo.maven.apache.org/maven2/org/opentest4j/opentest4j/1.2.0/opentest4j-1.2.0.pom
2025-01-29 23:14:09,379 [Worker-48: Building] INFO  o.e.m.c.i.e.AbstractTransferListenerAdapter - Downloaded https://repo.maven.apache.org/maven2/org/opentest4j/opentest4j/1.2.0/opentest4j-1.2.0.pom
2025-01-29 23:14:09,446 [Worker-48: Building] INFO  o.e.m.c.i.e.AbstractTransferListenerAdapter - Downloading https://repo.maven.apache.org/maven2/org/junit/platform/junit-platform-commons/1.7.2/junit-platform-commons-1.7.2.pom
2025-01-29 23:14:09,457 [Worker-48: Building] INFO  o.e.m.c.i.e.AbstractTransferListenerAdapter - Downloaded https://repo.maven.apache.org/maven2/org/junit/platform/junit-platform-commons/1.7.2/junit-platform-commons-1.7.2.pom
2025-01-29 23:14:09,646 [Worker-48: Building] INFO  o.e.m.c.i.e.AbstractTransferListenerAdapter - Downloading https://repo.maven.apache.org/maven2/io/cucumber/cucumber-java/7.10.0/cucumber-java-7.10.0.jar
2025-01-29 23:14:10,082 [Worker-48: Building] INFO  o.e.m.c.i.e.AbstractTransferListenerAdapter - Downloaded https://repo.maven.apache.org/maven2/io/cucumber/cucumber-java/7.10.0/cucumber-java-7.10.0.jar
2025-01-29 23:14:10,127 [BasicRepositoryConnector-repo.maven.apache.org-0-0] INFO  o.e.m.c.i.e.AbstractTransferListenerAdapter - Downloading https://repo.maven.apache.org/maven2/io/cucumber/cucumber-core/7.10.0/cucumber-core-7.10.0.jar
2025-01-29 23:14:10,227 [BasicRepositoryConnector-repo.maven.apache.org-0-1] INFO  o.e.m.c.i.e.AbstractTransferListenerAdapter - Downloading https://repo.maven.apache.org/maven2/io/cucumber/cucumber-gherkin/7.10.0/cucumber-gherkin-7.10.0.jar
2025-01-29 23:14:10,251 [BasicRepositoryConnector-repo.maven.apache.org-0-1] INFO  o.e.m.c.i.e.AbstractTransferListenerAdapter - Downloaded https://repo.maven.apache.org/maven2/io/cucumber/cucumber-gherkin/7.10.0/cucumber-gherkin-7.10.0.jar
2025-01-29 23:14:10,257 [BasicRepositoryConnector-repo.maven.apache.org-0-4] INFO  o.e.m.c.i.e.AbstractTransferListenerAdapter - Downloading https://repo.maven.apache.org/maven2/io/cucumber/messages/19.1.4/messages-19.1.4.jar
2025-01-29 23:14:10,260 [BasicRepositoryConnector-repo.maven.apache.org-0-2] INFO  o.e.m.c.i.e.AbstractTransferListenerAdapter - Downloading https://repo.maven.apache.org/maven2/io/cucumber/cucumber-gherkin-messages/7.10.0/cucumber-gherkin-messages-7.10.0.jar
2025-01-29 23:14:10,271 [BasicRepositoryConnector-repo.maven.apache.org-0-3] INFO  o.e.m.c.i.e.AbstractTransferListenerAdapter - Downloading https://repo.maven.apache.org/maven2/io/cucumber/gherkin/25.0.2/gherkin-25.0.2.jar
2025-01-29 23:14:10,294 [BasicRepositoryConnector-repo.maven.apache.org-0-2] INFO  o.e.m.c.i.e.AbstractTransferListenerAdapter - Downloaded https://repo.maven.apache.org/maven2/io/cucumber/cucumber-gherkin-messages/7.10.0/cucumber-gherkin-messages-7.10.0.jar
2025-01-29 23:14:10,310 [BasicRepositoryConnector-repo.maven.apache.org-0-1] INFO  o.e.m.c.i.e.AbstractTransferListenerAdapter - Downloading https://repo.maven.apache.org/maven2/io/cucumber/tag-expressions/4.1.0/tag-expressions-4.1.0.jar
2025-01-29 23:14:10,332 [BasicRepositoryConnector-repo.maven.apache.org-0-1] INFO  o.e.m.c.i.e.AbstractTransferListenerAdapter - Downloaded https://repo.maven.apache.org/maven2/io/cucumber/tag-expressions/4.1.0/tag-expressions-4.1.0.jar
2025-01-29 23:14:10,352 [BasicRepositoryConnector-repo.maven.apache.org-0-2] INFO  o.e.m.c.i.e.AbstractTransferListenerAdapter - Downloading https://repo.maven.apache.org/maven2/io/cucumber/cucumber-expressions/16.1.1/cucumber-expressions-16.1.1.jar
2025-01-29 23:14:10,364 [BasicRepositoryConnector-repo.maven.apache.org-0-4] INFO  o.e.m.c.i.e.AbstractTransferListenerAdapter - Downloaded https://repo.maven.apache.org/maven2/io/cucumber/messages/19.1.4/messages-19.1.4.jar
2025-01-29 23:14:10,385 [BasicRepositoryConnector-repo.maven.apache.org-0-1] INFO  o.e.m.c.i.e.AbstractTransferListenerAdapter - Downloading https://repo.maven.apache.org/maven2/io/cucumber/datatable/7.10.0/datatable-7.10.0.jar
2025-01-29 23:14:10,408 [BasicRepositoryConnector-repo.maven.apache.org-0-3] INFO  o.e.m.c.i.e.AbstractTransferListenerAdapter - Downloaded https://repo.maven.apache.org/maven2/io/cucumber/gherkin/25.0.2/gherkin-25.0.2.jar
2025-01-29 23:14:10,425 [BasicRepositoryConnector-repo.maven.apache.org-0-4] INFO  o.e.m.c.i.e.AbstractTransferListenerAdapter - Downloading https://repo.maven.apache.org/maven2/io/cucumber/cucumber-plugin/7.10.0/cucumber-plugin-7.10.0.jar
2025-01-29 23:14:10,456 [BasicRepositoryConnector-repo.maven.apache.org-0-4] INFO  o.e.m.c.i.e.AbstractTransferListenerAdapter - Downloaded https://repo.maven.apache.org/maven2/io/cucumber/cucumber-plugin/7.10.0/cucumber-plugin-7.10.0.jar
2025-01-29 23:14:10,465 [BasicRepositoryConnector-repo.maven.apache.org-0-3] INFO  o.e.m.c.i.e.AbstractTransferListenerAdapter - Downloading https://repo.maven.apache.org/maven2/io/cucumber/docstring/7.10.0/docstring-7.10.0.jar
2025-01-29 23:14:10,465 [BasicRepositoryConnector-repo.maven.apache.org-0-2] INFO  o.e.m.c.i.e.AbstractTransferListenerAdapter - Downloaded https://repo.maven.apache.org/maven2/io/cucumber/cucumber-expressions/16.1.1/cucumber-expressions-16.1.1.jar
2025-01-29 23:14:10,487 [BasicRepositoryConnector-repo.maven.apache.org-0-3] INFO  o.e.m.c.i.e.AbstractTransferListenerAdapter - Downloaded https://repo.maven.apache.org/maven2/io/cucumber/docstring/7.10.0/docstring-7.10.0.jar
2025-01-29 23:14:10,521 [BasicRepositoryConnector-repo.maven.apache.org-0-4] INFO  o.e.m.c.i.e.AbstractTransferListenerAdapter - Downloading https://repo.maven.apache.org/maven2/io/cucumber/html-formatter/20.2.0/html-formatter-20.2.0.jar
2025-01-29 23:14:10,547 [BasicRepositoryConnector-repo.maven.apache.org-0-2] INFO  o.e.m.c.i.e.AbstractTransferListenerAdapter - Downloading https://repo.maven.apache.org/maven2/io/cucumber/ci-environment/9.1.0/ci-environment-9.1.0.jar
2025-01-29 23:14:10,549 [BasicRepositoryConnector-repo.maven.apache.org-0-1] INFO  o.e.m.c.i.e.AbstractTransferListenerAdapter - Downloaded https://repo.maven.apache.org/maven2/io/cucumber/datatable/7.10.0/datatable-7.10.0.jar
2025-01-29 23:14:10,560 [BasicRepositoryConnector-repo.maven.apache.org-0-3] INFO  o.e.m.c.i.e.AbstractTransferListenerAdapter - Downloading https://repo.maven.apache.org/maven2/io/cucumber/cucumber-spring/7.10.0/cucumber-spring-7.10.0.jar
2025-01-29 23:14:10,573 [BasicRepositoryConnector-repo.maven.apache.org-0-3] INFO  o.e.m.c.i.e.AbstractTransferListenerAdapter - Downloaded https://repo.maven.apache.org/maven2/io/cucumber/cucumber-spring/7.10.0/cucumber-spring-7.10.0.jar
2025-01-29 23:14:10,639 [BasicRepositoryConnector-repo.maven.apache.org-0-1] INFO  o.e.m.c.i.e.AbstractTransferListenerAdapter - Downloading https://repo.maven.apache.org/maven2/io/cucumber/cucumber-testng/7.10.0/cucumber-testng-7.10.0.jar
2025-01-29 23:14:10,641 [BasicRepositoryConnector-repo.maven.apache.org-0-2] INFO  o.e.m.c.i.e.AbstractTransferListenerAdapter - Downloaded https://repo.maven.apache.org/maven2/io/cucumber/ci-environment/9.1.0/ci-environment-9.1.0.jar
2025-01-29 23:14:10,670 [BasicRepositoryConnector-repo.maven.apache.org-0-1] INFO  o.e.m.c.i.e.AbstractTransferListenerAdapter - Downloaded https://repo.maven.apache.org/maven2/io/cucumber/cucumber-testng/7.10.0/cucumber-testng-7.10.0.jar
2025-01-29 23:14:10,687 [BasicRepositoryConnector-repo.maven.apache.org-0-3] INFO  o.e.m.c.i.e.AbstractTransferListenerAdapter - Downloading https://repo.maven.apache.org/maven2/org/seleniumhq/selenium/selenium-java/4.6.0/selenium-java-4.6.0.jar
2025-01-29 23:14:10,695 [BasicRepositoryConnector-repo.maven.apache.org-0-3] INFO  o.e.m.c.i.e.AbstractTransferListenerAdapter - Downloaded https://repo.maven.apache.org/maven2/org/seleniumhq/selenium/selenium-java/4.6.0/selenium-java-4.6.0.jar
2025-01-29 23:14:10,698 [BasicRepositoryConnector-repo.maven.apache.org-0-2] INFO  o.e.m.c.i.e.AbstractTransferListenerAdapter - Downloading https://repo.maven.apache.org/maven2/org/seleniumhq/selenium/selenium-api/4.6.0/selenium-api-4.6.0.jar
2025-01-29 23:14:10,743 [BasicRepositoryConnector-repo.maven.apache.org-0-1] INFO  o.e.m.c.i.e.AbstractTransferListenerAdapter - Downloading https://repo.maven.apache.org/maven2/org/seleniumhq/selenium/selenium-chrome-driver/4.6.0/selenium-chrome-driver-4.6.0.jar
2025-01-29 23:14:10,779 [BasicRepositoryConnector-repo.maven.apache.org-0-1] INFO  o.e.m.c.i.e.AbstractTransferListenerAdapter - Downloaded https://repo.maven.apache.org/maven2/org/seleniumhq/selenium/selenium-chrome-driver/4.6.0/selenium-chrome-driver-4.6.0.jar
2025-01-29 23:14:10,795 [BasicRepositoryConnector-repo.maven.apache.org-0-3] INFO  o.e.m.c.i.e.AbstractTransferListenerAdapter - Downloading https://repo.maven.apache.org/maven2/org/seleniumhq/selenium/selenium-chromium-driver/4.6.0/selenium-chromium-driver-4.6.0.jar
2025-01-29 23:14:10,801 [BasicRepositoryConnector-repo.maven.apache.org-0-4] INFO  o.e.m.c.i.e.AbstractTransferListenerAdapter - Downloaded https://repo.maven.apache.org/maven2/io/cucumber/html-formatter/20.2.0/html-formatter-20.2.0.jar
2025-01-29 23:14:10,823 [BasicRepositoryConnector-repo.maven.apache.org-0-3] INFO  o.e.m.c.i.e.AbstractTransferListenerAdapter - Downloaded https://repo.maven.apache.org/maven2/org/seleniumhq/selenium/selenium-chromium-driver/4.6.0/selenium-chromium-driver-4.6.0.jar
2025-01-29 23:14:10,834 [BasicRepositoryConnector-repo.maven.apache.org-0-1] INFO  o.e.m.c.i.e.AbstractTransferListenerAdapter - Downloading https://repo.maven.apache.org/maven2/org/seleniumhq/selenium/selenium-json/4.6.0/selenium-json-4.6.0.jar
2025-01-29 23:14:10,863 [BasicRepositoryConnector-repo.maven.apache.org-0-4] INFO  o.e.m.c.i.e.AbstractTransferListenerAdapter - Downloading https://repo.maven.apache.org/maven2/org/seleniumhq/selenium/selenium-devtools-v105/4.6.0/selenium-devtools-v105-4.6.0.jar
2025-01-29 23:14:10,887 [BasicRepositoryConnector-repo.maven.apache.org-0-1] INFO  o.e.m.c.i.e.AbstractTransferListenerAdapter - Downloaded https://repo.maven.apache.org/maven2/org/seleniumhq/selenium/selenium-json/4.6.0/selenium-json-4.6.0.jar
2025-01-29 23:14:10,897 [BasicRepositoryConnector-repo.maven.apache.org-0-3] INFO  o.e.m.c.i.e.AbstractTransferListenerAdapter - Downloading https://repo.maven.apache.org/maven2/org/seleniumhq/selenium/selenium-devtools-v106/4.6.0/selenium-devtools-v106-4.6.0.jar
2025-01-29 23:14:10,968 [BasicRepositoryConnector-repo.maven.apache.org-0-1] INFO  o.e.m.c.i.e.AbstractTransferListenerAdapter - Downloading https://repo.maven.apache.org/maven2/org/seleniumhq/selenium/selenium-devtools-v107/4.6.0/selenium-devtools-v107-4.6.0.jar
2025-01-29 23:14:10,982 [BasicRepositoryConnector-repo.maven.apache.org-0-2] INFO  o.e.m.c.i.e.AbstractTransferListenerAdapter - Downloaded https://repo.maven.apache.org/maven2/org/seleniumhq/selenium/selenium-api/4.6.0/selenium-api-4.6.0.jar
2025-01-29 23:14:11,109 [BasicRepositoryConnector-repo.maven.apache.org-0-2] INFO  o.e.m.c.i.e.AbstractTransferListenerAdapter - Downloading https://repo.maven.apache.org/maven2/org/seleniumhq/selenium/selenium-devtools-v85/4.6.0/selenium-devtools-v85-4.6.0.jar
2025-01-29 23:14:11,611 [BasicRepositoryConnector-repo.maven.apache.org-0-3] INFO  o.e.m.c.i.e.AbstractTransferListenerAdapter - Downloaded https://repo.maven.apache.org/maven2/org/seleniumhq/selenium/selenium-devtools-v106/4.6.0/selenium-devtools-v106-4.6.0.jar
2025-01-29 23:14:11,745 [BasicRepositoryConnector-repo.maven.apache.org-0-3] INFO  o.e.m.c.i.e.AbstractTransferListenerAdapter - Downloading https://repo.maven.apache.org/maven2/org/seleniumhq/selenium/selenium-edge-driver/4.6.0/selenium-edge-driver-4.6.0.jar
2025-01-29 23:14:11,766 [BasicRepositoryConnector-repo.maven.apache.org-0-4] INFO  o.e.m.c.i.e.AbstractTransferListenerAdapter - Downloaded https://repo.maven.apache.org/maven2/org/seleniumhq/selenium/selenium-devtools-v105/4.6.0/selenium-devtools-v105-4.6.0.jar
2025-01-29 23:14:11,773 [BasicRepositoryConnector-repo.maven.apache.org-0-3] INFO  o.e.m.c.i.e.AbstractTransferListenerAdapter - Downloaded https://repo.maven.apache.org/maven2/org/seleniumhq/selenium/selenium-edge-driver/4.6.0/selenium-edge-driver-4.6.0.jar
2025-01-29 23:14:11,799 [BasicRepositoryConnector-repo.maven.apache.org-0-2] INFO  o.e.m.c.i.e.AbstractTransferListenerAdapter - Downloaded https://repo.maven.apache.org/maven2/org/seleniumhq/selenium/selenium-devtools-v85/4.6.0/selenium-devtools-v85-4.6.0.jar
2025-01-29 23:14:11,801 [BasicRepositoryConnector-repo.maven.apache.org-0-0] INFO  o.e.m.c.i.e.AbstractTransferListenerAdapter - Downloaded https://repo.maven.apache.org/maven2/io/cucumber/cucumber-core/7.10.0/cucumber-core-7.10.0.jar
2025-01-29 23:14:11,824 [BasicRepositoryConnector-repo.maven.apache.org-0-4] INFO  o.e.m.c.i.e.AbstractTransferListenerAdapter - Downloading https://repo.maven.apache.org/maven2/org/seleniumhq/selenium/selenium-firefox-driver/4.6.0/selenium-firefox-driver-4.6.0.jar
2025-01-29 23:14:11,833 [BasicRepositoryConnector-repo.maven.apache.org-0-3] INFO  o.e.m.c.i.e.AbstractTransferListenerAdapter - Downloading https://repo.maven.apache.org/maven2/org/seleniumhq/selenium/selenium-ie-driver/4.6.0/selenium-ie-driver-4.6.0.jar
2025-01-29 23:14:11,853 [BasicRepositoryConnector-repo.maven.apache.org-0-3] INFO  o.e.m.c.i.e.AbstractTransferListenerAdapter - Downloaded https://repo.maven.apache.org/maven2/org/seleniumhq/selenium/selenium-ie-driver/4.6.0/selenium-ie-driver-4.6.0.jar
2025-01-29 23:14:11,859 [BasicRepositoryConnector-repo.maven.apache.org-0-0] INFO  o.e.m.c.i.e.AbstractTransferListenerAdapter - Downloading https://repo.maven.apache.org/maven2/io/netty/netty-buffer/4.1.84.Final/netty-buffer-4.1.84.Final.jar
2025-01-29 23:14:11,859 [BasicRepositoryConnector-repo.maven.apache.org-0-2] INFO  o.e.m.c.i.e.AbstractTransferListenerAdapter - Downloading https://repo.maven.apache.org/maven2/org/seleniumhq/selenium/selenium-remote-driver/4.6.0/selenium-remote-driver-4.6.0.jar
2025-01-29 23:14:11,992 [BasicRepositoryConnector-repo.maven.apache.org-0-3] INFO  o.e.m.c.i.e.AbstractTransferListenerAdapter - Downloading https://repo.maven.apache.org/maven2/io/netty/netty-codec-http/4.1.84.Final/netty-codec-http-4.1.84.Final.jar
2025-01-29 23:14:12,009 [BasicRepositoryConnector-repo.maven.apache.org-0-4] INFO  o.e.m.c.i.e.AbstractTransferListenerAdapter - Downloaded https://repo.maven.apache.org/maven2/org/seleniumhq/selenium/selenium-firefox-driver/4.6.0/selenium-firefox-driver-4.6.0.jar
2025-01-29 23:14:12,114 [BasicRepositoryConnector-repo.maven.apache.org-0-4] INFO  o.e.m.c.i.e.AbstractTransferListenerAdapter - Downloading https://repo.maven.apache.org/maven2/io/netty/netty-codec/4.1.84.Final/netty-codec-4.1.84.Final.jar
2025-01-29 23:14:12,135 [BasicRepositoryConnector-repo.maven.apache.org-0-0] INFO  o.e.m.c.i.e.AbstractTransferListenerAdapter - Downloaded https://repo.maven.apache.org/maven2/io/netty/netty-buffer/4.1.84.Final/netty-buffer-4.1.84.Final.jar
2025-01-29 23:14:12,177 [BasicRepositoryConnector-repo.maven.apache.org-0-1] INFO  o.e.m.c.i.e.AbstractTransferListenerAdapter - Downloaded https://repo.maven.apache.org/maven2/org/seleniumhq/selenium/selenium-devtools-v107/4.6.0/selenium-devtools-v107-4.6.0.jar
2025-01-29 23:14:12,212 [BasicRepositoryConnector-repo.maven.apache.org-0-0] INFO  o.e.m.c.i.e.AbstractTransferListenerAdapter - Downloading https://repo.maven.apache.org/maven2/io/netty/netty-handler/4.1.84.Final/netty-handler-4.1.84.Final.jar
2025-01-29 23:14:12,269 [BasicRepositoryConnector-repo.maven.apache.org-0-1] INFO  o.e.m.c.i.e.AbstractTransferListenerAdapter - Downloading https://repo.maven.apache.org/maven2/io/netty/netty-common/4.1.84.Final/netty-common-4.1.84.Final.jar
2025-01-29 23:14:12,303 [BasicRepositoryConnector-repo.maven.apache.org-0-3] INFO  o.e.m.c.i.e.AbstractTransferListenerAdapter - Downloaded https://repo.maven.apache.org/maven2/io/netty/netty-codec-http/4.1.84.Final/netty-codec-http-4.1.84.Final.jar
2025-01-29 23:14:12,394 [BasicRepositoryConnector-repo.maven.apache.org-0-4] INFO  o.e.m.c.i.e.AbstractTransferListenerAdapter - Downloaded https://repo.maven.apache.org/maven2/io/netty/netty-codec/4.1.84.Final/netty-codec-4.1.84.Final.jar
2025-01-29 23:14:12,405 [BasicRepositoryConnector-repo.maven.apache.org-0-3] INFO  o.e.m.c.i.e.AbstractTransferListenerAdapter - Downloading https://repo.maven.apache.org/maven2/io/netty/netty-transport-classes-epoll/4.1.84.Final/netty-transport-classes-epoll-4.1.84.Final.jar
2025-01-29 23:14:12,433 [BasicRepositoryConnector-repo.maven.apache.org-0-0] INFO  o.e.m.c.i.e.AbstractTransferListenerAdapter - Downloaded https://repo.maven.apache.org/maven2/io/netty/netty-handler/4.1.84.Final/netty-handler-4.1.84.Final.jar
2025-01-29 23:14:12,473 [BasicRepositoryConnector-repo.maven.apache.org-0-4] INFO  o.e.m.c.i.e.AbstractTransferListenerAdapter - Downloading https://repo.maven.apache.org/maven2/io/netty/netty-transport-classes-kqueue/4.1.84.Final/netty-transport-classes-kqueue-4.1.84.Final.jar
2025-01-29 23:14:12,516 [BasicRepositoryConnector-repo.maven.apache.org-0-0] INFO  o.e.m.c.i.e.AbstractTransferListenerAdapter - Downloading https://repo.maven.apache.org/maven2/io/netty/netty-transport-native-epoll/4.1.84.Final/netty-transport-native-epoll-4.1.84.Final.jar
2025-01-29 23:14:12,523 [BasicRepositoryConnector-repo.maven.apache.org-0-3] INFO  o.e.m.c.i.e.AbstractTransferListenerAdapter - Downloaded https://repo.maven.apache.org/maven2/io/netty/netty-transport-classes-epoll/4.1.84.Final/netty-transport-classes-epoll-4.1.84.Final.jar
2025-01-29 23:14:12,550 [BasicRepositoryConnector-repo.maven.apache.org-0-0] INFO  o.e.m.c.i.e.AbstractTransferListenerAdapter - Downloaded https://repo.maven.apache.org/maven2/io/netty/netty-transport-native-epoll/4.1.84.Final/netty-transport-native-epoll-4.1.84.Final.jar
2025-01-29 23:14:12,576 [BasicRepositoryConnector-repo.maven.apache.org-0-1] INFO  o.e.m.c.i.e.AbstractTransferListenerAdapter - Downloaded https://repo.maven.apache.org/maven2/io/netty/netty-common/4.1.84.Final/netty-common-4.1.84.Final.jar
2025-01-29 23:14:12,576 [BasicRepositoryConnector-repo.maven.apache.org-0-4] INFO  o.e.m.c.i.e.AbstractTransferListenerAdapter - Downloaded https://repo.maven.apache.org/maven2/io/netty/netty-transport-classes-kqueue/4.1.84.Final/netty-transport-classes-kqueue-4.1.84.Final.jar
2025-01-29 23:14:12,579 [BasicRepositoryConnector-repo.maven.apache.org-0-3] INFO  o.e.m.c.i.e.AbstractTransferListenerAdapter - Downloading https://repo.maven.apache.org/maven2/io/netty/netty-transport-native-kqueue/4.1.84.Final/netty-transport-native-kqueue-4.1.84.Final.jar
2025-01-29 23:14:12,594 [BasicRepositoryConnector-repo.maven.apache.org-0-3] INFO  o.e.m.c.i.e.AbstractTransferListenerAdapter - Downloaded https://repo.maven.apache.org/maven2/io/netty/netty-transport-native-kqueue/4.1.84.Final/netty-transport-native-kqueue-4.1.84.Final.jar
2025-01-29 23:14:12,605 [BasicRepositoryConnector-repo.maven.apache.org-0-0] INFO  o.e.m.c.i.e.AbstractTransferListenerAdapter - Downloading https://repo.maven.apache.org/maven2/io/netty/netty-transport-native-unix-common/4.1.84.Final/netty-transport-native-unix-common-4.1.84.Final.jar
2025-01-29 23:14:12,647 [BasicRepositoryConnector-repo.maven.apache.org-0-0] INFO  o.e.m.c.i.e.AbstractTransferListenerAdapter - Downloaded https://repo.maven.apache.org/maven2/io/netty/netty-transport-native-unix-common/4.1.84.Final/netty-transport-native-unix-common-4.1.84.Final.jar
2025-01-29 23:14:12,652 [BasicRepositoryConnector-repo.maven.apache.org-0-3] INFO  o.e.m.c.i.e.AbstractTransferListenerAdapter - Downloading https://repo.maven.apache.org/maven2/io/opentelemetry/opentelemetry-api/1.19.0/opentelemetry-api-1.19.0.jar
2025-01-29 23:14:12,659 [BasicRepositoryConnector-repo.maven.apache.org-0-1] INFO  o.e.m.c.i.e.AbstractTransferListenerAdapter - Downloading https://repo.maven.apache.org/maven2/io/netty/netty-transport/4.1.84.Final/netty-transport-4.1.84.Final.jar
2025-01-29 23:14:12,660 [BasicRepositoryConnector-repo.maven.apache.org-0-4] INFO  o.e.m.c.i.e.AbstractTransferListenerAdapter - Downloading https://repo.maven.apache.org/maven2/io/netty/netty-resolver/4.1.84.Final/netty-resolver-4.1.84.Final.jar
2025-01-29 23:14:12,711 [BasicRepositoryConnector-repo.maven.apache.org-0-4] INFO  o.e.m.c.i.e.AbstractTransferListenerAdapter - Downloaded https://repo.maven.apache.org/maven2/io/netty/netty-resolver/4.1.84.Final/netty-resolver-4.1.84.Final.jar
2025-01-29 23:14:12,739 [BasicRepositoryConnector-repo.maven.apache.org-0-2] INFO  o.e.m.c.i.e.AbstractTransferListenerAdapter - Downloaded https://repo.maven.apache.org/maven2/org/seleniumhq/selenium/selenium-remote-driver/4.6.0/selenium-remote-driver-4.6.0.jar
2025-01-29 23:14:12,756 [BasicRepositoryConnector-repo.maven.apache.org-0-0] INFO  o.e.m.c.i.e.AbstractTransferListenerAdapter - Downloading https://repo.maven.apache.org/maven2/io/opentelemetry/opentelemetry-context/1.19.0/opentelemetry-context-1.19.0.jar
2025-01-29 23:14:12,786 [BasicRepositoryConnector-repo.maven.apache.org-0-3] INFO  o.e.m.c.i.e.AbstractTransferListenerAdapter - Downloaded https://repo.maven.apache.org/maven2/io/opentelemetry/opentelemetry-api/1.19.0/opentelemetry-api-1.19.0.jar
2025-01-29 23:14:12,788 [BasicRepositoryConnector-repo.maven.apache.org-0-0] INFO  o.e.m.c.i.e.AbstractTransferListenerAdapter - Downloaded https://repo.maven.apache.org/maven2/io/opentelemetry/opentelemetry-context/1.19.0/opentelemetry-context-1.19.0.jar
2025-01-29 23:14:12,815 [BasicRepositoryConnector-repo.maven.apache.org-0-2] INFO  o.e.m.c.i.e.AbstractTransferListenerAdapter - Downloading https://repo.maven.apache.org/maven2/io/opentelemetry/opentelemetry-sdk-metrics/1.19.0/opentelemetry-sdk-metrics-1.19.0.jar
2025-01-29 23:14:12,834 [BasicRepositoryConnector-repo.maven.apache.org-0-4] INFO  o.e.m.c.i.e.AbstractTransferListenerAdapter - Downloading https://repo.maven.apache.org/maven2/io/opentelemetry/opentelemetry-exporter-logging/1.19.0/opentelemetry-exporter-logging-1.19.0.jar
2025-01-29 23:14:12,853 [BasicRepositoryConnector-repo.maven.apache.org-0-0] INFO  o.e.m.c.i.e.AbstractTransferListenerAdapter - Downloading https://repo.maven.apache.org/maven2/io/opentelemetry/opentelemetry-api-logs/1.19.0-alpha/opentelemetry-api-logs-1.19.0-alpha.jar
2025-01-29 23:14:12,866 [BasicRepositoryConnector-repo.maven.apache.org-0-4] INFO  o.e.m.c.i.e.AbstractTransferListenerAdapter - Downloaded https://repo.maven.apache.org/maven2/io/opentelemetry/opentelemetry-exporter-logging/1.19.0/opentelemetry-exporter-logging-1.19.0.jar
2025-01-29 23:14:12,875 [BasicRepositoryConnector-repo.maven.apache.org-0-0] INFO  o.e.m.c.i.e.AbstractTransferListenerAdapter - Downloaded https://repo.maven.apache.org/maven2/io/opentelemetry/opentelemetry-api-logs/1.19.0-alpha/opentelemetry-api-logs-1.19.0-alpha.jar
2025-01-29 23:14:12,884 [BasicRepositoryConnector-repo.maven.apache.org-0-3] INFO  o.e.m.c.i.e.AbstractTransferListenerAdapter - Downloading https://repo.maven.apache.org/maven2/io/opentelemetry/opentelemetry-sdk-logs/1.19.0-alpha/opentelemetry-sdk-logs-1.19.0-alpha.jar
2025-01-29 23:14:12,966 [BasicRepositoryConnector-repo.maven.apache.org-0-4] INFO  o.e.m.c.i.e.AbstractTransferListenerAdapter - Downloading https://repo.maven.apache.org/maven2/io/opentelemetry/opentelemetry-sdk-common/1.19.0/opentelemetry-sdk-common-1.19.0.jar
2025-01-29 23:14:12,968 [BasicRepositoryConnector-repo.maven.apache.org-0-0] INFO  o.e.m.c.i.e.AbstractTransferListenerAdapter - Downloading https://repo.maven.apache.org/maven2/io/opentelemetry/opentelemetry-sdk-extension-autoconfigure-spi/1.19.0/opentelemetry-sdk-extension-autoconfigure-spi-1.19.0.jar
2025-01-29 23:14:13,024 [BasicRepositoryConnector-repo.maven.apache.org-0-3] INFO  o.e.m.c.i.e.AbstractTransferListenerAdapter - Downloaded https://repo.maven.apache.org/maven2/io/opentelemetry/opentelemetry-sdk-logs/1.19.0-alpha/opentelemetry-sdk-logs-1.19.0-alpha.jar
2025-01-29 23:14:13,040 [BasicRepositoryConnector-repo.maven.apache.org-0-0] INFO  o.e.m.c.i.e.AbstractTransferListenerAdapter - Downloaded https://repo.maven.apache.org/maven2/io/opentelemetry/opentelemetry-sdk-extension-autoconfigure-spi/1.19.0/opentelemetry-sdk-extension-autoconfigure-spi-1.19.0.jar
2025-01-29 23:14:13,043 [BasicRepositoryConnector-repo.maven.apache.org-0-4] INFO  o.e.m.c.i.e.AbstractTransferListenerAdapter - Downloaded https://repo.maven.apache.org/maven2/io/opentelemetry/opentelemetry-sdk-common/1.19.0/opentelemetry-sdk-common-1.19.0.jar
2025-01-29 23:14:13,101 [BasicRepositoryConnector-repo.maven.apache.org-0-4] INFO  o.e.m.c.i.e.AbstractTransferListenerAdapter - Downloading https://repo.maven.apache.org/maven2/io/opentelemetry/opentelemetry-sdk-trace/1.19.0/opentelemetry-sdk-trace-1.19.0.jar
2025-01-29 23:14:13,102 [BasicRepositoryConnector-repo.maven.apache.org-0-0] INFO  o.e.m.c.i.e.AbstractTransferListenerAdapter - Downloading https://repo.maven.apache.org/maven2/io/opentelemetry/opentelemetry-exporter-common/1.19.0/opentelemetry-exporter-common-1.19.0.jar
2025-01-29 23:14:13,108 [BasicRepositoryConnector-repo.maven.apache.org-0-3] INFO  o.e.m.c.i.e.AbstractTransferListenerAdapter - Downloading https://repo.maven.apache.org/maven2/io/opentelemetry/opentelemetry-sdk-extension-autoconfigure/1.19.0-alpha/opentelemetry-sdk-extension-autoconfigure-1.19.0-alpha.jar
2025-01-29 23:14:13,111 [BasicRepositoryConnector-repo.maven.apache.org-0-2] INFO  o.e.m.c.i.e.AbstractTransferListenerAdapter - Downloaded https://repo.maven.apache.org/maven2/io/opentelemetry/opentelemetry-sdk-metrics/1.19.0/opentelemetry-sdk-metrics-1.19.0.jar
2025-01-29 23:14:13,175 [BasicRepositoryConnector-repo.maven.apache.org-0-3] INFO  o.e.m.c.i.e.AbstractTransferListenerAdapter - Downloaded https://repo.maven.apache.org/maven2/io/opentelemetry/opentelemetry-sdk-extension-autoconfigure/1.19.0-alpha/opentelemetry-sdk-extension-autoconfigure-1.19.0-alpha.jar
2025-01-29 23:14:13,204 [BasicRepositoryConnector-repo.maven.apache.org-0-0] INFO  o.e.m.c.i.e.AbstractTransferListenerAdapter - Downloaded https://repo.maven.apache.org/maven2/io/opentelemetry/opentelemetry-exporter-common/1.19.0/opentelemetry-exporter-common-1.19.0.jar
2025-01-29 23:14:13,204 [BasicRepositoryConnector-repo.maven.apache.org-0-4] INFO  o.e.m.c.i.e.AbstractTransferListenerAdapter - Downloaded https://repo.maven.apache.org/maven2/io/opentelemetry/opentelemetry-sdk-trace/1.19.0/opentelemetry-sdk-trace-1.19.0.jar
2025-01-29 23:14:13,217 [BasicRepositoryConnector-repo.maven.apache.org-0-1] INFO  o.e.m.c.i.e.AbstractTransferListenerAdapter - Downloaded https://repo.maven.apache.org/maven2/io/netty/netty-transport/4.1.84.Final/netty-transport-4.1.84.Final.jar
2025-01-29 23:14:13,225 [BasicRepositoryConnector-repo.maven.apache.org-0-2] INFO  o.e.m.c.i.e.AbstractTransferListenerAdapter - Downloading https://repo.maven.apache.org/maven2/io/opentelemetry/opentelemetry-sdk/1.19.0/opentelemetry-sdk-1.19.0.jar
2025-01-29 23:14:13,236 [BasicRepositoryConnector-repo.maven.apache.org-0-3] INFO  o.e.m.c.i.e.AbstractTransferListenerAdapter - Downloading https://repo.maven.apache.org/maven2/io/opentelemetry/opentelemetry-semconv/1.19.0-alpha/opentelemetry-semconv-1.19.0-alpha.jar
2025-01-29 23:14:13,242 [BasicRepositoryConnector-repo.maven.apache.org-0-2] INFO  o.e.m.c.i.e.AbstractTransferListenerAdapter - Downloaded https://repo.maven.apache.org/maven2/io/opentelemetry/opentelemetry-sdk/1.19.0/opentelemetry-sdk-1.19.0.jar
2025-01-29 23:14:13,253 [BasicRepositoryConnector-repo.maven.apache.org-0-4] INFO  o.e.m.c.i.e.AbstractTransferListenerAdapter - Downloading https://repo.maven.apache.org/maven2/org/seleniumhq/selenium/selenium-http/4.6.0/selenium-http-4.6.0.jar
2025-01-29 23:14:13,257 [BasicRepositoryConnector-repo.maven.apache.org-0-0] INFO  o.e.m.c.i.e.AbstractTransferListenerAdapter - Downloading https://repo.maven.apache.org/maven2/net/bytebuddy/byte-buddy/1.12.18/byte-buddy-1.12.18.jar
2025-01-29 23:14:13,282 [BasicRepositoryConnector-repo.maven.apache.org-0-1] INFO  o.e.m.c.i.e.AbstractTransferListenerAdapter - Downloading https://repo.maven.apache.org/maven2/dev/failsafe/failsafe/3.3.0/failsafe-3.3.0.jar
2025-01-29 23:14:13,290 [BasicRepositoryConnector-repo.maven.apache.org-0-3] INFO  o.e.m.c.i.e.AbstractTransferListenerAdapter - Downloaded https://repo.maven.apache.org/maven2/io/opentelemetry/opentelemetry-semconv/1.19.0-alpha/opentelemetry-semconv-1.19.0-alpha.jar
2025-01-29 23:14:13,328 [BasicRepositoryConnector-repo.maven.apache.org-0-2] INFO  o.e.m.c.i.e.AbstractTransferListenerAdapter - Downloading https://repo.maven.apache.org/maven2/org/seleniumhq/selenium/selenium-manager/4.6.0/selenium-manager-4.6.0.jar
2025-01-29 23:14:13,404 [BasicRepositoryConnector-repo.maven.apache.org-0-4] INFO  o.e.m.c.i.e.AbstractTransferListenerAdapter - Downloaded https://repo.maven.apache.org/maven2/org/seleniumhq/selenium/selenium-http/4.6.0/selenium-http-4.6.0.jar
2025-01-29 23:14:13,453 [BasicRepositoryConnector-repo.maven.apache.org-0-3] INFO  o.e.m.c.i.e.AbstractTransferListenerAdapter - Downloading https://repo.maven.apache.org/maven2/org/seleniumhq/selenium/selenium-safari-driver/4.6.0/selenium-safari-driver-4.6.0.jar
2025-01-29 23:14:13,475 [BasicRepositoryConnector-repo.maven.apache.org-0-1] INFO  o.e.m.c.i.e.AbstractTransferListenerAdapter - Downloaded https://repo.maven.apache.org/maven2/dev/failsafe/failsafe/3.3.0/failsafe-3.3.0.jar
2025-01-29 23:14:13,498 [BasicRepositoryConnector-repo.maven.apache.org-0-3] INFO  o.e.m.c.i.e.AbstractTransferListenerAdapter - Downloaded https://repo.maven.apache.org/maven2/org/seleniumhq/selenium/selenium-safari-driver/4.6.0/selenium-safari-driver-4.6.0.jar
2025-01-29 23:14:13,584 [BasicRepositoryConnector-repo.maven.apache.org-0-4] INFO  o.e.m.c.i.e.AbstractTransferListenerAdapter - Downloading https://repo.maven.apache.org/maven2/org/seleniumhq/selenium/selenium-support/4.6.0/selenium-support-4.6.0.jar
2025-01-29 23:14:13,616 [BasicRepositoryConnector-repo.maven.apache.org-0-3] INFO  o.e.m.c.i.e.AbstractTransferListenerAdapter - Downloading https://repo.maven.apache.org/maven2/org/apache/logging/log4j/log4j-api/2.17.1/log4j-api-2.17.1.jar
2025-01-29 23:14:13,635 [BasicRepositoryConnector-repo.maven.apache.org-0-1] INFO  o.e.m.c.i.e.AbstractTransferListenerAdapter - Downloading https://repo.maven.apache.org/maven2/commons-io/commons-io/2.6/commons-io-2.6.jar
2025-01-29 23:14:13,705 [BasicRepositoryConnector-repo.maven.apache.org-0-4] INFO  o.e.m.c.i.e.AbstractTransferListenerAdapter - Downloaded https://repo.maven.apache.org/maven2/org/seleniumhq/selenium/selenium-support/4.6.0/selenium-support-4.6.0.jar
2025-01-29 23:14:13,845 [BasicRepositoryConnector-repo.maven.apache.org-0-1] INFO  o.e.m.c.i.e.AbstractTransferListenerAdapter - Downloaded https://repo.maven.apache.org/maven2/commons-io/commons-io/2.6/commons-io-2.6.jar
2025-01-29 23:14:13,871 [BasicRepositoryConnector-repo.maven.apache.org-0-4] INFO  o.e.m.c.i.e.AbstractTransferListenerAdapter - Downloading https://repo.maven.apache.org/maven2/org/apache/logging/log4j/log4j-core/2.17.1/log4j-core-2.17.1.jar
2025-01-29 23:14:14,076 [BasicRepositoryConnector-repo.maven.apache.org-0-1] INFO  o.e.m.c.i.e.AbstractTransferListenerAdapter - Downloading https://repo.maven.apache.org/maven2/org/junit/jupiter/junit-jupiter-api/5.7.2/junit-jupiter-api-5.7.2.jar
2025-01-29 23:14:14,102 [BasicRepositoryConnector-repo.maven.apache.org-0-3] INFO  o.e.m.c.i.e.AbstractTransferListenerAdapter - Downloaded https://repo.maven.apache.org/maven2/org/apache/logging/log4j/log4j-api/2.17.1/log4j-api-2.17.1.jar
2025-01-29 23:14:14,225 [BasicRepositoryConnector-repo.maven.apache.org-0-1] INFO  o.e.m.c.i.e.AbstractTransferListenerAdapter - Downloaded https://repo.maven.apache.org/maven2/org/junit/jupiter/junit-jupiter-api/5.7.2/junit-jupiter-api-5.7.2.jar
2025-01-29 23:14:14,247 [BasicRepositoryConnector-repo.maven.apache.org-0-3] INFO  o.e.m.c.i.e.AbstractTransferListenerAdapter - Downloading https://repo.maven.apache.org/maven2/org/opentest4j/opentest4j/1.2.0/opentest4j-1.2.0.jar
2025-01-29 23:14:14,293 [BasicRepositoryConnector-repo.maven.apache.org-0-3] INFO  o.e.m.c.i.e.AbstractTransferListenerAdapter - Downloaded https://repo.maven.apache.org/maven2/org/opentest4j/opentest4j/1.2.0/opentest4j-1.2.0.jar
2025-01-29 23:14:14,416 [BasicRepositoryConnector-repo.maven.apache.org-0-1] INFO  o.e.m.c.i.e.AbstractTransferListenerAdapter - Downloading https://repo.maven.apache.org/maven2/org/junit/platform/junit-platform-commons/1.7.2/junit-platform-commons-1.7.2.jar
2025-01-29 23:14:14,507 [BasicRepositoryConnector-repo.maven.apache.org-0-1] INFO  o.e.m.c.i.e.AbstractTransferListenerAdapter - Downloaded https://repo.maven.apache.org/maven2/org/junit/platform/junit-platform-commons/1.7.2/junit-platform-commons-1.7.2.jar
2025-01-29 23:14:14,867 [BasicRepositoryConnector-repo.maven.apache.org-0-0] INFO  o.e.m.c.i.e.AbstractTransferListenerAdapter - Downloaded https://repo.maven.apache.org/maven2/net/bytebuddy/byte-buddy/1.12.18/byte-buddy-1.12.18.jar
2025-01-29 23:14:15,062 [BasicRepositoryConnector-repo.maven.apache.org-0-4] INFO  o.e.m.c.i.e.AbstractTransferListenerAdapter - Downloaded https://repo.maven.apache.org/maven2/org/apache/logging/log4j/log4j-core/2.17.1/log4j-core-2.17.1.jar
2025-01-29 23:14:15,090 [BasicRepositoryConnector-repo.maven.apache.org-0-2] INFO  o.e.m.c.i.e.AbstractTransferListenerAdapter - Downloaded https://repo.maven.apache.org/maven2/org/seleniumhq/selenium/selenium-manager/4.6.0/selenium-manager-4.6.0.jar
2025-01-29 23:14:15,381 [Worker-48: Building] INFO  o.e.m.c.i.e.AbstractTransferListenerAdapter - Downloaded https://repo.maven.apache.org/maven2/io/cucumber/cucumber-maven-plugin/7.10.0/cucumber-maven-plugin-7.10.0.pom
2025-01-29 23:14:15,384 [Worker-48: Building] WARN  o.e.m.c.i.embedder.EclipseLogger - The POM for io.cucumber:cucumber-maven-plugin:jar:7.10.0 is missing, no dependency information available
2025-01-29 23:14:15,474 [Worker-48: Building] INFO  o.e.m.c.i.e.AbstractTransferListenerAdapter - Downloaded https://repo.maven.apache.org/maven2/io/cucumber/cucumber-maven-plugin/7.10.0/cucumber-maven-plugin-7.10.0.jar
2025-01-29 23:14:15,480 [Worker-48: Building] WARN  o.e.m.c.i.embedder.EclipseLogger - The POM for io.cucumber:cucumber-maven-plugin:jar:7.10.0 is missing, no dependency information available
2025-01-29 23:14:15,483 [Worker-48: Building] WARN  o.e.m.c.i.embedder.EclipseLogger - The POM for io.cucumber:cucumber-maven-plugin:jar:7.10.0 is missing, no dependency information available
2025-01-29 23:14:15,486 [Worker-48: Building] INFO  o.e.m.c.i.l.LifecycleMappingFactory - Using org.eclipse.m2e.jdt.JarLifecycleMapping lifecycle mapping for MavenProject: com.netmeds:netmeds-automation:1.0-SNAPSHOT @ C:\Users\ADMIN\eclipse-workspace\Netmeds\pom.xml.
2025-01-29 23:14:15,636 [Worker-48: Building] INFO  o.e.m.c.i.l.LifecycleMappingFactory - Using org.eclipse.m2e.jdt.JarLifecycleMapping lifecycle mapping for MavenProject: com.vc:practice:0.0.1-SNAPSHOT @ C:\Users\ADMIN\eclipse-workspace\practice\pom.xml.
2025-01-29 23:14:16,950 [Worker-51: Download sources and javadoc] INFO  o.e.m.c.i.e.AbstractTransferListenerAdapter - Downloading https://repo.maven.apache.org/maven2/io/cucumber/cucumber-java/7.10.0/cucumber-java-7.10.0-sources.jar
2025-01-29 23:14:17,521 [Worker-51: Download sources and javadoc] INFO  o.e.m.c.i.e.AbstractTransferListenerAdapter - Downloaded https://repo.maven.apache.org/maven2/io/cucumber/cucumber-java/7.10.0/cucumber-java-7.10.0-sources.jar
2025-01-29 23:14:17,599 [Worker-51: Download sources and javadoc] INFO  o.e.m.j.internal.DownloadSourcesJob - Downloaded sources for io.cucumber:cucumber-java:7.10.0
2025-01-29 23:14:17,921 [Worker-51: Download sources and javadoc] INFO  o.e.m.c.i.e.AbstractTransferListenerAdapter - Downloading https://repo.maven.apache.org/maven2/io/cucumber/cucumber-core/7.10.0/cucumber-core-7.10.0-sources.jar
2025-01-29 23:14:19,989 [Worker-51: Download sources and javadoc] INFO  o.e.m.c.i.e.AbstractTransferListenerAdapter - Downloaded https://repo.maven.apache.org/maven2/io/cucumber/cucumber-core/7.10.0/cucumber-core-7.10.0-sources.jar
2025-01-29 23:14:19,998 [Worker-51: Download sources and javadoc] INFO  o.e.m.j.internal.DownloadSourcesJob - Downloaded sources for io.cucumber:cucumber-core:7.10.0
2025-01-29 23:14:20,234 [Worker-51: Download sources and javadoc] INFO  o.e.m.c.i.e.AbstractTransferListenerAdapter - Downloading https://repo.maven.apache.org/maven2/io/cucumber/cucumber-gherkin/7.10.0/cucumber-gherkin-7.10.0-sources.jar
2025-01-29 23:14:20,255 [Worker-51: Download sources and javadoc] INFO  o.e.m.c.i.e.AbstractTransferListenerAdapter - Downloaded https://repo.maven.apache.org/maven2/io/cucumber/cucumber-gherkin/7.10.0/cucumber-gherkin-7.10.0-sources.jar
2025-01-29 23:14:20,263 [Worker-51: Download sources and javadoc] INFO  o.e.m.j.internal.DownloadSourcesJob - Downloaded sources for io.cucumber:cucumber-gherkin:7.10.0
2025-01-29 23:14:20,466 [Worker-51: Download sources and javadoc] INFO  o.e.m.c.i.e.AbstractTransferListenerAdapter - Downloading https://repo.maven.apache.org/maven2/io/cucumber/cucumber-gherkin-messages/7.10.0/cucumber-gherkin-messages-7.10.0-sources.jar
2025-01-29 23:14:20,510 [Worker-51: Download sources and javadoc] INFO  o.e.m.c.i.e.AbstractTransferListenerAdapter - Downloaded https://repo.maven.apache.org/maven2/io/cucumber/cucumber-gherkin-messages/7.10.0/cucumber-gherkin-messages-7.10.0-sources.jar
2025-01-29 23:14:20,517 [Worker-51: Download sources and javadoc] INFO  o.e.m.j.internal.DownloadSourcesJob - Downloaded sources for io.cucumber:cucumber-gherkin-messages:7.10.0
2025-01-29 23:14:21,269 [Worker-51: Download sources and javadoc] INFO  o.e.m.c.i.e.AbstractTransferListenerAdapter - Downloading https://repo.maven.apache.org/maven2/io/cucumber/gherkin/25.0.2/gherkin-25.0.2-sources.jar
2025-01-29 23:14:21,457 [Worker-51: Download sources and javadoc] INFO  o.e.m.c.i.e.AbstractTransferListenerAdapter - Downloaded https://repo.maven.apache.org/maven2/io/cucumber/gherkin/25.0.2/gherkin-25.0.2-sources.jar
2025-01-29 23:14:21,482 [Worker-51: Download sources and javadoc] INFO  o.e.m.j.internal.DownloadSourcesJob - Downloaded sources for io.cucumber:gherkin:25.0.2
2025-01-29 23:14:21,715 [Worker-51: Download sources and javadoc] INFO  o.e.m.c.i.e.AbstractTransferListenerAdapter - Downloading https://repo.maven.apache.org/maven2/io/cucumber/messages/19.1.4/messages-19.1.4-sources.jar
2025-01-29 23:14:22,059 [Worker-51: Download sources and javadoc] INFO  o.e.m.c.i.e.AbstractTransferListenerAdapter - Downloaded https://repo.maven.apache.org/maven2/io/cucumber/messages/19.1.4/messages-19.1.4-sources.jar
2025-01-29 23:14:22,217 [Worker-51: Download sources and javadoc] INFO  o.e.m.j.internal.DownloadSourcesJob - Downloaded sources for io.cucumber:messages:19.1.4
2025-01-29 23:14:22,461 [Worker-51: Download sources and javadoc] INFO  o.e.m.c.i.e.AbstractTransferListenerAdapter - Downloading https://repo.maven.apache.org/maven2/io/cucumber/tag-expressions/4.1.0/tag-expressions-4.1.0-sources.jar
2025-01-29 23:14:22,495 [Worker-51: Download sources and javadoc] INFO  o.e.m.c.i.e.AbstractTransferListenerAdapter - Downloaded https://repo.maven.apache.org/maven2/io/cucumber/tag-expressions/4.1.0/tag-expressions-4.1.0-sources.jar
2025-01-29 23:14:22,505 [Worker-51: Download sources and javadoc] INFO  o.e.m.j.internal.DownloadSourcesJob - Downloaded sources for io.cucumber:tag-expressions:4.1.0
2025-01-29 23:14:22,714 [Worker-51: Download sources and javadoc] INFO  o.e.m.c.i.e.AbstractTransferListenerAdapter - Downloading https://repo.maven.apache.org/maven2/io/cucumber/cucumber-expressions/16.1.1/cucumber-expressions-16.1.1-sources.jar
2025-01-29 23:14:22,853 [Worker-51: Download sources and javadoc] INFO  o.e.m.c.i.e.AbstractTransferListenerAdapter - Downloaded https://repo.maven.apache.org/maven2/io/cucumber/cucumber-expressions/16.1.1/cucumber-expressions-16.1.1-sources.jar
2025-01-29 23:14:22,866 [Worker-51: Download sources and javadoc] INFO  o.e.m.j.internal.DownloadSourcesJob - Downloaded sources for io.cucumber:cucumber-expressions:16.1.1
2025-01-29 23:14:23,171 [Worker-51: Download sources and javadoc] INFO  o.e.m.c.i.e.AbstractTransferListenerAdapter - Downloading https://repo.maven.apache.org/maven2/io/cucumber/datatable/7.10.0/datatable-7.10.0-sources.jar
2025-01-29 23:14:23,472 [Worker-51: Download sources and javadoc] INFO  o.e.m.c.i.e.AbstractTransferListenerAdapter - Downloaded https://repo.maven.apache.org/maven2/io/cucumber/datatable/7.10.0/datatable-7.10.0-sources.jar
2025-01-29 23:14:23,491 [Worker-51: Download sources and javadoc] INFO  o.e.m.j.internal.DownloadSourcesJob - Downloaded sources for io.cucumber:datatable:7.10.0
2025-01-29 23:14:23,733 [Worker-51: Download sources and javadoc] INFO  o.e.m.c.i.e.AbstractTransferListenerAdapter - Downloading https://repo.maven.apache.org/maven2/io/cucumber/cucumber-plugin/7.10.0/cucumber-plugin-7.10.0-sources.jar
2025-01-29 23:14:23,772 [Worker-51: Download sources and javadoc] INFO  o.e.m.c.i.e.AbstractTransferListenerAdapter - Downloaded https://repo.maven.apache.org/maven2/io/cucumber/cucumber-plugin/7.10.0/cucumber-plugin-7.10.0-sources.jar
2025-01-29 23:14:23,777 [Worker-51: Download sources and javadoc] INFO  o.e.m.j.internal.DownloadSourcesJob - Downloaded sources for io.cucumber:cucumber-plugin:7.10.0
2025-01-29 23:14:23,982 [Worker-51: Download sources and javadoc] INFO  o.e.m.c.i.e.AbstractTransferListenerAdapter - Downloading https://repo.maven.apache.org/maven2/io/cucumber/docstring/7.10.0/docstring-7.10.0-sources.jar
2025-01-29 23:14:24,003 [Worker-51: Download sources and javadoc] INFO  o.e.m.c.i.e.AbstractTransferListenerAdapter - Downloaded https://repo.maven.apache.org/maven2/io/cucumber/docstring/7.10.0/docstring-7.10.0-sources.jar
2025-01-29 23:14:24,009 [Worker-51: Download sources and javadoc] INFO  o.e.m.j.internal.DownloadSourcesJob - Downloaded sources for io.cucumber:docstring:7.10.0
2025-01-29 23:14:24,224 [Worker-51: Download sources and javadoc] INFO  o.e.m.c.i.e.AbstractTransferListenerAdapter - Downloading https://repo.maven.apache.org/maven2/io/cucumber/html-formatter/20.2.0/html-formatter-20.2.0-sources.jar
2025-01-29 23:14:24,233 [Worker-51: Download sources and javadoc] INFO  o.e.m.c.i.e.AbstractTransferListenerAdapter - Downloaded https://repo.maven.apache.org/maven2/io/cucumber/html-formatter/20.2.0/html-formatter-20.2.0-sources.jar
2025-01-29 23:14:24,238 [Worker-51: Download sources and javadoc] INFO  o.e.m.j.internal.DownloadSourcesJob - Downloaded sources for io.cucumber:html-formatter:20.2.0
2025-01-29 23:14:24,416 [Worker-51: Download sources and javadoc] INFO  o.e.m.c.i.e.AbstractTransferListenerAdapter - Downloading https://repo.maven.apache.org/maven2/io/cucumber/ci-environment/9.1.0/ci-environment-9.1.0-sources.jar
2025-01-29 23:14:24,429 [Worker-51: Download sources and javadoc] INFO  o.e.m.c.i.e.AbstractTransferListenerAdapter - Downloaded https://repo.maven.apache.org/maven2/io/cucumber/ci-environment/9.1.0/ci-environment-9.1.0-sources.jar
2025-01-29 23:14:24,434 [Worker-51: Download sources and javadoc] INFO  o.e.m.j.internal.DownloadSourcesJob - Downloaded sources for io.cucumber:ci-environment:9.1.0
2025-01-29 23:14:24,623 [Worker-51: Download sources and javadoc] INFO  o.e.m.c.i.e.AbstractTransferListenerAdapter - Downloading https://repo.maven.apache.org/maven2/io/cucumber/cucumber-spring/7.10.0/cucumber-spring-7.10.0-sources.jar
2025-01-29 23:14:24,638 [Worker-51: Download sources and javadoc] INFO  o.e.m.c.i.e.AbstractTransferListenerAdapter - Downloaded https://repo.maven.apache.org/maven2/io/cucumber/cucumber-spring/7.10.0/cucumber-spring-7.10.0-sources.jar
2025-01-29 23:14:24,644 [Worker-51: Download sources and javadoc] INFO  o.e.m.j.internal.DownloadSourcesJob - Downloaded sources for io.cucumber:cucumber-spring:7.10.0
2025-01-29 23:14:24,867 [Worker-51: Download sources and javadoc] INFO  o.e.m.c.i.e.AbstractTransferListenerAdapter - Downloading https://repo.maven.apache.org/maven2/io/cucumber/cucumber-testng/7.10.0/cucumber-testng-7.10.0-sources.jar
2025-01-29 23:14:24,884 [Worker-51: Download sources and javadoc] INFO  o.e.m.c.i.e.AbstractTransferListenerAdapter - Downloaded https://repo.maven.apache.org/maven2/io/cucumber/cucumber-testng/7.10.0/cucumber-testng-7.10.0-sources.jar
2025-01-29 23:14:24,888 [Worker-51: Download sources and javadoc] INFO  o.e.m.j.internal.DownloadSourcesJob - Downloaded sources for io.cucumber:cucumber-testng:7.10.0
2025-01-29 23:14:25,102 [Worker-51: Download sources and javadoc] INFO  o.e.m.c.i.e.AbstractTransferListenerAdapter - Downloading https://repo.maven.apache.org/maven2/org/slf4j/slf4j-api/1.7.36/slf4j-api-1.7.36-sources.jar
2025-01-29 23:14:25,194 [Worker-51: Download sources and javadoc] INFO  o.e.m.c.i.e.AbstractTransferListenerAdapter - Downloaded https://repo.maven.apache.org/maven2/org/slf4j/slf4j-api/1.7.36/slf4j-api-1.7.36-sources.jar
2025-01-29 23:14:25,198 [Worker-51: Download sources and javadoc] INFO  o.e.m.j.internal.DownloadSourcesJob - Downloaded sources for org.slf4j:slf4j-api:1.7.36
2025-01-29 23:14:25,409 [Worker-51: Download sources and javadoc] INFO  o.e.m.c.i.e.AbstractTransferListenerAdapter - Downloaded https://repo.maven.apache.org/maven2/org/seleniumhq/selenium/selenium-java/4.6.0/selenium-java-4.6.0-sources.jar
2025-01-29 23:14:25,414 [Worker-51: Download sources and javadoc] ERROR o.e.m.j.internal.DownloadSourcesJob - Could not download sources for org.seleniumhq.selenium:selenium-java:4.6.0
org.eclipse.core.runtime.CoreException: Could not resolve artifact org.seleniumhq.selenium:selenium-java:jar:sources:4.6.0
	at org.eclipse.m2e.core.internal.embedder.MavenImpl.lambda$7(MavenImpl.java:540)
	at org.eclipse.m2e.core.internal.embedder.MavenExecutionContext.executeBare(MavenExecutionContext.java:458)
	at org.eclipse.m2e.core.internal.embedder.MavenExecutionContext.execute(MavenExecutionContext.java:292)
	at org.eclipse.m2e.core.internal.embedder.MavenExecutionContext.execute(MavenExecutionContext.java:278)
	at org.eclipse.m2e.core.internal.embedder.MavenImpl.resolve(MavenImpl.java:509)
	at org.eclipse.m2e.core.internal.embedder.MavenImpl.resolve(MavenImpl.java:494)
	at org.eclipse.m2e.jdt.internal.DownloadSourcesJob.download(DownloadSourcesJob.java:308)
	at org.eclipse.m2e.jdt.internal.DownloadSourcesJob.downloadAttachments(DownloadSourcesJob.java:282)
	at org.eclipse.m2e.jdt.internal.DownloadSourcesJob.downloadMaven(DownloadSourcesJob.java:252)
	at org.eclipse.m2e.jdt.internal.DownloadSourcesJob.downloadFilesAndPopulateToUpdate(DownloadSourcesJob.java:220)
	at org.eclipse.m2e.jdt.internal.DownloadSourcesJob.lambda$0(DownloadSourcesJob.java:149)
	at org.eclipse.m2e.core.internal.embedder.MavenExecutionContext.executeBare(MavenExecutionContext.java:458)
	at org.eclipse.m2e.core.internal.embedder.MavenExecutionContext.execute(MavenExecutionContext.java:339)
	at org.eclipse.m2e.core.internal.embedder.MavenExecutionContext.execute(MavenExecutionContext.java:278)
	at org.eclipse.m2e.core.embedder.IMaven.execute(IMaven.java:300)
	at org.eclipse.m2e.jdt.internal.DownloadSourcesJob.run(DownloadSourcesJob.java:149)
	at org.eclipse.core.internal.jobs.Worker.run(Worker.java:63)
2025-01-29 23:14:25,692 [Worker-51: Download sources and javadoc] INFO  o.e.m.c.i.e.AbstractTransferListenerAdapter - Downloading https://repo.maven.apache.org/maven2/org/seleniumhq/selenium/selenium-api/4.6.0/selenium-api-4.6.0-sources.jar
2025-01-29 23:14:26,037 [Worker-51: Download sources and javadoc] INFO  o.e.m.c.i.e.AbstractTransferListenerAdapter - Downloaded https://repo.maven.apache.org/maven2/org/seleniumhq/selenium/selenium-api/4.6.0/selenium-api-4.6.0-sources.jar
2025-01-29 23:14:26,043 [Worker-51: Download sources and javadoc] INFO  o.e.m.j.internal.DownloadSourcesJob - Downloaded sources for org.seleniumhq.selenium:selenium-api:4.6.0
2025-01-29 23:14:26,221 [Worker-51: Download sources and javadoc] INFO  o.e.m.c.i.e.AbstractTransferListenerAdapter - Downloading https://repo.maven.apache.org/maven2/org/seleniumhq/selenium/selenium-chrome-driver/4.6.0/selenium-chrome-driver-4.6.0-sources.jar
2025-01-29 23:14:26,243 [Worker-51: Download sources and javadoc] INFO  o.e.m.c.i.e.AbstractTransferListenerAdapter - Downloaded https://repo.maven.apache.org/maven2/org/seleniumhq/selenium/selenium-chrome-driver/4.6.0/selenium-chrome-driver-4.6.0-sources.jar
2025-01-29 23:14:26,248 [Worker-51: Download sources and javadoc] INFO  o.e.m.j.internal.DownloadSourcesJob - Downloaded sources for org.seleniumhq.selenium:selenium-chrome-driver:4.6.0
2025-01-29 23:14:26,411 [Worker-51: Download sources and javadoc] INFO  o.e.m.c.i.e.AbstractTransferListenerAdapter - Downloading https://repo.maven.apache.org/maven2/org/seleniumhq/selenium/selenium-chromium-driver/4.6.0/selenium-chromium-driver-4.6.0-sources.jar
2025-01-29 23:14:26,449 [Worker-51: Download sources and javadoc] INFO  o.e.m.c.i.e.AbstractTransferListenerAdapter - Downloaded https://repo.maven.apache.org/maven2/org/seleniumhq/selenium/selenium-chromium-driver/4.6.0/selenium-chromium-driver-4.6.0-sources.jar
2025-01-29 23:14:26,454 [Worker-51: Download sources and javadoc] INFO  o.e.m.j.internal.DownloadSourcesJob - Downloaded sources for org.seleniumhq.selenium:selenium-chromium-driver:4.6.0
2025-01-29 23:14:26,668 [Worker-51: Download sources and javadoc] INFO  o.e.m.c.i.e.AbstractTransferListenerAdapter - Downloading https://repo.maven.apache.org/maven2/org/seleniumhq/selenium/selenium-json/4.6.0/selenium-json-4.6.0-sources.jar
2025-01-29 23:14:26,711 [Worker-51: Download sources and javadoc] INFO  o.e.m.c.i.e.AbstractTransferListenerAdapter - Downloaded https://repo.maven.apache.org/maven2/org/seleniumhq/selenium/selenium-json/4.6.0/selenium-json-4.6.0-sources.jar
2025-01-29 23:14:26,716 [Worker-51: Download sources and javadoc] INFO  o.e.m.j.internal.DownloadSourcesJob - Downloaded sources for org.seleniumhq.selenium:selenium-json:4.6.0
2025-01-29 23:14:26,849 [Worker-51: Download sources and javadoc] INFO  o.e.m.c.i.e.AbstractTransferListenerAdapter - Downloading https://repo.maven.apache.org/maven2/org/seleniumhq/selenium/selenium-devtools-v105/4.6.0/selenium-devtools-v105-4.6.0-sources.jar
2025-01-29 23:14:27,311 [Worker-51: Download sources and javadoc] INFO  o.e.m.c.i.e.AbstractTransferListenerAdapter - Downloaded https://repo.maven.apache.org/maven2/org/seleniumhq/selenium/selenium-devtools-v105/4.6.0/selenium-devtools-v105-4.6.0-sources.jar
2025-01-29 23:14:27,319 [Worker-51: Download sources and javadoc] INFO  o.e.m.j.internal.DownloadSourcesJob - Downloaded sources for org.seleniumhq.selenium:selenium-devtools-v105:4.6.0
2025-01-29 23:14:28,372 [Worker-51: Download sources and javadoc] INFO  o.e.m.c.i.e.AbstractTransferListenerAdapter - Downloading https://repo.maven.apache.org/maven2/org/seleniumhq/selenium/selenium-devtools-v106/4.6.0/selenium-devtools-v106-4.6.0-sources.jar
2025-01-29 23:14:28,678 [Worker-51: Download sources and javadoc] INFO  o.e.m.c.i.e.AbstractTransferListenerAdapter - Downloaded https://repo.maven.apache.org/maven2/org/seleniumhq/selenium/selenium-devtools-v106/4.6.0/selenium-devtools-v106-4.6.0-sources.jar
2025-01-29 23:14:28,684 [Worker-51: Download sources and javadoc] INFO  o.e.m.j.internal.DownloadSourcesJob - Downloaded sources for org.seleniumhq.selenium:selenium-devtools-v106:4.6.0
2025-01-29 23:14:28,897 [Worker-51: Download sources and javadoc] INFO  o.e.m.c.i.e.AbstractTransferListenerAdapter - Downloading https://repo.maven.apache.org/maven2/org/seleniumhq/selenium/selenium-devtools-v107/4.6.0/selenium-devtools-v107-4.6.0-sources.jar
2025-01-29 23:14:29,128 [Worker-51: Download sources and javadoc] INFO  o.e.m.c.i.e.AbstractTransferListenerAdapter - Downloaded https://repo.maven.apache.org/maven2/org/seleniumhq/selenium/selenium-devtools-v107/4.6.0/selenium-devtools-v107-4.6.0-sources.jar
2025-01-29 23:14:29,132 [Worker-51: Download sources and javadoc] INFO  o.e.m.j.internal.DownloadSourcesJob - Downloaded sources for org.seleniumhq.selenium:selenium-devtools-v107:4.6.0
2025-01-29 23:14:29,312 [Worker-51: Download sources and javadoc] INFO  o.e.m.c.i.e.AbstractTransferListenerAdapter - Downloading https://repo.maven.apache.org/maven2/org/seleniumhq/selenium/selenium-devtools-v85/4.6.0/selenium-devtools-v85-4.6.0-sources.jar
2025-01-29 23:14:30,408 [Worker-51: Download sources and javadoc] INFO  o.e.m.c.i.e.AbstractTransferListenerAdapter - Downloaded https://repo.maven.apache.org/maven2/org/seleniumhq/selenium/selenium-devtools-v85/4.6.0/selenium-devtools-v85-4.6.0-sources.jar
2025-01-29 23:14:30,414 [Worker-51: Download sources and javadoc] INFO  o.e.m.j.internal.DownloadSourcesJob - Downloaded sources for org.seleniumhq.selenium:selenium-devtools-v85:4.6.0
2025-01-29 23:14:30,704 [Worker-51: Download sources and javadoc] INFO  o.e.m.c.i.e.AbstractTransferListenerAdapter - Downloading https://repo.maven.apache.org/maven2/org/seleniumhq/selenium/selenium-edge-driver/4.6.0/selenium-edge-driver-4.6.0-sources.jar
2025-01-29 23:14:30,726 [Worker-51: Download sources and javadoc] INFO  o.e.m.c.i.e.AbstractTransferListenerAdapter - Downloaded https://repo.maven.apache.org/maven2/org/seleniumhq/selenium/selenium-edge-driver/4.6.0/selenium-edge-driver-4.6.0-sources.jar
2025-01-29 23:14:30,733 [Worker-51: Download sources and javadoc] INFO  o.e.m.j.internal.DownloadSourcesJob - Downloaded sources for org.seleniumhq.selenium:selenium-edge-driver:4.6.0
2025-01-29 23:14:30,971 [Worker-51: Download sources and javadoc] INFO  o.e.m.c.i.e.AbstractTransferListenerAdapter - Downloading https://repo.maven.apache.org/maven2/org/seleniumhq/selenium/selenium-firefox-driver/4.6.0/selenium-firefox-driver-4.6.0-sources.jar
2025-01-29 23:14:31,204 [Worker-51: Download sources and javadoc] INFO  o.e.m.c.i.e.AbstractTransferListenerAdapter - Downloaded https://repo.maven.apache.org/maven2/org/seleniumhq/selenium/selenium-firefox-driver/4.6.0/selenium-firefox-driver-4.6.0-sources.jar
2025-01-29 23:14:31,274 [Worker-51: Download sources and javadoc] INFO  o.e.m.j.internal.DownloadSourcesJob - Downloaded sources for org.seleniumhq.selenium:selenium-firefox-driver:4.6.0
2025-01-29 23:14:31,434 [Worker-51: Download sources and javadoc] INFO  o.e.m.c.i.e.AbstractTransferListenerAdapter - Downloading https://repo.maven.apache.org/maven2/org/seleniumhq/selenium/selenium-ie-driver/4.6.0/selenium-ie-driver-4.6.0-sources.jar
2025-01-29 23:14:31,464 [Worker-51: Download sources and javadoc] INFO  o.e.m.c.i.e.AbstractTransferListenerAdapter - Downloaded https://repo.maven.apache.org/maven2/org/seleniumhq/selenium/selenium-ie-driver/4.6.0/selenium-ie-driver-4.6.0-sources.jar
2025-01-29 23:14:31,471 [Worker-51: Download sources and javadoc] INFO  o.e.m.j.internal.DownloadSourcesJob - Downloaded sources for org.seleniumhq.selenium:selenium-ie-driver:4.6.0
2025-01-29 23:14:31,880 [Worker-51: Download sources and javadoc] INFO  o.e.m.c.i.e.AbstractTransferListenerAdapter - Downloading https://repo.maven.apache.org/maven2/org/seleniumhq/selenium/selenium-remote-driver/4.6.0/selenium-remote-driver-4.6.0-sources.jar
2025-01-29 23:14:32,299 [Worker-51: Download sources and javadoc] INFO  o.e.m.c.i.e.AbstractTransferListenerAdapter - Downloaded https://repo.maven.apache.org/maven2/org/seleniumhq/selenium/selenium-remote-driver/4.6.0/selenium-remote-driver-4.6.0-sources.jar
2025-01-29 23:14:32,307 [Worker-51: Download sources and javadoc] INFO  o.e.m.j.internal.DownloadSourcesJob - Downloaded sources for org.seleniumhq.selenium:selenium-remote-driver:4.6.0
2025-01-29 23:14:32,555 [Worker-51: Download sources and javadoc] INFO  o.e.m.c.i.e.AbstractTransferListenerAdapter - Downloading https://repo.maven.apache.org/maven2/io/netty/netty-buffer/4.1.84.Final/netty-buffer-4.1.84.Final-sources.jar
2025-01-29 23:14:32,920 [Worker-51: Download sources and javadoc] INFO  o.e.m.c.i.e.AbstractTransferListenerAdapter - Downloaded https://repo.maven.apache.org/maven2/io/netty/netty-buffer/4.1.84.Final/netty-buffer-4.1.84.Final-sources.jar
2025-01-29 23:14:32,924 [Worker-51: Download sources and javadoc] INFO  o.e.m.j.internal.DownloadSourcesJob - Downloaded sources for io.netty:netty-buffer:4.1.84.Final
2025-01-29 23:14:33,141 [Worker-51: Download sources and javadoc] INFO  o.e.m.c.i.e.AbstractTransferListenerAdapter - Downloading https://repo.maven.apache.org/maven2/io/netty/netty-codec-http/4.1.84.Final/netty-codec-http-4.1.84.Final-sources.jar
2025-01-29 23:14:33,919 [Worker-51: Download sources and javadoc] INFO  o.e.m.c.i.e.AbstractTransferListenerAdapter - Downloaded https://repo.maven.apache.org/maven2/io/netty/netty-codec-http/4.1.84.Final/netty-codec-http-4.1.84.Final-sources.jar
2025-01-29 23:14:33,926 [Worker-51: Download sources and javadoc] INFO  o.e.m.j.internal.DownloadSourcesJob - Downloaded sources for io.netty:netty-codec-http:4.1.84.Final
2025-01-29 23:14:34,144 [Worker-51: Download sources and javadoc] INFO  o.e.m.c.i.e.AbstractTransferListenerAdapter - Downloading https://repo.maven.apache.org/maven2/io/netty/netty-codec/4.1.84.Final/netty-codec-4.1.84.Final-sources.jar
2025-01-29 23:14:34,561 [Worker-51: Download sources and javadoc] INFO  o.e.m.c.i.e.AbstractTransferListenerAdapter - Downloaded https://repo.maven.apache.org/maven2/io/netty/netty-codec/4.1.84.Final/netty-codec-4.1.84.Final-sources.jar
2025-01-29 23:14:34,565 [Worker-51: Download sources and javadoc] INFO  o.e.m.j.internal.DownloadSourcesJob - Downloaded sources for io.netty:netty-codec:4.1.84.Final
2025-01-29 23:14:34,771 [Worker-51: Download sources and javadoc] INFO  o.e.m.c.i.e.AbstractTransferListenerAdapter - Downloading https://repo.maven.apache.org/maven2/io/netty/netty-handler/4.1.84.Final/netty-handler-4.1.84.Final-sources.jar
2025-01-29 23:14:35,510 [Worker-51: Download sources and javadoc] INFO  o.e.m.c.i.e.AbstractTransferListenerAdapter - Downloaded https://repo.maven.apache.org/maven2/io/netty/netty-handler/4.1.84.Final/netty-handler-4.1.84.Final-sources.jar
2025-01-29 23:14:35,580 [Worker-51: Download sources and javadoc] INFO  o.e.m.j.internal.DownloadSourcesJob - Downloaded sources for io.netty:netty-handler:4.1.84.Final
2025-01-29 23:14:35,820 [Worker-51: Download sources and javadoc] INFO  o.e.m.c.i.e.AbstractTransferListenerAdapter - Downloading https://repo.maven.apache.org/maven2/io/netty/netty-common/4.1.84.Final/netty-common-4.1.84.Final-sources.jar
2025-01-29 23:14:36,079 [Worker-51: Download sources and javadoc] INFO  o.e.m.c.i.e.AbstractTransferListenerAdapter - Downloaded https://repo.maven.apache.org/maven2/io/netty/netty-common/4.1.84.Final/netty-common-4.1.84.Final-sources.jar
2025-01-29 23:14:36,084 [Worker-51: Download sources and javadoc] INFO  o.e.m.j.internal.DownloadSourcesJob - Downloaded sources for io.netty:netty-common:4.1.84.Final
2025-01-29 23:14:36,245 [Worker-51: Download sources and javadoc] INFO  o.e.m.c.i.e.AbstractTransferListenerAdapter - Downloading https://repo.maven.apache.org/maven2/io/netty/netty-transport-classes-epoll/4.1.84.Final/netty-transport-classes-epoll-4.1.84.Final-sources.jar
2025-01-29 23:14:36,434 [Worker-51: Download sources and javadoc] INFO  o.e.m.c.i.e.AbstractTransferListenerAdapter - Downloaded https://repo.maven.apache.org/maven2/io/netty/netty-transport-classes-epoll/4.1.84.Final/netty-transport-classes-epoll-4.1.84.Final-sources.jar
2025-01-29 23:14:36,438 [Worker-51: Download sources and javadoc] INFO  o.e.m.j.internal.DownloadSourcesJob - Downloaded sources for io.netty:netty-transport-classes-epoll:4.1.84.Final
2025-01-29 23:14:36,662 [Worker-51: Download sources and javadoc] INFO  o.e.m.c.i.e.AbstractTransferListenerAdapter - Downloading https://repo.maven.apache.org/maven2/io/netty/netty-transport-classes-kqueue/4.1.84.Final/netty-transport-classes-kqueue-4.1.84.Final-sources.jar
2025-01-29 23:14:36,824 [Worker-51: Download sources and javadoc] INFO  o.e.m.c.i.e.AbstractTransferListenerAdapter - Downloaded https://repo.maven.apache.org/maven2/io/netty/netty-transport-classes-kqueue/4.1.84.Final/netty-transport-classes-kqueue-4.1.84.Final-sources.jar
2025-01-29 23:14:36,829 [Worker-51: Download sources and javadoc] INFO  o.e.m.j.internal.DownloadSourcesJob - Downloaded sources for io.netty:netty-transport-classes-kqueue:4.1.84.Final
2025-01-29 23:14:37,075 [Worker-51: Download sources and javadoc] INFO  o.e.m.c.i.e.AbstractTransferListenerAdapter - Downloading https://repo.maven.apache.org/maven2/io/netty/netty-transport-native-epoll/4.1.84.Final/netty-transport-native-epoll-4.1.84.Final-sources.jar
2025-01-29 23:14:37,101 [Worker-51: Download sources and javadoc] INFO  o.e.m.c.i.e.AbstractTransferListenerAdapter - Downloaded https://repo.maven.apache.org/maven2/io/netty/netty-transport-native-epoll/4.1.84.Final/netty-transport-native-epoll-4.1.84.Final-sources.jar
2025-01-29 23:14:37,106 [Worker-51: Download sources and javadoc] INFO  o.e.m.j.internal.DownloadSourcesJob - Downloaded sources for io.netty:netty-transport-native-epoll:4.1.84.Final
2025-01-29 23:14:37,286 [Worker-51: Download sources and javadoc] INFO  o.e.m.c.i.e.AbstractTransferListenerAdapter - Downloading https://repo.maven.apache.org/maven2/io/netty/netty-transport-native-kqueue/4.1.84.Final/netty-transport-native-kqueue-4.1.84.Final-sources.jar
2025-01-29 23:14:37,304 [Worker-51: Download sources and javadoc] INFO  o.e.m.c.i.e.AbstractTransferListenerAdapter - Downloaded https://repo.maven.apache.org/maven2/io/netty/netty-transport-native-kqueue/4.1.84.Final/netty-transport-native-kqueue-4.1.84.Final-sources.jar
2025-01-29 23:14:37,309 [Worker-51: Download sources and javadoc] INFO  o.e.m.j.internal.DownloadSourcesJob - Downloaded sources for io.netty:netty-transport-native-kqueue:4.1.84.Final
2025-01-29 23:14:37,512 [Worker-51: Download sources and javadoc] INFO  o.e.m.c.i.e.AbstractTransferListenerAdapter - Downloading https://repo.maven.apache.org/maven2/io/netty/netty-transport-native-unix-common/4.1.84.Final/netty-transport-native-unix-common-4.1.84.Final-sources.jar
2025-01-29 23:14:37,639 [Worker-51: Download sources and javadoc] INFO  o.e.m.c.i.e.AbstractTransferListenerAdapter - Downloaded https://repo.maven.apache.org/maven2/io/netty/netty-transport-native-unix-common/4.1.84.Final/netty-transport-native-unix-common-4.1.84.Final-sources.jar
2025-01-29 23:14:37,644 [Worker-51: Download sources and javadoc] INFO  o.e.m.j.internal.DownloadSourcesJob - Downloaded sources for io.netty:netty-transport-native-unix-common:4.1.84.Final
2025-01-29 23:14:37,824 [Worker-51: Download sources and javadoc] INFO  o.e.m.c.i.e.AbstractTransferListenerAdapter - Downloading https://repo.maven.apache.org/maven2/io/netty/netty-transport/4.1.84.Final/netty-transport-4.1.84.Final-sources.jar
2025-01-29 23:14:38,295 [Worker-51: Download sources and javadoc] INFO  o.e.m.c.i.e.AbstractTransferListenerAdapter - Downloaded https://repo.maven.apache.org/maven2/io/netty/netty-transport/4.1.84.Final/netty-transport-4.1.84.Final-sources.jar
2025-01-29 23:14:38,300 [Worker-51: Download sources and javadoc] INFO  o.e.m.j.internal.DownloadSourcesJob - Downloaded sources for io.netty:netty-transport:4.1.84.Final
2025-01-29 23:14:38,472 [Worker-51: Download sources and javadoc] INFO  o.e.m.c.i.e.AbstractTransferListenerAdapter - Downloading https://repo.maven.apache.org/maven2/io/netty/netty-resolver/4.1.84.Final/netty-resolver-4.1.84.Final-sources.jar
2025-01-29 23:14:38,503 [Worker-51: Download sources and javadoc] INFO  o.e.m.c.i.e.AbstractTransferListenerAdapter - Downloaded https://repo.maven.apache.org/maven2/io/netty/netty-resolver/4.1.84.Final/netty-resolver-4.1.84.Final-sources.jar
2025-01-29 23:14:38,508 [Worker-51: Download sources and javadoc] INFO  o.e.m.j.internal.DownloadSourcesJob - Downloaded sources for io.netty:netty-resolver:4.1.84.Final
2025-01-29 23:14:38,686 [Worker-51: Download sources and javadoc] INFO  o.e.m.c.i.e.AbstractTransferListenerAdapter - Downloading https://repo.maven.apache.org/maven2/io/opentelemetry/opentelemetry-api/1.19.0/opentelemetry-api-1.19.0-sources.jar
2025-01-29 23:14:38,994 [Worker-51: Download sources and javadoc] INFO  o.e.m.c.i.e.AbstractTransferListenerAdapter - Downloaded https://repo.maven.apache.org/maven2/io/opentelemetry/opentelemetry-api/1.19.0/opentelemetry-api-1.19.0-sources.jar
2025-01-29 23:14:39,026 [Worker-51: Download sources and javadoc] INFO  o.e.m.j.internal.DownloadSourcesJob - Downloaded sources for io.opentelemetry:opentelemetry-api:1.19.0
2025-01-29 23:14:39,577 [Worker-49: Building] WARN  o.e.m.c.i.embedder.EclipseLogger - The POM for io.cucumber:cucumber-maven-plugin:jar:7.10.0 is missing, no dependency information available
2025-01-29 23:14:39,589 [Worker-49: Building] WARN  o.e.m.c.i.embedder.EclipseLogger - The POM for io.cucumber:cucumber-maven-plugin:jar:7.10.0 is missing, no dependency information available
2025-01-29 23:14:39,595 [Worker-49: Building] WARN  o.e.m.c.i.embedder.EclipseLogger - The POM for io.cucumber:cucumber-maven-plugin:jar:7.10.0 is missing, no dependency information available
2025-01-29 23:14:39,601 [Worker-49: Building] INFO  o.e.m.c.i.l.LifecycleMappingFactory - Using org.eclipse.m2e.jdt.JarLifecycleMapping lifecycle mapping for MavenProject: com.netmeds:netmeds-automation:1.0-SNAPSHOT @ C:\Users\ADMIN\eclipse-workspace\Netmeds\pom.xml.
2025-01-29 23:14:39,814 [Worker-51: Download sources and javadoc] INFO  o.e.m.c.i.e.AbstractTransferListenerAdapter - Downloading https://repo.maven.apache.org/maven2/io/opentelemetry/opentelemetry-context/1.19.0/opentelemetry-context-1.19.0-sources.jar
2025-01-29 23:14:39,951 [Worker-51: Download sources and javadoc] INFO  o.e.m.c.i.e.AbstractTransferListenerAdapter - Downloaded https://repo.maven.apache.org/maven2/io/opentelemetry/opentelemetry-context/1.19.0/opentelemetry-context-1.19.0-sources.jar
2025-01-29 23:14:39,969 [Worker-51: Download sources and javadoc] INFO  o.e.m.j.internal.DownloadSourcesJob - Downloaded sources for io.opentelemetry:opentelemetry-context:1.19.0
2025-01-29 23:14:40,232 [Worker-51: Download sources and javadoc] INFO  o.e.m.c.i.e.AbstractTransferListenerAdapter - Downloading https://repo.maven.apache.org/maven2/io/opentelemetry/opentelemetry-exporter-logging/1.19.0/opentelemetry-exporter-logging-1.19.0-sources.jar
2025-01-29 23:14:40,291 [Worker-51: Download sources and javadoc] INFO  o.e.m.c.i.e.AbstractTransferListenerAdapter - Downloaded https://repo.maven.apache.org/maven2/io/opentelemetry/opentelemetry-exporter-logging/1.19.0/opentelemetry-exporter-logging-1.19.0-sources.jar
2025-01-29 23:14:40,310 [Worker-51: Download sources and javadoc] INFO  o.e.m.j.internal.DownloadSourcesJob - Downloaded sources for io.opentelemetry:opentelemetry-exporter-logging:1.19.0
2025-01-29 23:14:40,566 [Worker-51: Download sources and javadoc] INFO  o.e.m.c.i.e.AbstractTransferListenerAdapter - Downloading https://repo.maven.apache.org/maven2/io/opentelemetry/opentelemetry-sdk-metrics/1.19.0/opentelemetry-sdk-metrics-1.19.0-sources.jar
2025-01-29 23:14:41,229 [Worker-51: Download sources and javadoc] INFO  o.e.m.c.i.e.AbstractTransferListenerAdapter - Downloaded https://repo.maven.apache.org/maven2/io/opentelemetry/opentelemetry-sdk-metrics/1.19.0/opentelemetry-sdk-metrics-1.19.0-sources.jar
2025-01-29 23:14:41,243 [Worker-51: Download sources and javadoc] INFO  o.e.m.j.internal.DownloadSourcesJob - Downloaded sources for io.opentelemetry:opentelemetry-sdk-metrics:1.19.0
2025-01-29 23:14:41,501 [Worker-51: Download sources and javadoc] INFO  o.e.m.c.i.e.AbstractTransferListenerAdapter - Downloading https://repo.maven.apache.org/maven2/io/opentelemetry/opentelemetry-sdk-logs/1.19.0-alpha/opentelemetry-sdk-logs-1.19.0-alpha-sources.jar
2025-01-29 23:14:41,558 [Worker-51: Download sources and javadoc] INFO  o.e.m.c.i.e.AbstractTransferListenerAdapter - Downloaded https://repo.maven.apache.org/maven2/io/opentelemetry/opentelemetry-sdk-logs/1.19.0-alpha/opentelemetry-sdk-logs-1.19.0-alpha-sources.jar
2025-01-29 23:14:41,567 [Worker-51: Download sources and javadoc] INFO  o.e.m.j.internal.DownloadSourcesJob - Downloaded sources for io.opentelemetry:opentelemetry-sdk-logs:1.19.0-alpha
2025-01-29 23:14:41,740 [Worker-51: Download sources and javadoc] INFO  o.e.m.c.i.e.AbstractTransferListenerAdapter - Downloading https://repo.maven.apache.org/maven2/io/opentelemetry/opentelemetry-api-logs/1.19.0-alpha/opentelemetry-api-logs-1.19.0-alpha-sources.jar
2025-01-29 23:14:41,752 [Worker-51: Download sources and javadoc] INFO  o.e.m.c.i.e.AbstractTransferListenerAdapter - Downloaded https://repo.maven.apache.org/maven2/io/opentelemetry/opentelemetry-api-logs/1.19.0-alpha/opentelemetry-api-logs-1.19.0-alpha-sources.jar
2025-01-29 23:14:41,756 [Worker-51: Download sources and javadoc] INFO  o.e.m.j.internal.DownloadSourcesJob - Downloaded sources for io.opentelemetry:opentelemetry-api-logs:1.19.0-alpha
2025-01-29 23:14:42,021 [Worker-51: Download sources and javadoc] INFO  o.e.m.c.i.e.AbstractTransferListenerAdapter - Downloading https://repo.maven.apache.org/maven2/io/opentelemetry/opentelemetry-sdk-common/1.19.0/opentelemetry-sdk-common-1.19.0-sources.jar
2025-01-29 23:14:42,054 [Worker-51: Download sources and javadoc] INFO  o.e.m.c.i.e.AbstractTransferListenerAdapter - Downloaded https://repo.maven.apache.org/maven2/io/opentelemetry/opentelemetry-sdk-common/1.19.0/opentelemetry-sdk-common-1.19.0-sources.jar
2025-01-29 23:14:42,059 [Worker-51: Download sources and javadoc] INFO  o.e.m.j.internal.DownloadSourcesJob - Downloaded sources for io.opentelemetry:opentelemetry-sdk-common:1.19.0
2025-01-29 23:14:42,205 [Worker-51: Download sources and javadoc] INFO  o.e.m.c.i.e.AbstractTransferListenerAdapter - Downloading https://repo.maven.apache.org/maven2/io/opentelemetry/opentelemetry-sdk-extension-autoconfigure-spi/1.19.0/opentelemetry-sdk-extension-autoconfigure-spi-1.19.0-sources.jar
2025-01-29 23:14:42,221 [Worker-51: Download sources and javadoc] INFO  o.e.m.c.i.e.AbstractTransferListenerAdapter - Downloaded https://repo.maven.apache.org/maven2/io/opentelemetry/opentelemetry-sdk-extension-autoconfigure-spi/1.19.0/opentelemetry-sdk-extension-autoconfigure-spi-1.19.0-sources.jar
2025-01-29 23:14:42,225 [Worker-51: Download sources and javadoc] INFO  o.e.m.j.internal.DownloadSourcesJob - Downloaded sources for io.opentelemetry:opentelemetry-sdk-extension-autoconfigure-spi:1.19.0
2025-01-29 23:14:42,406 [Worker-51: Download sources and javadoc] INFO  o.e.m.c.i.e.AbstractTransferListenerAdapter - Downloading https://repo.maven.apache.org/maven2/io/opentelemetry/opentelemetry-sdk-extension-autoconfigure/1.19.0-alpha/opentelemetry-sdk-extension-autoconfigure-1.19.0-alpha-sources.jar
2025-01-29 23:14:42,438 [Worker-51: Download sources and javadoc] INFO  o.e.m.c.i.e.AbstractTransferListenerAdapter - Downloaded https://repo.maven.apache.org/maven2/io/opentelemetry/opentelemetry-sdk-extension-autoconfigure/1.19.0-alpha/opentelemetry-sdk-extension-autoconfigure-1.19.0-alpha-sources.jar
2025-01-29 23:14:42,444 [Worker-51: Download sources and javadoc] INFO  o.e.m.j.internal.DownloadSourcesJob - Downloaded sources for io.opentelemetry:opentelemetry-sdk-extension-autoconfigure:1.19.0-alpha
2025-01-29 23:14:42,606 [Worker-51: Download sources and javadoc] INFO  o.e.m.c.i.e.AbstractTransferListenerAdapter - Downloading https://repo.maven.apache.org/maven2/io/opentelemetry/opentelemetry-exporter-common/1.19.0/opentelemetry-exporter-common-1.19.0-sources.jar
2025-01-29 23:14:42,732 [Worker-51: Download sources and javadoc] INFO  o.e.m.c.i.e.AbstractTransferListenerAdapter - Downloaded https://repo.maven.apache.org/maven2/io/opentelemetry/opentelemetry-exporter-common/1.19.0/opentelemetry-exporter-common-1.19.0-sources.jar
2025-01-29 23:14:42,737 [Worker-51: Download sources and javadoc] INFO  o.e.m.j.internal.DownloadSourcesJob - Downloaded sources for io.opentelemetry:opentelemetry-exporter-common:1.19.0
2025-01-29 23:14:42,933 [Worker-51: Download sources and javadoc] INFO  o.e.m.c.i.e.AbstractTransferListenerAdapter - Downloading https://repo.maven.apache.org/maven2/io/opentelemetry/opentelemetry-sdk-trace/1.19.0/opentelemetry-sdk-trace-1.19.0-sources.jar
2025-01-29 23:14:43,033 [Worker-51: Download sources and javadoc] INFO  o.e.m.c.i.e.AbstractTransferListenerAdapter - Downloaded https://repo.maven.apache.org/maven2/io/opentelemetry/opentelemetry-sdk-trace/1.19.0/opentelemetry-sdk-trace-1.19.0-sources.jar
2025-01-29 23:14:43,039 [Worker-51: Download sources and javadoc] INFO  o.e.m.j.internal.DownloadSourcesJob - Downloaded sources for io.opentelemetry:opentelemetry-sdk-trace:1.19.0
2025-01-29 23:14:43,273 [Worker-51: Download sources and javadoc] INFO  o.e.m.c.i.e.AbstractTransferListenerAdapter - Downloading https://repo.maven.apache.org/maven2/io/opentelemetry/opentelemetry-sdk/1.19.0/opentelemetry-sdk-1.19.0-sources.jar
2025-01-29 23:14:43,283 [Worker-51: Download sources and javadoc] INFO  o.e.m.c.i.e.AbstractTransferListenerAdapter - Downloaded https://repo.maven.apache.org/maven2/io/opentelemetry/opentelemetry-sdk/1.19.0/opentelemetry-sdk-1.19.0-sources.jar
2025-01-29 23:14:43,288 [Worker-51: Download sources and javadoc] INFO  o.e.m.j.internal.DownloadSourcesJob - Downloaded sources for io.opentelemetry:opentelemetry-sdk:1.19.0
2025-01-29 23:14:43,501 [Worker-51: Download sources and javadoc] INFO  o.e.m.c.i.e.AbstractTransferListenerAdapter - Downloading https://repo.maven.apache.org/maven2/io/opentelemetry/opentelemetry-semconv/1.19.0-alpha/opentelemetry-semconv-1.19.0-alpha-sources.jar
2025-01-29 23:14:43,534 [Worker-51: Download sources and javadoc] INFO  o.e.m.c.i.e.AbstractTransferListenerAdapter - Downloaded https://repo.maven.apache.org/maven2/io/opentelemetry/opentelemetry-semconv/1.19.0-alpha/opentelemetry-semconv-1.19.0-alpha-sources.jar
2025-01-29 23:14:43,539 [Worker-51: Download sources and javadoc] INFO  o.e.m.j.internal.DownloadSourcesJob - Downloaded sources for io.opentelemetry:opentelemetry-semconv:1.19.0-alpha
2025-01-29 23:14:43,696 [Worker-51: Download sources and javadoc] INFO  o.e.m.c.i.e.AbstractTransferListenerAdapter - Downloading https://repo.maven.apache.org/maven2/net/bytebuddy/byte-buddy/1.12.18/byte-buddy-1.12.18-sources.jar
2025-01-29 23:14:44,387 [Worker-51: Download sources and javadoc] INFO  o.e.m.c.i.e.AbstractTransferListenerAdapter - Downloaded https://repo.maven.apache.org/maven2/net/bytebuddy/byte-buddy/1.12.18/byte-buddy-1.12.18-sources.jar
2025-01-29 23:14:44,392 [Worker-51: Download sources and javadoc] INFO  o.e.m.j.internal.DownloadSourcesJob - Downloaded sources for net.bytebuddy:byte-buddy:1.12.18
2025-01-29 23:14:44,597 [Worker-51: Download sources and javadoc] INFO  o.e.m.c.i.e.AbstractTransferListenerAdapter - Downloading https://repo.maven.apache.org/maven2/org/seleniumhq/selenium/selenium-http/4.6.0/selenium-http-4.6.0-sources.jar
2025-01-29 23:14:44,646 [Worker-51: Download sources and javadoc] INFO  o.e.m.c.i.e.AbstractTransferListenerAdapter - Downloaded https://repo.maven.apache.org/maven2/org/seleniumhq/selenium/selenium-http/4.6.0/selenium-http-4.6.0-sources.jar
2025-01-29 23:14:44,655 [Worker-51: Download sources and javadoc] INFO  o.e.m.j.internal.DownloadSourcesJob - Downloaded sources for org.seleniumhq.selenium:selenium-http:4.6.0
2025-01-29 23:14:44,892 [Worker-51: Download sources and javadoc] INFO  o.e.m.c.i.e.AbstractTransferListenerAdapter - Downloading https://repo.maven.apache.org/maven2/dev/failsafe/failsafe/3.3.0/failsafe-3.3.0-sources.jar
2025-01-29 23:14:45,239 [Worker-51: Download sources and javadoc] INFO  o.e.m.c.i.e.AbstractTransferListenerAdapter - Downloaded https://repo.maven.apache.org/maven2/dev/failsafe/failsafe/3.3.0/failsafe-3.3.0-sources.jar
2025-01-29 23:14:45,245 [Worker-51: Download sources and javadoc] INFO  o.e.m.j.internal.DownloadSourcesJob - Downloaded sources for dev.failsafe:failsafe:3.3.0
2025-01-29 23:14:45,514 [Worker-51: Download sources and javadoc] INFO  o.e.m.c.i.e.AbstractTransferListenerAdapter - Downloading https://repo.maven.apache.org/maven2/org/seleniumhq/selenium/selenium-manager/4.6.0/selenium-manager-4.6.0-sources.jar
2025-01-29 23:14:45,530 [Worker-51: Download sources and javadoc] INFO  o.e.m.c.i.e.AbstractTransferListenerAdapter - Downloaded https://repo.maven.apache.org/maven2/org/seleniumhq/selenium/selenium-manager/4.6.0/selenium-manager-4.6.0-sources.jar
2025-01-29 23:14:45,535 [Worker-51: Download sources and javadoc] INFO  o.e.m.j.internal.DownloadSourcesJob - Downloaded sources for org.seleniumhq.selenium:selenium-manager:4.6.0
2025-01-29 23:14:45,743 [Worker-51: Download sources and javadoc] INFO  o.e.m.c.i.e.AbstractTransferListenerAdapter - Downloading https://repo.maven.apache.org/maven2/org/seleniumhq/selenium/selenium-safari-driver/4.6.0/selenium-safari-driver-4.6.0-sources.jar
2025-01-29 23:14:45,779 [Worker-51: Download sources and javadoc] INFO  o.e.m.c.i.e.AbstractTransferListenerAdapter - Downloaded https://repo.maven.apache.org/maven2/org/seleniumhq/selenium/selenium-safari-driver/4.6.0/selenium-safari-driver-4.6.0-sources.jar
2025-01-29 23:14:45,786 [Worker-51: Download sources and javadoc] INFO  o.e.m.j.internal.DownloadSourcesJob - Downloaded sources for org.seleniumhq.selenium:selenium-safari-driver:4.6.0
2025-01-29 23:14:45,968 [Worker-51: Download sources and javadoc] INFO  o.e.m.c.i.e.AbstractTransferListenerAdapter - Downloading https://repo.maven.apache.org/maven2/org/seleniumhq/selenium/selenium-support/4.6.0/selenium-support-4.6.0-sources.jar
2025-01-29 23:14:46,098 [Worker-51: Download sources and javadoc] INFO  o.e.m.c.i.e.AbstractTransferListenerAdapter - Downloaded https://repo.maven.apache.org/maven2/org/seleniumhq/selenium/selenium-support/4.6.0/selenium-support-4.6.0-sources.jar
2025-01-29 23:14:46,103 [Worker-51: Download sources and javadoc] INFO  o.e.m.j.internal.DownloadSourcesJob - Downloaded sources for org.seleniumhq.selenium:selenium-support:4.6.0
2025-01-29 23:14:46,347 [Worker-51: Download sources and javadoc] INFO  o.e.m.c.i.e.AbstractTransferListenerAdapter - Downloading https://repo.maven.apache.org/maven2/commons-io/commons-io/2.6/commons-io-2.6-sources.jar
2025-01-29 23:14:46,763 [Worker-51: Download sources and javadoc] INFO  o.e.m.c.i.e.AbstractTransferListenerAdapter - Downloaded https://repo.maven.apache.org/maven2/commons-io/commons-io/2.6/commons-io-2.6-sources.jar
2025-01-29 23:14:46,770 [Worker-51: Download sources and javadoc] INFO  o.e.m.j.internal.DownloadSourcesJob - Downloaded sources for commons-io:commons-io:2.6
2025-01-29 23:14:47,021 [Worker-51: Download sources and javadoc] INFO  o.e.m.c.i.e.AbstractTransferListenerAdapter - Downloading https://repo.maven.apache.org/maven2/org/apache/logging/log4j/log4j-api/2.17.1/log4j-api-2.17.1-sources.jar
2025-01-29 23:14:47,493 [Worker-51: Download sources and javadoc] INFO  o.e.m.c.i.e.AbstractTransferListenerAdapter - Downloaded https://repo.maven.apache.org/maven2/org/apache/logging/log4j/log4j-api/2.17.1/log4j-api-2.17.1-sources.jar
2025-01-29 23:14:47,499 [Worker-51: Download sources and javadoc] INFO  o.e.m.j.internal.DownloadSourcesJob - Downloaded sources for org.apache.logging.log4j:log4j-api:2.17.1
2025-01-29 23:14:47,746 [Worker-51: Download sources and javadoc] INFO  o.e.m.c.i.e.AbstractTransferListenerAdapter - Downloading https://repo.maven.apache.org/maven2/org/apache/logging/log4j/log4j-core/2.17.1/log4j-core-2.17.1-sources.jar
2025-01-29 23:14:48,108 [Worker-51: Download sources and javadoc] INFO  o.e.m.c.i.e.AbstractTransferListenerAdapter - Downloaded https://repo.maven.apache.org/maven2/org/apache/logging/log4j/log4j-core/2.17.1/log4j-core-2.17.1-sources.jar
2025-01-29 23:14:48,111 [Worker-51: Download sources and javadoc] INFO  o.e.m.j.internal.DownloadSourcesJob - Downloaded sources for org.apache.logging.log4j:log4j-core:2.17.1
2025-01-29 23:14:48,292 [Worker-51: Download sources and javadoc] INFO  o.e.m.c.i.e.AbstractTransferListenerAdapter - Downloading https://repo.maven.apache.org/maven2/org/junit/jupiter/junit-jupiter-api/5.7.2/junit-jupiter-api-5.7.2-sources.jar
2025-01-29 23:14:48,666 [Worker-51: Download sources and javadoc] INFO  o.e.m.c.i.e.AbstractTransferListenerAdapter - Downloaded https://repo.maven.apache.org/maven2/org/junit/jupiter/junit-jupiter-api/5.7.2/junit-jupiter-api-5.7.2-sources.jar
2025-01-29 23:14:48,671 [Worker-51: Download sources and javadoc] INFO  o.e.m.j.internal.DownloadSourcesJob - Downloaded sources for org.junit.jupiter:junit-jupiter-api:5.7.2
2025-01-29 23:14:49,014 [Worker-51: Download sources and javadoc] INFO  o.e.m.c.i.e.AbstractTransferListenerAdapter - Downloading https://repo.maven.apache.org/maven2/org/opentest4j/opentest4j/1.2.0/opentest4j-1.2.0-sources.jar
2025-01-29 23:14:49,027 [Worker-51: Download sources and javadoc] INFO  o.e.m.c.i.e.AbstractTransferListenerAdapter - Downloaded https://repo.maven.apache.org/maven2/org/opentest4j/opentest4j/1.2.0/opentest4j-1.2.0-sources.jar
2025-01-29 23:14:49,031 [Worker-51: Download sources and javadoc] INFO  o.e.m.j.internal.DownloadSourcesJob - Downloaded sources for org.opentest4j:opentest4j:1.2.0
2025-01-29 23:14:49,264 [Worker-51: Download sources and javadoc] INFO  o.e.m.c.i.e.AbstractTransferListenerAdapter - Downloading https://repo.maven.apache.org/maven2/org/junit/platform/junit-platform-commons/1.7.2/junit-platform-commons-1.7.2-sources.jar
2025-01-29 23:14:49,393 [Worker-51: Download sources and javadoc] INFO  o.e.m.c.i.e.AbstractTransferListenerAdapter - Downloaded https://repo.maven.apache.org/maven2/org/junit/platform/junit-platform-commons/1.7.2/junit-platform-commons-1.7.2-sources.jar
2025-01-29 23:14:49,398 [Worker-51: Download sources and javadoc] INFO  o.e.m.j.internal.DownloadSourcesJob - Downloaded sources for org.junit.platform:junit-platform-commons:1.7.2
2025-01-29 23:15:33,943 [Worker-48: Building] INFO  o.e.m.c.i.l.LifecycleMappingFactory - Using org.eclipse.m2e.jdt.JarLifecycleMapping lifecycle mapping for MavenProject: com.vc:test:0.0.1-SNAPSHOT @ C:\Users\ADMIN\eclipse-workspace\Netmeds\pom.xml.
2025-01-29 23:15:35,293 [Worker-48: Building] INFO  o.a.m.s.f.DefaultMavenResourcesFiltering - skip non existing resourceDirectory C:\Users\ADMIN\eclipse-workspace\Netmeds\src\main\resources
2025-01-29 23:15:35,297 [Worker-48: Building] INFO  o.a.m.s.f.DefaultMavenResourcesFiltering - skip non existing resourceDirectory C:\Users\ADMIN\eclipse-workspace\Netmeds\src\test\resources
2025-01-29 23:15:37,220 [Worker-51: Building] INFO  o.a.m.s.f.DefaultMavenResourcesFiltering - skip non existing resourceDirectory C:\Users\ADMIN\eclipse-workspace\Netmeds\src\main\resources
2025-01-29 23:15:37,223 [Worker-51: Building] INFO  o.a.m.s.f.DefaultMavenResourcesFiltering - skip non existing resourceDirectory C:\Users\ADMIN\eclipse-workspace\Netmeds\src\test\resources
2025-01-29 23:19:26,587 [Worker-50: Building] INFO  o.a.m.s.f.DefaultMavenResourcesFiltering - skip non existing resourceDirectory C:\Users\ADMIN\eclipse-workspace\Netmeds\src\main\resources
2025-01-29 23:19:26,591 [Worker-50: Building] INFO  o.a.m.s.f.DefaultMavenResourcesFiltering - skip non existing resourceDirectory C:\Users\ADMIN\eclipse-workspace\Netmeds\src\test\resources
2025-01-29 23:21:55,595 [Worker-40: Building] INFO  o.a.m.s.f.DefaultMavenResourcesFiltering - skip non existing resourceDirectory C:\Users\ADMIN\eclipse-workspace\Netmeds\src\main\resources
2025-01-29 23:21:55,598 [Worker-40: Building] INFO  o.a.m.s.f.DefaultMavenResourcesFiltering - skip non existing resourceDirectory C:\Users\ADMIN\eclipse-workspace\Netmeds\src\test\resources
2025-01-29 23:22:18,524 [Worker-40: Building] INFO  o.a.m.s.f.DefaultMavenResourcesFiltering - skip non existing resourceDirectory C:\Users\ADMIN\eclipse-workspace\Netmeds\src\main\resources
2025-01-29 23:22:18,529 [Worker-40: Building] INFO  o.a.m.s.f.DefaultMavenResourcesFiltering - skip non existing resourceDirectory C:\Users\ADMIN\eclipse-workspace\Netmeds\src\test\resources
2025-01-29 23:22:32,013 [Worker-54: Building] INFO  o.a.m.s.f.DefaultMavenResourcesFiltering - skip non existing resourceDirectory C:\Users\ADMIN\eclipse-workspace\Netmeds\src\main\resources
2025-01-29 23:22:32,015 [Worker-54: Building] INFO  o.a.m.s.f.DefaultMavenResourcesFiltering - skip non existing resourceDirectory C:\Users\ADMIN\eclipse-workspace\Netmeds\src\test\resources
2025-01-29 23:22:53,296 [main] INFO  o.e.m.jdt.internal.UnitTestSupport - Updating New_configuration from maven configuration
2025-01-29 23:22:53,601 [main] INFO  o.e.m.c.i.e.AbstractTransferListenerAdapter - Downloading https://repo.maven.apache.org/maven2/org/apache/maven/surefire/surefire-api/3.3.0/surefire-api-3.3.0.pom
2025-01-29 23:22:53,627 [main] INFO  o.e.m.c.i.e.AbstractTransferListenerAdapter - Downloaded https://repo.maven.apache.org/maven2/org/apache/maven/surefire/surefire-api/3.3.0/surefire-api-3.3.0.pom
2025-01-29 23:22:53,688 [main] INFO  o.e.m.c.i.e.AbstractTransferListenerAdapter - Downloading https://repo.maven.apache.org/maven2/org/apache/maven/surefire/surefire-logger-api/3.3.0/surefire-logger-api-3.3.0.pom
2025-01-29 23:22:53,698 [main] INFO  o.e.m.c.i.e.AbstractTransferListenerAdapter - Downloaded https://repo.maven.apache.org/maven2/org/apache/maven/surefire/surefire-logger-api/3.3.0/surefire-logger-api-3.3.0.pom
2025-01-29 23:22:53,768 [main] INFO  o.e.m.c.i.e.AbstractTransferListenerAdapter - Downloading https://repo.maven.apache.org/maven2/org/apache/maven/surefire/surefire-shared-utils/3.3.0/surefire-shared-utils-3.3.0.pom
2025-01-29 23:22:53,777 [main] INFO  o.e.m.c.i.e.AbstractTransferListenerAdapter - Downloaded https://repo.maven.apache.org/maven2/org/apache/maven/surefire/surefire-shared-utils/3.3.0/surefire-shared-utils-3.3.0.pom
2025-01-29 23:22:53,849 [main] INFO  o.e.m.c.i.e.AbstractTransferListenerAdapter - Downloading https://repo.maven.apache.org/maven2/org/apache/maven/surefire/surefire-extensions-api/3.3.0/surefire-extensions-api-3.3.0.pom
2025-01-29 23:22:53,861 [main] INFO  o.e.m.c.i.e.AbstractTransferListenerAdapter - Downloaded https://repo.maven.apache.org/maven2/org/apache/maven/surefire/surefire-extensions-api/3.3.0/surefire-extensions-api-3.3.0.pom
2025-01-29 23:22:53,930 [main] INFO  o.e.m.c.i.e.AbstractTransferListenerAdapter - Downloading https://repo.maven.apache.org/maven2/org/apache/maven/surefire/maven-surefire-common/3.3.0/maven-surefire-common-3.3.0.pom
2025-01-29 23:22:53,952 [main] INFO  o.e.m.c.i.e.AbstractTransferListenerAdapter - Downloaded https://repo.maven.apache.org/maven2/org/apache/maven/surefire/maven-surefire-common/3.3.0/maven-surefire-common-3.3.0.pom
2025-01-29 23:22:54,009 [main] INFO  o.e.m.c.i.e.AbstractTransferListenerAdapter - Downloading https://repo.maven.apache.org/maven2/org/apache/maven/surefire/surefire-booter/3.3.0/surefire-booter-3.3.0.pom
2025-01-29 23:22:54,020 [main] INFO  o.e.m.c.i.e.AbstractTransferListenerAdapter - Downloaded https://repo.maven.apache.org/maven2/org/apache/maven/surefire/surefire-booter/3.3.0/surefire-booter-3.3.0.pom
2025-01-29 23:22:54,087 [main] INFO  o.e.m.c.i.e.AbstractTransferListenerAdapter - Downloading https://repo.maven.apache.org/maven2/org/apache/maven/surefire/surefire-extensions-spi/3.3.0/surefire-extensions-spi-3.3.0.pom
2025-01-29 23:22:54,098 [main] INFO  o.e.m.c.i.e.AbstractTransferListenerAdapter - Downloaded https://repo.maven.apache.org/maven2/org/apache/maven/surefire/surefire-extensions-spi/3.3.0/surefire-extensions-spi-3.3.0.pom
2025-01-29 23:22:54,172 [main] INFO  o.e.m.c.i.e.AbstractTransferListenerAdapter - Downloading https://repo.maven.apache.org/maven2/org/apache/maven/resolver/maven-resolver-util/1.4.1/maven-resolver-util-1.4.1.pom
2025-01-29 23:22:54,182 [main] INFO  o.e.m.c.i.e.AbstractTransferListenerAdapter - Downloaded https://repo.maven.apache.org/maven2/org/apache/maven/resolver/maven-resolver-util/1.4.1/maven-resolver-util-1.4.1.pom
2025-01-29 23:22:54,249 [main] INFO  o.e.m.c.i.e.AbstractTransferListenerAdapter - Downloading https://repo.maven.apache.org/maven2/org/apache/maven/resolver/maven-resolver/1.4.1/maven-resolver-1.4.1.pom
2025-01-29 23:22:54,271 [main] INFO  o.e.m.c.i.e.AbstractTransferListenerAdapter - Downloaded https://repo.maven.apache.org/maven2/org/apache/maven/resolver/maven-resolver/1.4.1/maven-resolver-1.4.1.pom
2025-01-29 23:22:54,331 [main] INFO  o.e.m.c.i.e.AbstractTransferListenerAdapter - Downloading https://repo.maven.apache.org/maven2/org/apache/maven/maven-parent/33/maven-parent-33.pom
2025-01-29 23:22:54,420 [main] INFO  o.e.m.c.i.e.AbstractTransferListenerAdapter - Downloaded https://repo.maven.apache.org/maven2/org/apache/maven/maven-parent/33/maven-parent-33.pom
2025-01-29 23:22:54,482 [main] INFO  o.e.m.c.i.e.AbstractTransferListenerAdapter - Downloading https://repo.maven.apache.org/maven2/org/apache/maven/resolver/maven-resolver-api/1.4.1/maven-resolver-api-1.4.1.pom
2025-01-29 23:22:54,493 [main] INFO  o.e.m.c.i.e.AbstractTransferListenerAdapter - Downloaded https://repo.maven.apache.org/maven2/org/apache/maven/resolver/maven-resolver-api/1.4.1/maven-resolver-api-1.4.1.pom
2025-01-29 23:22:54,564 [main] INFO  o.e.m.c.i.e.AbstractTransferListenerAdapter - Downloading https://repo.maven.apache.org/maven2/org/apache/maven/shared/maven-common-artifact-filters/3.4.0/maven-common-artifact-filters-3.4.0.pom
2025-01-29 23:22:54,580 [main] INFO  o.e.m.c.i.e.AbstractTransferListenerAdapter - Downloaded https://repo.maven.apache.org/maven2/org/apache/maven/shared/maven-common-artifact-filters/3.4.0/maven-common-artifact-filters-3.4.0.pom
2025-01-29 23:22:54,689 [main] INFO  o.e.m.c.i.e.AbstractTransferListenerAdapter - Downloading https://repo.maven.apache.org/maven2/org/apache/maven/surefire/surefire-api/3.3.0/surefire-api-3.3.0.jar
2025-01-29 23:22:54,892 [main] INFO  o.e.m.c.i.e.AbstractTransferListenerAdapter - Downloaded https://repo.maven.apache.org/maven2/org/apache/maven/surefire/surefire-api/3.3.0/surefire-api-3.3.0.jar
2025-01-29 23:22:54,934 [BasicRepositoryConnector-repo.maven.apache.org-1-0] INFO  o.e.m.c.i.e.AbstractTransferListenerAdapter - Downloading https://repo.maven.apache.org/maven2/org/apache/maven/surefire/surefire-logger-api/3.3.0/surefire-logger-api-3.3.0.jar
2025-01-29 23:22:54,951 [BasicRepositoryConnector-repo.maven.apache.org-1-0] INFO  o.e.m.c.i.e.AbstractTransferListenerAdapter - Downloaded https://repo.maven.apache.org/maven2/org/apache/maven/surefire/surefire-logger-api/3.3.0/surefire-logger-api-3.3.0.jar
2025-01-29 23:22:54,993 [BasicRepositoryConnector-repo.maven.apache.org-1-0] INFO  o.e.m.c.i.e.AbstractTransferListenerAdapter - Downloading https://repo.maven.apache.org/maven2/org/apache/maven/surefire/surefire-extensions-spi/3.3.0/surefire-extensions-spi-3.3.0.jar
2025-01-29 23:22:55,006 [BasicRepositoryConnector-repo.maven.apache.org-1-0] INFO  o.e.m.c.i.e.AbstractTransferListenerAdapter - Downloaded https://repo.maven.apache.org/maven2/org/apache/maven/surefire/surefire-extensions-spi/3.3.0/surefire-extensions-spi-3.3.0.jar
2025-01-29 23:22:55,047 [BasicRepositoryConnector-repo.maven.apache.org-1-0] INFO  o.e.m.c.i.e.AbstractTransferListenerAdapter - Downloading https://repo.maven.apache.org/maven2/org/apache/maven/resolver/maven-resolver-util/1.4.1/maven-resolver-util-1.4.1.jar
2025-01-29 23:22:55,077 [BasicRepositoryConnector-repo.maven.apache.org-1-2] INFO  o.e.m.c.i.e.AbstractTransferListenerAdapter - Downloading https://repo.maven.apache.org/maven2/org/apache/maven/surefire/surefire-extensions-api/3.3.0/surefire-extensions-api-3.3.0.jar
2025-01-29 23:22:55,078 [BasicRepositoryConnector-repo.maven.apache.org-1-4] INFO  o.e.m.c.i.e.AbstractTransferListenerAdapter - Downloading https://repo.maven.apache.org/maven2/org/apache/maven/surefire/surefire-booter/3.3.0/surefire-booter-3.3.0.jar
2025-01-29 23:22:55,079 [BasicRepositoryConnector-repo.maven.apache.org-1-1] INFO  o.e.m.c.i.e.AbstractTransferListenerAdapter - Downloading https://repo.maven.apache.org/maven2/org/apache/maven/surefire/surefire-shared-utils/3.3.0/surefire-shared-utils-3.3.0.jar
2025-01-29 23:22:55,081 [BasicRepositoryConnector-repo.maven.apache.org-1-3] INFO  o.e.m.c.i.e.AbstractTransferListenerAdapter - Downloading https://repo.maven.apache.org/maven2/org/apache/maven/surefire/maven-surefire-common/3.3.0/maven-surefire-common-3.3.0.jar
2025-01-29 23:22:55,116 [BasicRepositoryConnector-repo.maven.apache.org-1-2] INFO  o.e.m.c.i.e.AbstractTransferListenerAdapter - Downloaded https://repo.maven.apache.org/maven2/org/apache/maven/surefire/surefire-extensions-api/3.3.0/surefire-extensions-api-3.3.0.jar
2025-01-29 23:22:55,161 [BasicRepositoryConnector-repo.maven.apache.org-1-2] INFO  o.e.m.c.i.e.AbstractTransferListenerAdapter - Downloading https://repo.maven.apache.org/maven2/org/apache/maven/resolver/maven-resolver-api/1.4.1/maven-resolver-api-1.4.1.jar
2025-01-29 23:22:55,249 [BasicRepositoryConnector-repo.maven.apache.org-1-4] INFO  o.e.m.c.i.e.AbstractTransferListenerAdapter - Downloaded https://repo.maven.apache.org/maven2/org/apache/maven/surefire/surefire-booter/3.3.0/surefire-booter-3.3.0.jar
2025-01-29 23:22:55,307 [BasicRepositoryConnector-repo.maven.apache.org-1-4] INFO  o.e.m.c.i.e.AbstractTransferListenerAdapter - Downloading https://repo.maven.apache.org/maven2/org/apache/maven/shared/maven-common-artifact-filters/3.4.0/maven-common-artifact-filters-3.4.0.jar
2025-01-29 23:22:55,356 [BasicRepositoryConnector-repo.maven.apache.org-1-2] INFO  o.e.m.c.i.e.AbstractTransferListenerAdapter - Downloaded https://repo.maven.apache.org/maven2/org/apache/maven/resolver/maven-resolver-api/1.4.1/maven-resolver-api-1.4.1.jar
2025-01-29 23:22:55,375 [BasicRepositoryConnector-repo.maven.apache.org-1-0] INFO  o.e.m.c.i.e.AbstractTransferListenerAdapter - Downloaded https://repo.maven.apache.org/maven2/org/apache/maven/resolver/maven-resolver-util/1.4.1/maven-resolver-util-1.4.1.jar
2025-01-29 23:22:55,395 [BasicRepositoryConnector-repo.maven.apache.org-1-4] INFO  o.e.m.c.i.e.AbstractTransferListenerAdapter - Downloaded https://repo.maven.apache.org/maven2/org/apache/maven/shared/maven-common-artifact-filters/3.4.0/maven-common-artifact-filters-3.4.0.jar
2025-01-29 23:22:55,488 [BasicRepositoryConnector-repo.maven.apache.org-1-3] INFO  o.e.m.c.i.e.AbstractTransferListenerAdapter - Downloaded https://repo.maven.apache.org/maven2/org/apache/maven/surefire/maven-surefire-common/3.3.0/maven-surefire-common-3.3.0.jar
2025-01-29 23:22:55,956 [BasicRepositoryConnector-repo.maven.apache.org-1-1] INFO  o.e.m.c.i.e.AbstractTransferListenerAdapter - Downloaded https://repo.maven.apache.org/maven2/org/apache/maven/surefire/surefire-shared-utils/3.3.0/surefire-shared-utils-3.3.0.jar
2025-01-29 23:38:05,684 [Worker-47: Building] INFO  o.e.m.c.i.l.LifecycleMappingFactory - Using org.eclipse.m2e.jdt.JarLifecycleMapping lifecycle mapping for MavenProject: com.vc:test:0.0.1-SNAPSHOT @ C:\Users\ADMIN\eclipse-workspace\Netmeds\pom.xml.
2025-01-29 23:38:07,462 [Worker-47: Building] INFO  o.a.m.s.f.DefaultMavenResourcesFiltering - skip non existing resourceDirectory C:\Users\ADMIN\eclipse-workspace\Netmeds\src\main\resources
2025-01-29 23:38:07,466 [Worker-47: Building] INFO  o.a.m.s.f.DefaultMavenResourcesFiltering - skip non existing resourceDirectory C:\Users\ADMIN\eclipse-workspace\Netmeds\src\test\resources
2025-01-29 23:38:08,197 [Worker-61: Building] INFO  o.e.m.c.i.l.LifecycleMappingFactory - Using org.eclipse.m2e.jdt.JarLifecycleMapping lifecycle mapping for MavenProject: com.vc:practice:0.0.1-SNAPSHOT @ C:\Users\ADMIN\eclipse-workspace\practice\pom.xml.
2025-01-29 23:38:08,471 [Worker-61: Building] INFO  o.e.m.c.i.e.AbstractTransferListenerAdapter - Downloading https://repo.maven.apache.org/maven2/org/seleniumhq/selenium/selenium-java/4.11.0/selenium-java-4.11.0.pom
2025-01-29 23:38:08,500 [Worker-61: Building] INFO  o.e.m.c.i.e.AbstractTransferListenerAdapter - Downloaded https://repo.maven.apache.org/maven2/org/seleniumhq/selenium/selenium-java/4.11.0/selenium-java-4.11.0.pom
2025-01-29 23:38:08,564 [Worker-61: Building] INFO  o.e.m.c.i.e.AbstractTransferListenerAdapter - Downloading https://repo.maven.apache.org/maven2/org/seleniumhq/selenium/selenium-api/4.11.0/selenium-api-4.11.0.pom
2025-01-29 23:38:08,623 [Worker-61: Building] INFO  o.e.m.c.i.e.AbstractTransferListenerAdapter - Downloaded https://repo.maven.apache.org/maven2/org/seleniumhq/selenium/selenium-api/4.11.0/selenium-api-4.11.0.pom
2025-03-01 18:18:01,711 [Worker-0: Loading available Gradle versions] INFO  o.e.b.c.i.u.g.PublishedGradleVersions - Gradle version information cache is out-of-date. Trying to update.
2025-03-01 18:18:22,597 [Worker-4: Launching NetmedsFeature.feature] INFO  o.e.m.c.i.e.AbstractTransferListenerAdapter - Downloading https://repo.maven.apache.org/maven2/io/cucumber/messages/maven-metadata.xml
2025-03-01 18:18:22,674 [Worker-4: Launching NetmedsFeature.feature] INFO  o.e.m.c.i.e.AbstractTransferListenerAdapter - Downloaded https://repo.maven.apache.org/maven2/io/cucumber/messages/maven-metadata.xml
2025-03-01 18:18:24,065 [Worker-4: Launching NetmedsFeature.feature] INFO  o.a.m.s.f.DefaultMavenResourcesFiltering - skip non existing resourceDirectory C:\Users\ADMIN\eclipse-workspace\Netmeds\src\main\resources
2025-03-01 18:18:24,071 [Worker-4: Launching NetmedsFeature.feature] INFO  o.a.m.s.f.DefaultMavenResourcesFiltering - skip non existing resourceDirectory C:\Users\ADMIN\eclipse-workspace\Netmeds\src\test\resources
2025-03-01 18:18:25,763 [Worker-15: Building] INFO  o.e.m.c.i.e.AbstractTransferListenerAdapter - Downloading https://repo.maven.apache.org/maven2/org/seleniumhq/selenium/selenium-chrome-driver/4.11.0/selenium-chrome-driver-4.11.0.pom
2025-03-01 18:18:25,786 [Worker-15: Building] INFO  o.e.m.c.i.e.AbstractTransferListenerAdapter - Downloaded https://repo.maven.apache.org/maven2/org/seleniumhq/selenium/selenium-chrome-driver/4.11.0/selenium-chrome-driver-4.11.0.pom
2025-03-01 18:18:25,895 [Worker-15: Building] INFO  o.e.m.c.i.e.AbstractTransferListenerAdapter - Downloading https://repo.maven.apache.org/maven2/org/seleniumhq/selenium/selenium-chromium-driver/4.11.0/selenium-chromium-driver-4.11.0.pom
2025-03-01 18:18:25,909 [Worker-15: Building] INFO  o.e.m.c.i.e.AbstractTransferListenerAdapter - Downloaded https://repo.maven.apache.org/maven2/org/seleniumhq/selenium/selenium-chromium-driver/4.11.0/selenium-chromium-driver-4.11.0.pom
2025-03-01 18:18:25,976 [Worker-15: Building] INFO  o.e.m.c.i.e.AbstractTransferListenerAdapter - Downloading https://repo.maven.apache.org/maven2/org/seleniumhq/selenium/selenium-json/4.11.0/selenium-json-4.11.0.pom
2025-03-01 18:18:25,985 [Worker-15: Building] INFO  o.e.m.c.i.e.AbstractTransferListenerAdapter - Downloaded https://repo.maven.apache.org/maven2/org/seleniumhq/selenium/selenium-json/4.11.0/selenium-json-4.11.0.pom
2025-03-01 18:18:26,059 [Worker-15: Building] INFO  o.e.m.c.i.e.AbstractTransferListenerAdapter - Downloading https://repo.maven.apache.org/maven2/org/seleniumhq/selenium/selenium-remote-driver/4.11.0/selenium-remote-driver-4.11.0.pom
2025-03-01 18:18:26,068 [Worker-15: Building] INFO  o.e.m.c.i.e.AbstractTransferListenerAdapter - Downloaded https://repo.maven.apache.org/maven2/org/seleniumhq/selenium/selenium-remote-driver/4.11.0/selenium-remote-driver-4.11.0.pom
2025-03-01 18:18:26,115 [Worker-15: Building] INFO  o.e.m.c.i.e.AbstractTransferListenerAdapter - Downloading https://repo.maven.apache.org/maven2/io/netty/netty-buffer/4.1.92.Final/netty-buffer-4.1.92.Final.pom
2025-03-01 18:18:26,124 [Worker-15: Building] INFO  o.e.m.c.i.e.AbstractTransferListenerAdapter - Downloaded https://repo.maven.apache.org/maven2/io/netty/netty-buffer/4.1.92.Final/netty-buffer-4.1.92.Final.pom
2025-03-01 18:18:26,176 [Worker-15: Building] INFO  o.e.m.c.i.e.AbstractTransferListenerAdapter - Downloading https://repo.maven.apache.org/maven2/io/netty/netty-parent/4.1.92.Final/netty-parent-4.1.92.Final.pom
2025-03-01 18:18:26,254 [Worker-15: Building] INFO  o.e.m.c.i.e.AbstractTransferListenerAdapter - Downloaded https://repo.maven.apache.org/maven2/io/netty/netty-parent/4.1.92.Final/netty-parent-4.1.92.Final.pom
2025-03-01 18:18:26,336 [Worker-15: Building] INFO  o.e.m.c.i.e.AbstractTransferListenerAdapter - Downloading https://repo.maven.apache.org/maven2/io/netty/netty-common/4.1.92.Final/netty-common-4.1.92.Final.pom
2025-03-01 18:18:26,346 [Worker-15: Building] INFO  o.e.m.c.i.e.AbstractTransferListenerAdapter - Downloaded https://repo.maven.apache.org/maven2/io/netty/netty-common/4.1.92.Final/netty-common-4.1.92.Final.pom
2025-03-01 18:18:26,417 [Worker-15: Building] INFO  o.e.m.c.i.e.AbstractTransferListenerAdapter - Downloading https://repo.maven.apache.org/maven2/io/netty/netty-codec-http/4.1.92.Final/netty-codec-http-4.1.92.Final.pom
2025-03-01 18:18:26,427 [Worker-15: Building] INFO  o.e.m.c.i.e.AbstractTransferListenerAdapter - Downloaded https://repo.maven.apache.org/maven2/io/netty/netty-codec-http/4.1.92.Final/netty-codec-http-4.1.92.Final.pom
2025-03-01 18:18:26,498 [Worker-15: Building] INFO  o.e.m.c.i.e.AbstractTransferListenerAdapter - Downloading https://repo.maven.apache.org/maven2/io/netty/netty-transport/4.1.92.Final/netty-transport-4.1.92.Final.pom
2025-03-01 18:18:26,511 [Worker-15: Building] INFO  o.e.m.c.i.e.AbstractTransferListenerAdapter - Downloaded https://repo.maven.apache.org/maven2/io/netty/netty-transport/4.1.92.Final/netty-transport-4.1.92.Final.pom
2025-03-01 18:18:26,575 [Worker-15: Building] INFO  o.e.m.c.i.e.AbstractTransferListenerAdapter - Downloading https://repo.maven.apache.org/maven2/io/netty/netty-resolver/4.1.92.Final/netty-resolver-4.1.92.Final.pom
2025-03-01 18:18:26,593 [Worker-15: Building] INFO  o.e.m.c.i.e.AbstractTransferListenerAdapter - Downloaded https://repo.maven.apache.org/maven2/io/netty/netty-resolver/4.1.92.Final/netty-resolver-4.1.92.Final.pom
2025-03-01 18:18:26,715 [Worker-15: Building] INFO  o.e.m.c.i.e.AbstractTransferListenerAdapter - Downloading https://repo.maven.apache.org/maven2/io/netty/netty-codec/4.1.92.Final/netty-codec-4.1.92.Final.pom
2025-03-01 18:18:26,725 [Worker-15: Building] INFO  o.e.m.c.i.e.AbstractTransferListenerAdapter - Downloaded https://repo.maven.apache.org/maven2/io/netty/netty-codec/4.1.92.Final/netty-codec-4.1.92.Final.pom
2025-03-01 18:18:26,777 [Worker-15: Building] INFO  o.e.m.c.i.e.AbstractTransferListenerAdapter - Downloading https://repo.maven.apache.org/maven2/io/netty/netty-handler/4.1.92.Final/netty-handler-4.1.92.Final.pom
2025-03-01 18:18:26,787 [Worker-15: Building] INFO  o.e.m.c.i.e.AbstractTransferListenerAdapter - Downloaded https://repo.maven.apache.org/maven2/io/netty/netty-handler/4.1.92.Final/netty-handler-4.1.92.Final.pom
2025-03-01 18:18:26,871 [Worker-15: Building] INFO  o.e.m.c.i.e.AbstractTransferListenerAdapter - Downloading https://repo.maven.apache.org/maven2/io/netty/netty-transport-native-unix-common/4.1.92.Final/netty-transport-native-unix-common-4.1.92.Final.pom
2025-03-01 18:18:26,884 [Worker-15: Building] INFO  o.e.m.c.i.e.AbstractTransferListenerAdapter - Downloaded https://repo.maven.apache.org/maven2/io/netty/netty-transport-native-unix-common/4.1.92.Final/netty-transport-native-unix-common-4.1.92.Final.pom
2025-03-01 18:18:26,928 [Worker-15: Building] INFO  o.e.m.c.i.e.AbstractTransferListenerAdapter - Downloading https://repo.maven.apache.org/maven2/io/netty/netty-transport-classes-epoll/4.1.92.Final/netty-transport-classes-epoll-4.1.92.Final.pom
2025-03-01 18:18:26,938 [Worker-15: Building] INFO  o.e.m.c.i.e.AbstractTransferListenerAdapter - Downloaded https://repo.maven.apache.org/maven2/io/netty/netty-transport-classes-epoll/4.1.92.Final/netty-transport-classes-epoll-4.1.92.Final.pom
2025-03-01 18:18:27,016 [Worker-15: Building] INFO  o.e.m.c.i.e.AbstractTransferListenerAdapter - Downloading https://repo.maven.apache.org/maven2/io/netty/netty-transport-classes-kqueue/4.1.92.Final/netty-transport-classes-kqueue-4.1.92.Final.pom
2025-03-01 18:18:27,030 [Worker-15: Building] INFO  o.e.m.c.i.e.AbstractTransferListenerAdapter - Downloaded https://repo.maven.apache.org/maven2/io/netty/netty-transport-classes-kqueue/4.1.92.Final/netty-transport-classes-kqueue-4.1.92.Final.pom
2025-03-01 18:18:27,135 [Worker-15: Building] INFO  o.e.m.c.i.e.AbstractTransferListenerAdapter - Downloading https://repo.maven.apache.org/maven2/io/netty/netty-transport-native-epoll/4.1.92.Final/netty-transport-native-epoll-4.1.92.Final.pom
2025-03-01 18:18:27,282 [Worker-15: Building] INFO  o.e.m.c.i.e.AbstractTransferListenerAdapter - Downloaded https://repo.maven.apache.org/maven2/io/netty/netty-transport-native-epoll/4.1.92.Final/netty-transport-native-epoll-4.1.92.Final.pom
2025-03-01 18:18:27,450 [Worker-15: Building] INFO  o.e.m.c.i.e.AbstractTransferListenerAdapter - Downloading https://repo.maven.apache.org/maven2/io/netty/netty-transport-native-kqueue/4.1.92.Final/netty-transport-native-kqueue-4.1.92.Final.pom
2025-03-01 18:18:27,471 [Worker-15: Building] INFO  o.e.m.c.i.e.AbstractTransferListenerAdapter - Downloaded https://repo.maven.apache.org/maven2/io/netty/netty-transport-native-kqueue/4.1.92.Final/netty-transport-native-kqueue-4.1.92.Final.pom
2025-03-01 18:18:27,521 [Worker-15: Building] INFO  o.e.m.c.i.e.AbstractTransferListenerAdapter - Downloading https://repo.maven.apache.org/maven2/io/opentelemetry/opentelemetry-api/1.26.0/opentelemetry-api-1.26.0.pom
2025-03-01 18:18:27,532 [Worker-15: Building] INFO  o.e.m.c.i.e.AbstractTransferListenerAdapter - Downloaded https://repo.maven.apache.org/maven2/io/opentelemetry/opentelemetry-api/1.26.0/opentelemetry-api-1.26.0.pom
2025-03-01 18:18:27,576 [Worker-15: Building] INFO  o.e.m.c.i.e.AbstractTransferListenerAdapter - Downloading https://repo.maven.apache.org/maven2/io/opentelemetry/opentelemetry-context/1.26.0/opentelemetry-context-1.26.0.pom
2025-03-01 18:18:27,586 [Worker-15: Building] INFO  o.e.m.c.i.e.AbstractTransferListenerAdapter - Downloaded https://repo.maven.apache.org/maven2/io/opentelemetry/opentelemetry-context/1.26.0/opentelemetry-context-1.26.0.pom
2025-03-01 18:18:27,645 [Worker-15: Building] INFO  o.e.m.c.i.e.AbstractTransferListenerAdapter - Downloading https://repo.maven.apache.org/maven2/io/opentelemetry/opentelemetry-exporter-logging/1.26.0/opentelemetry-exporter-logging-1.26.0.pom
2025-03-01 18:18:27,670 [Worker-15: Building] INFO  o.e.m.c.i.e.AbstractTransferListenerAdapter - Downloaded https://repo.maven.apache.org/maven2/io/opentelemetry/opentelemetry-exporter-logging/1.26.0/opentelemetry-exporter-logging-1.26.0.pom
2025-03-01 18:18:27,737 [Worker-15: Building] INFO  o.e.m.c.i.e.AbstractTransferListenerAdapter - Downloading https://repo.maven.apache.org/maven2/io/opentelemetry/opentelemetry-sdk/1.26.0/opentelemetry-sdk-1.26.0.pom
2025-03-01 18:18:27,763 [Worker-15: Building] INFO  o.e.m.c.i.e.AbstractTransferListenerAdapter - Downloaded https://repo.maven.apache.org/maven2/io/opentelemetry/opentelemetry-sdk/1.26.0/opentelemetry-sdk-1.26.0.pom
2025-03-01 18:18:27,832 [Worker-15: Building] INFO  o.e.m.c.i.e.AbstractTransferListenerAdapter - Downloading https://repo.maven.apache.org/maven2/io/opentelemetry/opentelemetry-sdk-common/1.26.0/opentelemetry-sdk-common-1.26.0.pom
2025-03-01 18:18:27,867 [Worker-15: Building] INFO  o.e.m.c.i.e.AbstractTransferListenerAdapter - Downloaded https://repo.maven.apache.org/maven2/io/opentelemetry/opentelemetry-sdk-common/1.26.0/opentelemetry-sdk-common-1.26.0.pom
2025-03-01 18:18:27,938 [Worker-15: Building] INFO  o.e.m.c.i.e.AbstractTransferListenerAdapter - Downloading https://repo.maven.apache.org/maven2/io/opentelemetry/opentelemetry-semconv/1.26.0-alpha/opentelemetry-semconv-1.26.0-alpha.pom
2025-03-01 18:18:27,951 [Worker-15: Building] INFO  o.e.m.c.i.e.AbstractTransferListenerAdapter - Downloaded https://repo.maven.apache.org/maven2/io/opentelemetry/opentelemetry-semconv/1.26.0-alpha/opentelemetry-semconv-1.26.0-alpha.pom
2025-03-01 18:18:28,025 [Worker-15: Building] INFO  o.e.m.c.i.e.AbstractTransferListenerAdapter - Downloading https://repo.maven.apache.org/maven2/io/opentelemetry/opentelemetry-sdk-trace/1.26.0/opentelemetry-sdk-trace-1.26.0.pom
2025-03-01 18:18:28,043 [Worker-15: Building] INFO  o.e.m.c.i.e.AbstractTransferListenerAdapter - Downloaded https://repo.maven.apache.org/maven2/io/opentelemetry/opentelemetry-sdk-trace/1.26.0/opentelemetry-sdk-trace-1.26.0.pom
2025-03-01 18:18:28,149 [Worker-15: Building] INFO  o.e.m.c.i.e.AbstractTransferListenerAdapter - Downloading https://repo.maven.apache.org/maven2/io/opentelemetry/opentelemetry-sdk-metrics/1.26.0/opentelemetry-sdk-metrics-1.26.0.pom
2025-03-01 18:18:28,218 [Worker-15: Building] INFO  o.e.m.c.i.e.AbstractTransferListenerAdapter - Downloaded https://repo.maven.apache.org/maven2/io/opentelemetry/opentelemetry-sdk-metrics/1.26.0/opentelemetry-sdk-metrics-1.26.0.pom
2025-03-01 18:18:28,273 [Worker-15: Building] INFO  o.e.m.c.i.e.AbstractTransferListenerAdapter - Downloading https://repo.maven.apache.org/maven2/io/opentelemetry/opentelemetry-extension-incubator/1.26.0-alpha/opentelemetry-extension-incubator-1.26.0-alpha.pom
2025-03-01 18:18:28,297 [Worker-15: Building] INFO  o.e.m.c.i.e.AbstractTransferListenerAdapter - Downloaded https://repo.maven.apache.org/maven2/io/opentelemetry/opentelemetry-extension-incubator/1.26.0-alpha/opentelemetry-extension-incubator-1.26.0-alpha.pom
2025-03-01 18:18:28,374 [Worker-15: Building] INFO  o.e.m.c.i.e.AbstractTransferListenerAdapter - Downloading https://repo.maven.apache.org/maven2/io/opentelemetry/opentelemetry-sdk-logs/1.26.0-alpha/opentelemetry-sdk-logs-1.26.0-alpha.pom
2025-03-01 18:18:28,384 [Worker-15: Building] INFO  o.e.m.c.i.e.AbstractTransferListenerAdapter - Downloaded https://repo.maven.apache.org/maven2/io/opentelemetry/opentelemetry-sdk-logs/1.26.0-alpha/opentelemetry-sdk-logs-1.26.0-alpha.pom
2025-03-01 18:18:28,423 [Worker-15: Building] INFO  o.e.m.c.i.e.AbstractTransferListenerAdapter - Downloading https://repo.maven.apache.org/maven2/io/opentelemetry/opentelemetry-api-logs/1.26.0-alpha/opentelemetry-api-logs-1.26.0-alpha.pom
2025-03-01 18:18:28,431 [Worker-15: Building] INFO  o.e.m.c.i.e.AbstractTransferListenerAdapter - Downloaded https://repo.maven.apache.org/maven2/io/opentelemetry/opentelemetry-api-logs/1.26.0-alpha/opentelemetry-api-logs-1.26.0-alpha.pom
2025-03-01 18:18:28,494 [Worker-15: Building] INFO  o.e.m.c.i.e.AbstractTransferListenerAdapter - Downloading https://repo.maven.apache.org/maven2/io/opentelemetry/opentelemetry-api-events/1.26.0-alpha/opentelemetry-api-events-1.26.0-alpha.pom
2025-03-01 18:18:28,503 [Worker-15: Building] INFO  o.e.m.c.i.e.AbstractTransferListenerAdapter - Downloaded https://repo.maven.apache.org/maven2/io/opentelemetry/opentelemetry-api-events/1.26.0-alpha/opentelemetry-api-events-1.26.0-alpha.pom
2025-03-01 18:18:28,542 [Worker-15: Building] INFO  o.e.m.c.i.e.AbstractTransferListenerAdapter - Downloading https://repo.maven.apache.org/maven2/io/opentelemetry/opentelemetry-sdk-extension-autoconfigure-spi/1.26.0/opentelemetry-sdk-extension-autoconfigure-spi-1.26.0.pom
2025-03-01 18:18:28,551 [Worker-15: Building] INFO  o.e.m.c.i.e.AbstractTransferListenerAdapter - Downloaded https://repo.maven.apache.org/maven2/io/opentelemetry/opentelemetry-sdk-extension-autoconfigure-spi/1.26.0/opentelemetry-sdk-extension-autoconfigure-spi-1.26.0.pom
2025-03-01 18:18:28,613 [Worker-15: Building] INFO  o.e.m.c.i.e.AbstractTransferListenerAdapter - Downloading https://repo.maven.apache.org/maven2/io/opentelemetry/opentelemetry-sdk-extension-autoconfigure/1.26.0-alpha/opentelemetry-sdk-extension-autoconfigure-1.26.0-alpha.pom
2025-03-01 18:18:28,623 [Worker-15: Building] INFO  o.e.m.c.i.e.AbstractTransferListenerAdapter - Downloaded https://repo.maven.apache.org/maven2/io/opentelemetry/opentelemetry-sdk-extension-autoconfigure/1.26.0-alpha/opentelemetry-sdk-extension-autoconfigure-1.26.0-alpha.pom
2025-03-01 18:18:28,677 [Worker-15: Building] INFO  o.e.m.c.i.e.AbstractTransferListenerAdapter - Downloading https://repo.maven.apache.org/maven2/net/bytebuddy/byte-buddy/1.14.4/byte-buddy-1.14.4.pom
2025-03-01 18:18:28,688 [Worker-15: Building] INFO  o.e.m.c.i.e.AbstractTransferListenerAdapter - Downloaded https://repo.maven.apache.org/maven2/net/bytebuddy/byte-buddy/1.14.4/byte-buddy-1.14.4.pom
2025-03-01 18:18:28,725 [Worker-15: Building] INFO  o.e.m.c.i.e.AbstractTransferListenerAdapter - Downloading https://repo.maven.apache.org/maven2/net/bytebuddy/byte-buddy-parent/1.14.4/byte-buddy-parent-1.14.4.pom
2025-03-01 18:18:28,749 [Worker-15: Building] INFO  o.e.m.c.i.e.AbstractTransferListenerAdapter - Downloaded https://repo.maven.apache.org/maven2/net/bytebuddy/byte-buddy-parent/1.14.4/byte-buddy-parent-1.14.4.pom
2025-03-01 18:18:29,034 [Worker-15: Building] INFO  o.e.m.c.i.e.AbstractTransferListenerAdapter - Downloading https://repo.maven.apache.org/maven2/org/seleniumhq/selenium/selenium-http/4.11.0/selenium-http-4.11.0.pom
2025-03-01 18:18:29,041 [Worker-15: Building] INFO  o.e.m.c.i.e.AbstractTransferListenerAdapter - Downloaded https://repo.maven.apache.org/maven2/org/seleniumhq/selenium/selenium-http/4.11.0/selenium-http-4.11.0.pom
2025-03-01 18:18:29,103 [Worker-15: Building] INFO  o.e.m.c.i.e.AbstractTransferListenerAdapter - Downloading https://repo.maven.apache.org/maven2/dev/failsafe/failsafe/3.3.1/failsafe-3.3.1.pom
2025-03-01 18:18:29,113 [Worker-15: Building] INFO  o.e.m.c.i.e.AbstractTransferListenerAdapter - Downloaded https://repo.maven.apache.org/maven2/dev/failsafe/failsafe/3.3.1/failsafe-3.3.1.pom
2025-03-01 18:18:29,174 [Worker-15: Building] INFO  o.e.m.c.i.e.AbstractTransferListenerAdapter - Downloading https://repo.maven.apache.org/maven2/dev/failsafe/failsafe-parent/3.3.1/failsafe-parent-3.3.1.pom
2025-03-01 18:18:29,183 [Worker-15: Building] INFO  o.e.m.c.i.e.AbstractTransferListenerAdapter - Downloaded https://repo.maven.apache.org/maven2/dev/failsafe/failsafe-parent/3.3.1/failsafe-parent-3.3.1.pom
2025-03-01 18:18:29,234 [Worker-15: Building] INFO  o.e.m.c.i.e.AbstractTransferListenerAdapter - Downloading https://repo.maven.apache.org/maven2/org/seleniumhq/selenium/selenium-manager/4.11.0/selenium-manager-4.11.0.pom
2025-03-01 18:18:29,244 [Worker-15: Building] INFO  o.e.m.c.i.e.AbstractTransferListenerAdapter - Downloaded https://repo.maven.apache.org/maven2/org/seleniumhq/selenium/selenium-manager/4.11.0/selenium-manager-4.11.0.pom
2025-03-01 18:18:29,294 [Worker-15: Building] INFO  o.e.m.c.i.e.AbstractTransferListenerAdapter - Downloading https://repo.maven.apache.org/maven2/org/seleniumhq/selenium/selenium-devtools-v113/4.11.0/selenium-devtools-v113-4.11.0.pom
2025-03-01 18:18:29,301 [Worker-15: Building] INFO  o.e.m.c.i.e.AbstractTransferListenerAdapter - Downloaded https://repo.maven.apache.org/maven2/org/seleniumhq/selenium/selenium-devtools-v113/4.11.0/selenium-devtools-v113-4.11.0.pom
2025-03-01 18:18:29,344 [Worker-15: Building] INFO  o.e.m.c.i.e.AbstractTransferListenerAdapter - Downloading https://repo.maven.apache.org/maven2/org/seleniumhq/selenium/selenium-devtools-v114/4.11.0/selenium-devtools-v114-4.11.0.pom
2025-03-01 18:18:29,352 [Worker-15: Building] INFO  o.e.m.c.i.e.AbstractTransferListenerAdapter - Downloaded https://repo.maven.apache.org/maven2/org/seleniumhq/selenium/selenium-devtools-v114/4.11.0/selenium-devtools-v114-4.11.0.pom
2025-03-01 18:18:29,413 [Worker-15: Building] INFO  o.e.m.c.i.e.AbstractTransferListenerAdapter - Downloading https://repo.maven.apache.org/maven2/org/seleniumhq/selenium/selenium-devtools-v115/4.11.0/selenium-devtools-v115-4.11.0.pom
2025-03-01 18:18:29,423 [Worker-15: Building] INFO  o.e.m.c.i.e.AbstractTransferListenerAdapter - Downloaded https://repo.maven.apache.org/maven2/org/seleniumhq/selenium/selenium-devtools-v115/4.11.0/selenium-devtools-v115-4.11.0.pom
2025-03-01 18:18:29,463 [Worker-15: Building] INFO  o.e.m.c.i.e.AbstractTransferListenerAdapter - Downloading https://repo.maven.apache.org/maven2/org/seleniumhq/selenium/selenium-devtools-v85/4.11.0/selenium-devtools-v85-4.11.0.pom
2025-03-01 18:18:29,474 [Worker-15: Building] INFO  o.e.m.c.i.e.AbstractTransferListenerAdapter - Downloaded https://repo.maven.apache.org/maven2/org/seleniumhq/selenium/selenium-devtools-v85/4.11.0/selenium-devtools-v85-4.11.0.pom
2025-03-01 18:18:29,546 [Worker-15: Building] INFO  o.e.m.c.i.e.AbstractTransferListenerAdapter - Downloading https://repo.maven.apache.org/maven2/org/seleniumhq/selenium/selenium-edge-driver/4.11.0/selenium-edge-driver-4.11.0.pom
2025-03-01 18:18:29,556 [Worker-15: Building] INFO  o.e.m.c.i.e.AbstractTransferListenerAdapter - Downloaded https://repo.maven.apache.org/maven2/org/seleniumhq/selenium/selenium-edge-driver/4.11.0/selenium-edge-driver-4.11.0.pom
2025-03-01 18:18:29,630 [Worker-15: Building] INFO  o.e.m.c.i.e.AbstractTransferListenerAdapter - Downloading https://repo.maven.apache.org/maven2/org/seleniumhq/selenium/selenium-firefox-driver/4.11.0/selenium-firefox-driver-4.11.0.pom
2025-03-01 18:18:29,642 [Worker-15: Building] INFO  o.e.m.c.i.e.AbstractTransferListenerAdapter - Downloaded https://repo.maven.apache.org/maven2/org/seleniumhq/selenium/selenium-firefox-driver/4.11.0/selenium-firefox-driver-4.11.0.pom
2025-03-01 18:18:29,694 [Worker-15: Building] INFO  o.e.m.c.i.e.AbstractTransferListenerAdapter - Downloading https://repo.maven.apache.org/maven2/org/seleniumhq/selenium/selenium-ie-driver/4.11.0/selenium-ie-driver-4.11.0.pom
2025-03-01 18:18:29,704 [Worker-15: Building] INFO  o.e.m.c.i.e.AbstractTransferListenerAdapter - Downloaded https://repo.maven.apache.org/maven2/org/seleniumhq/selenium/selenium-ie-driver/4.11.0/selenium-ie-driver-4.11.0.pom
2025-03-01 18:18:29,775 [Worker-15: Building] INFO  o.e.m.c.i.e.AbstractTransferListenerAdapter - Downloading https://repo.maven.apache.org/maven2/org/seleniumhq/selenium/selenium-safari-driver/4.11.0/selenium-safari-driver-4.11.0.pom
2025-03-01 18:18:29,782 [Worker-15: Building] INFO  o.e.m.c.i.e.AbstractTransferListenerAdapter - Downloaded https://repo.maven.apache.org/maven2/org/seleniumhq/selenium/selenium-safari-driver/4.11.0/selenium-safari-driver-4.11.0.pom
2025-03-01 18:18:29,824 [Worker-15: Building] INFO  o.e.m.c.i.e.AbstractTransferListenerAdapter - Downloading https://repo.maven.apache.org/maven2/org/seleniumhq/selenium/selenium-support/4.11.0/selenium-support-4.11.0.pom
2025-03-01 18:18:29,833 [Worker-15: Building] INFO  o.e.m.c.i.e.AbstractTransferListenerAdapter - Downloaded https://repo.maven.apache.org/maven2/org/seleniumhq/selenium/selenium-support/4.11.0/selenium-support-4.11.0.pom
2025-03-01 18:18:29,902 [Worker-15: Building] INFO  o.e.m.c.i.e.AbstractTransferListenerAdapter - Downloading https://repo.maven.apache.org/maven2/io/github/bonigarcia/webdrivermanager/5.9.2/webdrivermanager-5.9.2.pom
2025-03-01 18:18:29,915 [Worker-15: Building] INFO  o.e.m.c.i.e.AbstractTransferListenerAdapter - Downloaded https://repo.maven.apache.org/maven2/io/github/bonigarcia/webdrivermanager/5.9.2/webdrivermanager-5.9.2.pom
2025-03-01 18:18:29,968 [Worker-15: Building] INFO  o.e.m.c.i.e.AbstractTransferListenerAdapter - Downloading https://repo.maven.apache.org/maven2/org/slf4j/slf4j-api/2.0.13/slf4j-api-2.0.13.pom
2025-03-01 18:18:29,975 [Worker-15: Building] INFO  o.e.m.c.i.e.AbstractTransferListenerAdapter - Downloaded https://repo.maven.apache.org/maven2/org/slf4j/slf4j-api/2.0.13/slf4j-api-2.0.13.pom
2025-03-01 18:18:30,013 [Worker-15: Building] INFO  o.e.m.c.i.e.AbstractTransferListenerAdapter - Downloading https://repo.maven.apache.org/maven2/org/slf4j/slf4j-parent/2.0.13/slf4j-parent-2.0.13.pom
2025-03-01 18:18:30,029 [Worker-15: Building] INFO  o.e.m.c.i.e.AbstractTransferListenerAdapter - Downloaded https://repo.maven.apache.org/maven2/org/slf4j/slf4j-parent/2.0.13/slf4j-parent-2.0.13.pom
2025-03-01 18:18:30,088 [Worker-15: Building] INFO  o.e.m.c.i.e.AbstractTransferListenerAdapter - Downloading https://repo.maven.apache.org/maven2/org/slf4j/slf4j-bom/2.0.13/slf4j-bom-2.0.13.pom
2025-03-01 18:18:30,098 [Worker-15: Building] INFO  o.e.m.c.i.e.AbstractTransferListenerAdapter - Downloaded https://repo.maven.apache.org/maven2/org/slf4j/slf4j-bom/2.0.13/slf4j-bom-2.0.13.pom
2025-03-01 18:18:30,142 [Worker-15: Building] INFO  o.e.m.c.i.e.AbstractTransferListenerAdapter - Downloading https://repo.maven.apache.org/maven2/com/google/code/gson/gson/2.11.0/gson-2.11.0.pom
2025-03-01 18:18:30,151 [Worker-15: Building] INFO  o.e.m.c.i.e.AbstractTransferListenerAdapter - Downloaded https://repo.maven.apache.org/maven2/com/google/code/gson/gson/2.11.0/gson-2.11.0.pom
2025-03-01 18:18:30,225 [Worker-15: Building] INFO  o.e.m.c.i.e.AbstractTransferListenerAdapter - Downloading https://repo.maven.apache.org/maven2/com/google/code/gson/gson-parent/2.11.0/gson-parent-2.11.0.pom
2025-03-01 18:18:30,244 [Worker-15: Building] INFO  o.e.m.c.i.e.AbstractTransferListenerAdapter - Downloaded https://repo.maven.apache.org/maven2/com/google/code/gson/gson-parent/2.11.0/gson-parent-2.11.0.pom
2025-03-01 18:18:30,309 [Worker-15: Building] INFO  o.e.m.c.i.e.AbstractTransferListenerAdapter - Downloading https://repo.maven.apache.org/maven2/com/google/errorprone/error_prone_annotations/2.27.0/error_prone_annotations-2.27.0.pom
2025-03-01 18:18:30,321 [Worker-15: Building] INFO  o.e.m.c.i.e.AbstractTransferListenerAdapter - Downloaded https://repo.maven.apache.org/maven2/com/google/errorprone/error_prone_annotations/2.27.0/error_prone_annotations-2.27.0.pom
2025-03-01 18:18:30,375 [Worker-15: Building] INFO  o.e.m.c.i.e.AbstractTransferListenerAdapter - Downloading https://repo.maven.apache.org/maven2/com/google/errorprone/error_prone_parent/2.27.0/error_prone_parent-2.27.0.pom
2025-03-01 18:18:30,387 [Worker-15: Building] INFO  o.e.m.c.i.e.AbstractTransferListenerAdapter - Downloaded https://repo.maven.apache.org/maven2/com/google/errorprone/error_prone_parent/2.27.0/error_prone_parent-2.27.0.pom
2025-03-01 18:18:30,453 [Worker-15: Building] INFO  o.e.m.c.i.e.AbstractTransferListenerAdapter - Downloading https://repo.maven.apache.org/maven2/com/github/docker-java/docker-java/3.4.0/docker-java-3.4.0.pom
2025-03-01 18:18:30,466 [Worker-15: Building] INFO  o.e.m.c.i.e.AbstractTransferListenerAdapter - Downloaded https://repo.maven.apache.org/maven2/com/github/docker-java/docker-java/3.4.0/docker-java-3.4.0.pom
2025-03-01 18:18:30,527 [Worker-15: Building] INFO  o.e.m.c.i.e.AbstractTransferListenerAdapter - Downloading https://repo.maven.apache.org/maven2/com/github/docker-java/docker-java-parent/3.4.0/docker-java-parent-3.4.0.pom
2025-03-01 18:18:30,546 [Worker-15: Building] INFO  o.e.m.c.i.e.AbstractTransferListenerAdapter - Downloaded https://repo.maven.apache.org/maven2/com/github/docker-java/docker-java-parent/3.4.0/docker-java-parent-3.4.0.pom
2025-03-01 18:18:30,607 [Worker-15: Building] INFO  o.e.m.c.i.e.AbstractTransferListenerAdapter - Downloading https://repo.maven.apache.org/maven2/com/github/docker-java/docker-java-core/3.4.0/docker-java-core-3.4.0.pom
2025-03-01 18:18:30,616 [Worker-15: Building] INFO  o.e.m.c.i.e.AbstractTransferListenerAdapter - Downloaded https://repo.maven.apache.org/maven2/com/github/docker-java/docker-java-core/3.4.0/docker-java-core-3.4.0.pom
2025-03-01 18:18:30,653 [Worker-15: Building] INFO  o.e.m.c.i.e.AbstractTransferListenerAdapter - Downloading https://repo.maven.apache.org/maven2/com/github/docker-java/docker-java-api/3.4.0/docker-java-api-3.4.0.pom
2025-03-01 18:18:30,665 [Worker-15: Building] INFO  o.e.m.c.i.e.AbstractTransferListenerAdapter - Downloaded https://repo.maven.apache.org/maven2/com/github/docker-java/docker-java-api/3.4.0/docker-java-api-3.4.0.pom
2025-03-01 18:18:30,728 [Worker-15: Building] INFO  o.e.m.c.i.e.AbstractTransferListenerAdapter - Downloading https://repo.maven.apache.org/maven2/com/github/docker-java/docker-java-transport/3.4.0/docker-java-transport-3.4.0.pom
2025-03-01 18:18:30,743 [Worker-15: Building] INFO  o.e.m.c.i.e.AbstractTransferListenerAdapter - Downloaded https://repo.maven.apache.org/maven2/com/github/docker-java/docker-java-transport/3.4.0/docker-java-transport-3.4.0.pom
2025-03-01 18:18:30,830 [Worker-15: Building] INFO  o.e.m.c.i.e.AbstractTransferListenerAdapter - Downloading https://repo.maven.apache.org/maven2/commons-io/commons-io/2.13.0/commons-io-2.13.0.pom
2025-03-01 18:18:30,862 [Worker-15: Building] INFO  o.e.m.c.i.e.AbstractTransferListenerAdapter - Downloaded https://repo.maven.apache.org/maven2/commons-io/commons-io/2.13.0/commons-io-2.13.0.pom
2025-03-01 18:18:30,900 [Worker-15: Building] INFO  o.e.m.c.i.e.AbstractTransferListenerAdapter - Downloading https://repo.maven.apache.org/maven2/org/apache/commons/commons-parent/58/commons-parent-58.pom
2025-03-01 18:18:30,932 [Worker-15: Building] INFO  o.e.m.c.i.e.AbstractTransferListenerAdapter - Downloaded https://repo.maven.apache.org/maven2/org/apache/commons/commons-parent/58/commons-parent-58.pom
2025-03-01 18:18:31,009 [Worker-15: Building] INFO  o.e.m.c.i.e.AbstractTransferListenerAdapter - Downloading https://repo.maven.apache.org/maven2/com/github/docker-java/docker-java-transport-httpclient5/3.4.0/docker-java-transport-httpclient5-3.4.0.pom
2025-03-01 18:18:31,021 [Worker-15: Building] INFO  o.e.m.c.i.e.AbstractTransferListenerAdapter - Downloaded https://repo.maven.apache.org/maven2/com/github/docker-java/docker-java-transport-httpclient5/3.4.0/docker-java-transport-httpclient5-3.4.0.pom
2025-03-01 18:18:31,087 [Worker-15: Building] INFO  o.e.m.c.i.e.AbstractTransferListenerAdapter - Downloading https://repo.maven.apache.org/maven2/org/apache/httpcomponents/core5/httpcore5-h2/5.0.2/httpcore5-h2-5.0.2.pom
2025-03-01 18:18:31,096 [Worker-15: Building] INFO  o.e.m.c.i.e.AbstractTransferListenerAdapter - Downloaded https://repo.maven.apache.org/maven2/org/apache/httpcomponents/core5/httpcore5-h2/5.0.2/httpcore5-h2-5.0.2.pom
2025-03-01 18:18:31,171 [Worker-15: Building] INFO  o.e.m.c.i.e.AbstractTransferListenerAdapter - Downloading https://repo.maven.apache.org/maven2/net/java/dev/jna/jna/5.13.0/jna-5.13.0.pom
2025-03-01 18:18:31,180 [Worker-15: Building] INFO  o.e.m.c.i.e.AbstractTransferListenerAdapter - Downloaded https://repo.maven.apache.org/maven2/net/java/dev/jna/jna/5.13.0/jna-5.13.0.pom
2025-03-01 18:18:31,251 [Worker-15: Building] INFO  o.e.m.c.i.e.AbstractTransferListenerAdapter - Downloading https://repo.maven.apache.org/maven2/org/apache/commons/commons-lang3/3.15.0/commons-lang3-3.15.0.pom
2025-03-01 18:18:31,274 [Worker-15: Building] INFO  o.e.m.c.i.e.AbstractTransferListenerAdapter - Downloaded https://repo.maven.apache.org/maven2/org/apache/commons/commons-lang3/3.15.0/commons-lang3-3.15.0.pom
2025-03-01 18:18:31,325 [Worker-15: Building] INFO  o.e.m.c.i.e.AbstractTransferListenerAdapter - Downloading https://repo.maven.apache.org/maven2/org/apache/commons/commons-parent/71/commons-parent-71.pom
2025-03-01 18:18:31,351 [Worker-15: Building] INFO  o.e.m.c.i.e.AbstractTransferListenerAdapter - Downloaded https://repo.maven.apache.org/maven2/org/apache/commons/commons-parent/71/commons-parent-71.pom
2025-03-01 18:18:31,406 [Worker-15: Building] INFO  o.e.m.c.i.e.AbstractTransferListenerAdapter - Downloading https://repo.maven.apache.org/maven2/org/junit/junit-bom/5.11.0-M2/junit-bom-5.11.0-M2.pom
2025-03-01 18:18:31,415 [Worker-15: Building] INFO  o.e.m.c.i.e.AbstractTransferListenerAdapter - Downloaded https://repo.maven.apache.org/maven2/org/junit/junit-bom/5.11.0-M2/junit-bom-5.11.0-M2.pom
2025-03-01 18:18:31,485 [Worker-15: Building] INFO  o.e.m.c.i.e.AbstractTransferListenerAdapter - Downloading https://repo.maven.apache.org/maven2/org/apache/httpcomponents/client5/httpclient5/5.2.1/httpclient5-5.2.1.pom
2025-03-01 18:18:31,495 [Worker-15: Building] INFO  o.e.m.c.i.e.AbstractTransferListenerAdapter - Downloaded https://repo.maven.apache.org/maven2/org/apache/httpcomponents/client5/httpclient5/5.2.1/httpclient5-5.2.1.pom
2025-03-01 18:18:31,536 [Worker-15: Building] INFO  o.e.m.c.i.e.AbstractTransferListenerAdapter - Downloading https://repo.maven.apache.org/maven2/org/apache/httpcomponents/client5/httpclient5-parent/5.2.1/httpclient5-parent-5.2.1.pom
2025-03-01 18:18:31,550 [Worker-15: Building] INFO  o.e.m.c.i.e.AbstractTransferListenerAdapter - Downloaded https://repo.maven.apache.org/maven2/org/apache/httpcomponents/client5/httpclient5-parent/5.2.1/httpclient5-parent-5.2.1.pom
2025-03-01 18:18:31,604 [Worker-15: Building] INFO  o.e.m.c.i.e.AbstractTransferListenerAdapter - Downloading https://repo.maven.apache.org/maven2/org/apache/httpcomponents/httpcomponents-parent/13/httpcomponents-parent-13.pom
2025-03-01 18:18:31,624 [Worker-15: Building] INFO  o.e.m.c.i.e.AbstractTransferListenerAdapter - Downloaded https://repo.maven.apache.org/maven2/org/apache/httpcomponents/httpcomponents-parent/13/httpcomponents-parent-13.pom
2025-03-01 18:18:31,661 [Worker-15: Building] INFO  o.e.m.c.i.e.AbstractTransferListenerAdapter - Downloading https://repo.maven.apache.org/maven2/org/apache/apache/27/apache-27.pom
2025-03-01 18:18:31,672 [Worker-15: Building] INFO  o.e.m.c.i.e.AbstractTransferListenerAdapter - Downloaded https://repo.maven.apache.org/maven2/org/apache/apache/27/apache-27.pom
2025-03-01 18:18:31,726 [Worker-15: Building] INFO  o.e.m.c.i.e.AbstractTransferListenerAdapter - Downloading https://repo.maven.apache.org/maven2/org/apache/httpcomponents/core5/httpcore5/5.2/httpcore5-5.2.pom
2025-03-01 18:18:31,744 [Worker-15: Building] INFO  o.e.m.c.i.e.AbstractTransferListenerAdapter - Downloaded https://repo.maven.apache.org/maven2/org/apache/httpcomponents/core5/httpcore5/5.2/httpcore5-5.2.pom
2025-03-01 18:18:31,813 [Worker-15: Building] INFO  o.e.m.c.i.e.AbstractTransferListenerAdapter - Downloading https://repo.maven.apache.org/maven2/org/apache/httpcomponents/core5/httpcore5-parent/5.2/httpcore5-parent-5.2.pom
2025-03-01 18:18:31,838 [Worker-15: Building] INFO  o.e.m.c.i.e.AbstractTransferListenerAdapter - Downloaded https://repo.maven.apache.org/maven2/org/apache/httpcomponents/core5/httpcore5-parent/5.2/httpcore5-parent-5.2.pom
2025-03-01 18:18:31,890 [Worker-15: Building] INFO  o.e.m.c.i.e.AbstractTransferListenerAdapter - Downloading https://repo.maven.apache.org/maven2/org/apache/httpcomponents/core5/httpcore5-h2/5.2/httpcore5-h2-5.2.pom
2025-03-01 18:18:31,906 [Worker-15: Building] INFO  o.e.m.c.i.e.AbstractTransferListenerAdapter - Downloaded https://repo.maven.apache.org/maven2/org/apache/httpcomponents/core5/httpcore5-h2/5.2/httpcore5-h2-5.2.pom
2025-03-01 18:18:31,967 [Worker-15: Building] INFO  o.e.m.c.i.e.AbstractTransferListenerAdapter - Downloading https://repo.maven.apache.org/maven2/io/cucumber/cucumber-testng/7.20.1/cucumber-testng-7.20.1.pom
2025-03-01 18:18:31,976 [Worker-15: Building] INFO  o.e.m.c.i.e.AbstractTransferListenerAdapter - Downloaded https://repo.maven.apache.org/maven2/io/cucumber/cucumber-testng/7.20.1/cucumber-testng-7.20.1.pom
2025-03-01 18:18:32,025 [Worker-15: Building] INFO  o.e.m.c.i.e.AbstractTransferListenerAdapter - Downloading https://repo.maven.apache.org/maven2/io/cucumber/cucumber-jvm/7.20.1/cucumber-jvm-7.20.1.pom
2025-03-01 18:18:32,037 [Worker-15: Building] INFO  o.e.m.c.i.e.AbstractTransferListenerAdapter - Downloaded https://repo.maven.apache.org/maven2/io/cucumber/cucumber-jvm/7.20.1/cucumber-jvm-7.20.1.pom
2025-03-01 18:18:32,086 [Worker-15: Building] INFO  o.e.m.c.i.e.AbstractTransferListenerAdapter - Downloading https://repo.maven.apache.org/maven2/io/cucumber/cucumber-parent/4.2.0/cucumber-parent-4.2.0.pom
2025-03-01 18:18:32,106 [Worker-15: Building] INFO  o.e.m.c.i.e.AbstractTransferListenerAdapter - Downloaded https://repo.maven.apache.org/maven2/io/cucumber/cucumber-parent/4.2.0/cucumber-parent-4.2.0.pom
2025-03-01 18:18:32,150 [Worker-15: Building] INFO  o.e.m.c.i.e.AbstractTransferListenerAdapter - Downloading https://repo.maven.apache.org/maven2/io/cucumber/cucumber-bom/7.20.1/cucumber-bom-7.20.1.pom
2025-03-01 18:18:32,158 [Worker-15: Building] INFO  o.e.m.c.i.e.AbstractTransferListenerAdapter - Downloaded https://repo.maven.apache.org/maven2/io/cucumber/cucumber-bom/7.20.1/cucumber-bom-7.20.1.pom
2025-03-01 18:18:32,206 [Worker-15: Building] INFO  o.e.m.c.i.e.AbstractTransferListenerAdapter - Downloading https://repo.maven.apache.org/maven2/io/cucumber/cucumber-core/7.20.1/cucumber-core-7.20.1.pom
2025-03-01 18:18:32,219 [Worker-15: Building] INFO  o.e.m.c.i.e.AbstractTransferListenerAdapter - Downloaded https://repo.maven.apache.org/maven2/io/cucumber/cucumber-core/7.20.1/cucumber-core-7.20.1.pom
2025-03-01 18:18:32,260 [Worker-15: Building] INFO  o.e.m.c.i.e.AbstractTransferListenerAdapter - Downloading https://repo.maven.apache.org/maven2/org/junit/junit-bom/5.11.2/junit-bom-5.11.2.pom
2025-03-01 18:18:32,270 [Worker-15: Building] INFO  o.e.m.c.i.e.AbstractTransferListenerAdapter - Downloaded https://repo.maven.apache.org/maven2/org/junit/junit-bom/5.11.2/junit-bom-5.11.2.pom
2025-03-01 18:18:32,327 [Worker-15: Building] INFO  o.e.m.c.i.e.AbstractTransferListenerAdapter - Downloading https://repo.maven.apache.org/maven2/com/fasterxml/jackson/jackson-bom/2.18.0/jackson-bom-2.18.0.pom
2025-03-01 18:18:32,344 [Worker-15: Building] INFO  o.e.m.c.i.e.AbstractTransferListenerAdapter - Downloaded https://repo.maven.apache.org/maven2/com/fasterxml/jackson/jackson-bom/2.18.0/jackson-bom-2.18.0.pom
2025-03-01 18:18:32,405 [Worker-15: Building] INFO  o.e.m.c.i.e.AbstractTransferListenerAdapter - Downloading https://repo.maven.apache.org/maven2/com/fasterxml/jackson/jackson-parent/2.18/jackson-parent-2.18.pom
2025-03-01 18:18:32,420 [Worker-15: Building] INFO  o.e.m.c.i.e.AbstractTransferListenerAdapter - Downloaded https://repo.maven.apache.org/maven2/com/fasterxml/jackson/jackson-parent/2.18/jackson-parent-2.18.pom
2025-03-01 18:18:32,486 [Worker-15: Building] INFO  o.e.m.c.i.e.AbstractTransferListenerAdapter - Downloading https://repo.maven.apache.org/maven2/com/fasterxml/oss-parent/61/oss-parent-61.pom
2025-03-01 18:18:32,505 [Worker-15: Building] INFO  o.e.m.c.i.e.AbstractTransferListenerAdapter - Downloaded https://repo.maven.apache.org/maven2/com/fasterxml/oss-parent/61/oss-parent-61.pom
2025-03-01 18:18:32,566 [Worker-15: Building] INFO  o.e.m.c.i.e.AbstractTransferListenerAdapter - Downloading https://repo.maven.apache.org/maven2/io/cucumber/cucumber-gherkin/7.20.1/cucumber-gherkin-7.20.1.pom
2025-03-01 18:18:32,579 [Worker-15: Building] INFO  o.e.m.c.i.e.AbstractTransferListenerAdapter - Downloaded https://repo.maven.apache.org/maven2/io/cucumber/cucumber-gherkin/7.20.1/cucumber-gherkin-7.20.1.pom
2025-03-01 18:18:32,648 [Worker-15: Building] INFO  o.e.m.c.i.e.AbstractTransferListenerAdapter - Downloading https://repo.maven.apache.org/maven2/io/cucumber/cucumber-plugin/7.20.1/cucumber-plugin-7.20.1.pom
2025-03-01 18:18:32,670 [Worker-15: Building] INFO  o.e.m.c.i.e.AbstractTransferListenerAdapter - Downloaded https://repo.maven.apache.org/maven2/io/cucumber/cucumber-plugin/7.20.1/cucumber-plugin-7.20.1.pom
2025-03-01 18:18:32,744 [Worker-15: Building] INFO  o.e.m.c.i.e.AbstractTransferListenerAdapter - Downloading https://repo.maven.apache.org/maven2/io/cucumber/cucumber-gherkin-messages/7.20.1/cucumber-gherkin-messages-7.20.1.pom
2025-03-01 18:18:32,758 [Worker-15: Building] INFO  o.e.m.c.i.e.AbstractTransferListenerAdapter - Downloaded https://repo.maven.apache.org/maven2/io/cucumber/cucumber-gherkin-messages/7.20.1/cucumber-gherkin-messages-7.20.1.pom
2025-03-01 18:18:32,812 [Worker-15: Building] INFO  o.e.m.c.i.e.AbstractTransferListenerAdapter - Downloading https://repo.maven.apache.org/maven2/io/cucumber/gherkin/28.0.0/gherkin-28.0.0.pom
2025-03-01 18:18:32,825 [Worker-15: Building] INFO  o.e.m.c.i.e.AbstractTransferListenerAdapter - Downloaded https://repo.maven.apache.org/maven2/io/cucumber/gherkin/28.0.0/gherkin-28.0.0.pom
2025-03-01 18:18:32,877 [Worker-15: Building] INFO  o.e.m.c.i.e.AbstractTransferListenerAdapter - Downloading https://repo.maven.apache.org/maven2/com/fasterxml/jackson/jackson-bom/2.16.1/jackson-bom-2.16.1.pom
2025-03-01 18:18:32,888 [Worker-15: Building] INFO  o.e.m.c.i.e.AbstractTransferListenerAdapter - Downloaded https://repo.maven.apache.org/maven2/com/fasterxml/jackson/jackson-bom/2.16.1/jackson-bom-2.16.1.pom
2025-03-01 18:18:32,925 [Worker-15: Building] INFO  o.e.m.c.i.e.AbstractTransferListenerAdapter - Downloading https://repo.maven.apache.org/maven2/com/fasterxml/jackson/jackson-parent/2.16/jackson-parent-2.16.pom
2025-03-01 18:18:32,934 [Worker-15: Building] INFO  o.e.m.c.i.e.AbstractTransferListenerAdapter - Downloaded https://repo.maven.apache.org/maven2/com/fasterxml/jackson/jackson-parent/2.16/jackson-parent-2.16.pom
2025-03-01 18:18:32,970 [Worker-15: Building] INFO  o.e.m.c.i.e.AbstractTransferListenerAdapter - Downloading https://repo.maven.apache.org/maven2/com/fasterxml/oss-parent/56/oss-parent-56.pom
2025-03-01 18:18:32,982 [Worker-15: Building] INFO  o.e.m.c.i.e.AbstractTransferListenerAdapter - Downloaded https://repo.maven.apache.org/maven2/com/fasterxml/oss-parent/56/oss-parent-56.pom
2025-03-01 18:18:33,090 [Worker-15: Building] INFO  o.e.m.c.i.e.AbstractTransferListenerAdapter - Downloading https://repo.maven.apache.org/maven2/io/cucumber/messages/23.0.0/messages-23.0.0.pom
2025-03-01 18:18:33,116 [Worker-15: Building] INFO  o.e.m.c.i.e.AbstractTransferListenerAdapter - Downloaded https://repo.maven.apache.org/maven2/io/cucumber/messages/23.0.0/messages-23.0.0.pom
2025-03-01 18:18:33,208 [Worker-15: Building] INFO  o.e.m.c.i.e.AbstractTransferListenerAdapter - Downloading https://repo.maven.apache.org/maven2/com/fasterxml/jackson/jackson-bom/2.15.3/jackson-bom-2.15.3.pom
2025-03-01 18:18:33,228 [Worker-15: Building] INFO  o.e.m.c.i.e.AbstractTransferListenerAdapter - Downloaded https://repo.maven.apache.org/maven2/com/fasterxml/jackson/jackson-bom/2.15.3/jackson-bom-2.15.3.pom
2025-03-01 18:18:33,289 [Worker-15: Building] INFO  o.e.m.c.i.e.AbstractTransferListenerAdapter - Downloading https://repo.maven.apache.org/maven2/io/cucumber/messages/24.0.0/messages-24.0.0.pom
2025-03-01 18:18:33,300 [Worker-15: Building] INFO  o.e.m.c.i.e.AbstractTransferListenerAdapter - Downloaded https://repo.maven.apache.org/maven2/io/cucumber/messages/24.0.0/messages-24.0.0.pom
2025-03-01 18:18:33,372 [Worker-15: Building] INFO  o.e.m.c.i.e.AbstractTransferListenerAdapter - Downloading https://repo.maven.apache.org/maven2/com/fasterxml/jackson/jackson-bom/2.16.0/jackson-bom-2.16.0.pom
2025-03-01 18:18:33,388 [Worker-15: Building] INFO  o.e.m.c.i.e.AbstractTransferListenerAdapter - Downloaded https://repo.maven.apache.org/maven2/com/fasterxml/jackson/jackson-bom/2.16.0/jackson-bom-2.16.0.pom
2025-03-01 18:18:33,446 [Worker-15: Building] INFO  o.e.m.c.i.e.AbstractTransferListenerAdapter - Downloading https://repo.maven.apache.org/maven2/io/cucumber/messages/24.0.1/messages-24.0.1.pom
2025-03-01 18:18:33,459 [Worker-15: Building] INFO  o.e.m.c.i.e.AbstractTransferListenerAdapter - Downloaded https://repo.maven.apache.org/maven2/io/cucumber/messages/24.0.1/messages-24.0.1.pom
2025-03-01 18:18:33,498 [Worker-15: Building] INFO  o.e.m.c.i.e.AbstractTransferListenerAdapter - Downloading https://repo.maven.apache.org/maven2/io/cucumber/messages/24.1.0/messages-24.1.0.pom
2025-03-01 18:18:33,512 [Worker-15: Building] INFO  o.e.m.c.i.e.AbstractTransferListenerAdapter - Downloaded https://repo.maven.apache.org/maven2/io/cucumber/messages/24.1.0/messages-24.1.0.pom
2025-03-01 18:18:33,565 [Worker-15: Building] INFO  o.e.m.c.i.e.AbstractTransferListenerAdapter - Downloading https://repo.maven.apache.org/maven2/com/fasterxml/jackson/jackson-bom/2.17.0/jackson-bom-2.17.0.pom
2025-03-01 18:18:33,577 [Worker-15: Building] INFO  o.e.m.c.i.e.AbstractTransferListenerAdapter - Downloaded https://repo.maven.apache.org/maven2/com/fasterxml/jackson/jackson-bom/2.17.0/jackson-bom-2.17.0.pom
2025-03-01 18:18:33,647 [Worker-15: Building] INFO  o.e.m.c.i.e.AbstractTransferListenerAdapter - Downloading https://repo.maven.apache.org/maven2/io/cucumber/testng-xml-formatter/0.2.0/testng-xml-formatter-0.2.0.pom
2025-03-01 18:18:33,658 [Worker-15: Building] INFO  o.e.m.c.i.e.AbstractTransferListenerAdapter - Downloaded https://repo.maven.apache.org/maven2/io/cucumber/testng-xml-formatter/0.2.0/testng-xml-formatter-0.2.0.pom
2025-03-01 18:18:33,701 [Worker-15: Building] INFO  o.e.m.c.i.e.AbstractTransferListenerAdapter - Downloading https://repo.maven.apache.org/maven2/com/fasterxml/jackson/jackson-bom/2.17.1/jackson-bom-2.17.1.pom
2025-03-01 18:18:33,712 [Worker-15: Building] INFO  o.e.m.c.i.e.AbstractTransferListenerAdapter - Downloaded https://repo.maven.apache.org/maven2/com/fasterxml/jackson/jackson-bom/2.17.1/jackson-bom-2.17.1.pom
2025-03-01 18:18:33,750 [Worker-15: Building] INFO  o.e.m.c.i.e.AbstractTransferListenerAdapter - Downloading https://repo.maven.apache.org/maven2/io/cucumber/query/maven-metadata.xml
2025-03-01 18:18:33,765 [Worker-15: Building] INFO  o.e.m.c.i.e.AbstractTransferListenerAdapter - Downloaded https://repo.maven.apache.org/maven2/io/cucumber/query/maven-metadata.xml
2025-03-01 18:18:33,804 [Worker-15: Building] INFO  o.e.m.c.i.e.AbstractTransferListenerAdapter - Downloading https://repo.maven.apache.org/maven2/io/cucumber/query/12.2.0/query-12.2.0.pom
2025-03-01 18:18:33,819 [Worker-15: Building] INFO  o.e.m.c.i.e.AbstractTransferListenerAdapter - Downloaded https://repo.maven.apache.org/maven2/io/cucumber/query/12.2.0/query-12.2.0.pom
2025-03-01 18:18:33,875 [Worker-15: Building] INFO  o.e.m.c.i.e.AbstractTransferListenerAdapter - Downloading https://repo.maven.apache.org/maven2/io/cucumber/tag-expressions/6.1.0/tag-expressions-6.1.0.pom
2025-03-01 18:18:33,891 [Worker-15: Building] INFO  o.e.m.c.i.e.AbstractTransferListenerAdapter - Downloaded https://repo.maven.apache.org/maven2/io/cucumber/tag-expressions/6.1.0/tag-expressions-6.1.0.pom
2025-03-01 18:18:33,969 [Worker-15: Building] INFO  o.e.m.c.i.e.AbstractTransferListenerAdapter - Downloading https://repo.maven.apache.org/maven2/io/cucumber/cucumber-expressions/17.1.0/cucumber-expressions-17.1.0.pom
2025-03-01 18:18:33,986 [Worker-15: Building] INFO  o.e.m.c.i.e.AbstractTransferListenerAdapter - Downloaded https://repo.maven.apache.org/maven2/io/cucumber/cucumber-expressions/17.1.0/cucumber-expressions-17.1.0.pom
2025-03-01 18:18:34,056 [Worker-15: Building] INFO  o.e.m.c.i.e.AbstractTransferListenerAdapter - Downloading https://repo.maven.apache.org/maven2/io/cucumber/datatable/7.20.1/datatable-7.20.1.pom
2025-03-01 18:18:34,080 [Worker-15: Building] INFO  o.e.m.c.i.e.AbstractTransferListenerAdapter - Downloaded https://repo.maven.apache.org/maven2/io/cucumber/datatable/7.20.1/datatable-7.20.1.pom
2025-03-01 18:18:34,173 [Worker-15: Building] INFO  o.e.m.c.i.e.AbstractTransferListenerAdapter - Downloading https://repo.maven.apache.org/maven2/io/cucumber/docstring/7.20.1/docstring-7.20.1.pom
2025-03-01 18:18:34,183 [Worker-15: Building] INFO  o.e.m.c.i.e.AbstractTransferListenerAdapter - Downloaded https://repo.maven.apache.org/maven2/io/cucumber/docstring/7.20.1/docstring-7.20.1.pom
2025-03-01 18:18:34,234 [Worker-15: Building] INFO  o.e.m.c.i.e.AbstractTransferListenerAdapter - Downloading https://repo.maven.apache.org/maven2/io/cucumber/html-formatter/21.7.0/html-formatter-21.7.0.pom
2025-03-01 18:18:34,246 [Worker-15: Building] INFO  o.e.m.c.i.e.AbstractTransferListenerAdapter - Downloaded https://repo.maven.apache.org/maven2/io/cucumber/html-formatter/21.7.0/html-formatter-21.7.0.pom
2025-03-01 18:18:34,332 [Worker-15: Building] INFO  o.e.m.c.i.e.AbstractTransferListenerAdapter - Downloading https://repo.maven.apache.org/maven2/io/cucumber/junit-xml-formatter/0.5.0/junit-xml-formatter-0.5.0.pom
2025-03-01 18:18:34,342 [Worker-15: Building] INFO  o.e.m.c.i.e.AbstractTransferListenerAdapter - Downloaded https://repo.maven.apache.org/maven2/io/cucumber/junit-xml-formatter/0.5.0/junit-xml-formatter-0.5.0.pom
2025-03-01 18:18:34,417 [Worker-15: Building] INFO  o.e.m.c.i.e.AbstractTransferListenerAdapter - Downloading https://repo.maven.apache.org/maven2/io/cucumber/ci-environment/10.0.1/ci-environment-10.0.1.pom
2025-03-01 18:18:34,431 [Worker-15: Building] INFO  o.e.m.c.i.e.AbstractTransferListenerAdapter - Downloaded https://repo.maven.apache.org/maven2/io/cucumber/ci-environment/10.0.1/ci-environment-10.0.1.pom
2025-03-01 18:18:34,510 [Worker-15: Building] INFO  o.e.m.c.i.e.AbstractTransferListenerAdapter - Downloading https://repo.maven.apache.org/maven2/org/testng/testng/7.10.2/testng-7.10.2.pom
2025-03-01 18:18:34,527 [Worker-15: Building] INFO  o.e.m.c.i.e.AbstractTransferListenerAdapter - Downloaded https://repo.maven.apache.org/maven2/org/testng/testng/7.10.2/testng-7.10.2.pom
2025-03-01 18:18:34,605 [Worker-15: Building] INFO  o.e.m.c.i.e.AbstractTransferListenerAdapter - Downloading https://repo.maven.apache.org/maven2/org/webjars/jquery/3.7.1/jquery-3.7.1.pom
2025-03-01 18:18:34,618 [Worker-15: Building] INFO  o.e.m.c.i.e.AbstractTransferListenerAdapter - Downloaded https://repo.maven.apache.org/maven2/org/webjars/jquery/3.7.1/jquery-3.7.1.pom
2025-03-01 18:18:34,756 [Worker-15: Building] INFO  o.e.m.c.i.e.AbstractTransferListenerAdapter - Downloading https://repo.maven.apache.org/maven2/com/relevantcodes/extentreports/2.41.2/extentreports-2.41.2.pom
2025-03-01 18:18:34,775 [Worker-15: Building] INFO  o.e.m.c.i.e.AbstractTransferListenerAdapter - Downloaded https://repo.maven.apache.org/maven2/com/relevantcodes/extentreports/2.41.2/extentreports-2.41.2.pom
2025-03-01 18:18:34,836 [Worker-15: Building] INFO  o.e.m.c.i.e.AbstractTransferListenerAdapter - Downloading https://repo.maven.apache.org/maven2/org/jsoup/jsoup/1.8.3/jsoup-1.8.3.pom
2025-03-01 18:18:34,849 [Worker-15: Building] INFO  o.e.m.c.i.e.AbstractTransferListenerAdapter - Downloaded https://repo.maven.apache.org/maven2/org/jsoup/jsoup/1.8.3/jsoup-1.8.3.pom
2025-03-01 18:18:34,905 [Worker-15: Building] INFO  o.e.m.c.i.e.AbstractTransferListenerAdapter - Downloading https://repo.maven.apache.org/maven2/org/xerial/sqlite-jdbc/3.8.11.1/sqlite-jdbc-3.8.11.1.pom
2025-03-01 18:18:34,919 [Worker-15: Building] INFO  o.e.m.c.i.e.AbstractTransferListenerAdapter - Downloaded https://repo.maven.apache.org/maven2/org/xerial/sqlite-jdbc/3.8.11.1/sqlite-jdbc-3.8.11.1.pom
2025-03-01 18:18:34,975 [Worker-15: Building] INFO  o.e.m.c.i.e.AbstractTransferListenerAdapter - Downloading https://repo.maven.apache.org/maven2/org/freemarker/freemarker/2.3.23/freemarker-2.3.23.pom
2025-03-01 18:18:34,989 [Worker-15: Building] INFO  o.e.m.c.i.e.AbstractTransferListenerAdapter - Downloaded https://repo.maven.apache.org/maven2/org/freemarker/freemarker/2.3.23/freemarker-2.3.23.pom
2025-03-01 18:18:35,056 [Worker-15: Building] INFO  o.e.m.c.i.e.AbstractTransferListenerAdapter - Downloading https://repo.maven.apache.org/maven2/org/mongodb/mongodb-driver/3.0.4/mongodb-driver-3.0.4.pom
2025-03-01 18:18:35,065 [Worker-15: Building] INFO  o.e.m.c.i.e.AbstractTransferListenerAdapter - Downloaded https://repo.maven.apache.org/maven2/org/mongodb/mongodb-driver/3.0.4/mongodb-driver-3.0.4.pom
2025-03-01 18:18:35,138 [Worker-15: Building] INFO  o.e.m.c.i.e.AbstractTransferListenerAdapter - Downloading https://repo.maven.apache.org/maven2/org/mongodb/bson/3.0.4/bson-3.0.4.pom
2025-03-01 18:18:35,154 [Worker-15: Building] INFO  o.e.m.c.i.e.AbstractTransferListenerAdapter - Downloaded https://repo.maven.apache.org/maven2/org/mongodb/bson/3.0.4/bson-3.0.4.pom
2025-03-01 18:18:35,213 [Worker-15: Building] INFO  o.e.m.c.i.e.AbstractTransferListenerAdapter - Downloading https://repo.maven.apache.org/maven2/org/mongodb/mongodb-driver-core/3.0.4/mongodb-driver-core-3.0.4.pom
2025-03-01 18:18:35,226 [Worker-15: Building] INFO  o.e.m.c.i.e.AbstractTransferListenerAdapter - Downloaded https://repo.maven.apache.org/maven2/org/mongodb/mongodb-driver-core/3.0.4/mongodb-driver-core-3.0.4.pom
2025-03-01 18:18:35,304 [Worker-15: Building] INFO  o.e.m.c.i.e.AbstractTransferListenerAdapter - Downloading https://repo.maven.apache.org/maven2/com/aventstack/extentreports/3.0.1/extentreports-3.0.1.pom
2025-03-01 18:18:35,325 [Worker-15: Building] INFO  o.e.m.c.i.e.AbstractTransferListenerAdapter - Downloaded https://repo.maven.apache.org/maven2/com/aventstack/extentreports/3.0.1/extentreports-3.0.1.pom
2025-03-01 18:18:35,417 [Worker-15: Building] INFO  o.e.m.c.i.e.AbstractTransferListenerAdapter - Downloading https://repo.maven.apache.org/maven2/org/mongodb/mongodb-driver/3.3.0/mongodb-driver-3.3.0.pom
2025-03-01 18:18:35,443 [Worker-15: Building] INFO  o.e.m.c.i.e.AbstractTransferListenerAdapter - Downloaded https://repo.maven.apache.org/maven2/org/mongodb/mongodb-driver/3.3.0/mongodb-driver-3.3.0.pom
2025-03-01 18:18:35,494 [Worker-15: Building] INFO  o.e.m.c.i.e.AbstractTransferListenerAdapter - Downloading https://repo.maven.apache.org/maven2/org/mongodb/bson/3.3.0/bson-3.3.0.pom
2025-03-01 18:18:35,503 [Worker-15: Building] INFO  o.e.m.c.i.e.AbstractTransferListenerAdapter - Downloaded https://repo.maven.apache.org/maven2/org/mongodb/bson/3.3.0/bson-3.3.0.pom
2025-03-01 18:18:35,544 [Worker-15: Building] INFO  o.e.m.c.i.e.AbstractTransferListenerAdapter - Downloading https://repo.maven.apache.org/maven2/org/mongodb/mongodb-driver-core/3.3.0/mongodb-driver-core-3.3.0.pom
2025-03-01 18:18:35,553 [Worker-15: Building] INFO  o.e.m.c.i.e.AbstractTransferListenerAdapter - Downloaded https://repo.maven.apache.org/maven2/org/mongodb/mongodb-driver-core/3.3.0/mongodb-driver-core-3.3.0.pom
2025-03-01 18:18:35,612 [Worker-15: Building] INFO  o.e.m.c.i.e.AbstractTransferListenerAdapter - Downloading https://repo.maven.apache.org/maven2/org/apache/httpcomponents/httpclient/4.5.2/httpclient-4.5.2.pom
2025-03-01 18:18:35,622 [Worker-15: Building] INFO  o.e.m.c.i.e.AbstractTransferListenerAdapter - Downloaded https://repo.maven.apache.org/maven2/org/apache/httpcomponents/httpclient/4.5.2/httpclient-4.5.2.pom
2025-03-01 18:18:35,678 [Worker-15: Building] INFO  o.e.m.c.i.e.AbstractTransferListenerAdapter - Downloading https://repo.maven.apache.org/maven2/org/apache/httpcomponents/httpcomponents-client/4.5.2/httpcomponents-client-4.5.2.pom
2025-03-01 18:18:35,698 [Worker-15: Building] INFO  o.e.m.c.i.e.AbstractTransferListenerAdapter - Downloaded https://repo.maven.apache.org/maven2/org/apache/httpcomponents/httpcomponents-client/4.5.2/httpcomponents-client-4.5.2.pom
2025-03-01 18:18:35,737 [Worker-15: Building] INFO  o.e.m.c.i.e.AbstractTransferListenerAdapter - Downloading https://repo.maven.apache.org/maven2/org/apache/httpcomponents/project/7/project-7.pom
2025-03-01 18:18:35,751 [Worker-15: Building] INFO  o.e.m.c.i.e.AbstractTransferListenerAdapter - Downloaded https://repo.maven.apache.org/maven2/org/apache/httpcomponents/project/7/project-7.pom
2025-03-01 18:18:35,808 [Worker-15: Building] INFO  o.e.m.c.i.e.AbstractTransferListenerAdapter - Downloading https://repo.maven.apache.org/maven2/org/apache/httpcomponents/httpcore/4.4.4/httpcore-4.4.4.pom
2025-03-01 18:18:35,820 [Worker-15: Building] INFO  o.e.m.c.i.e.AbstractTransferListenerAdapter - Downloaded https://repo.maven.apache.org/maven2/org/apache/httpcomponents/httpcore/4.4.4/httpcore-4.4.4.pom
2025-03-01 18:18:35,888 [Worker-15: Building] INFO  o.e.m.c.i.e.AbstractTransferListenerAdapter - Downloading https://repo.maven.apache.org/maven2/org/apache/httpcomponents/httpcomponents-core/4.4.4/httpcomponents-core-4.4.4.pom
2025-03-01 18:18:35,897 [Worker-15: Building] INFO  o.e.m.c.i.e.AbstractTransferListenerAdapter - Downloaded https://repo.maven.apache.org/maven2/org/apache/httpcomponents/httpcomponents-core/4.4.4/httpcomponents-core-4.4.4.pom
2025-03-01 18:18:35,968 [Worker-15: Building] INFO  o.e.m.c.i.e.AbstractTransferListenerAdapter - Downloading https://repo.maven.apache.org/maven2/commons-logging/commons-logging/1.2/commons-logging-1.2.pom
2025-03-01 18:18:35,980 [Worker-15: Building] INFO  o.e.m.c.i.e.AbstractTransferListenerAdapter - Downloaded https://repo.maven.apache.org/maven2/commons-logging/commons-logging/1.2/commons-logging-1.2.pom
2025-03-01 18:18:36,049 [Worker-15: Building] INFO  o.e.m.c.i.e.AbstractTransferListenerAdapter - Downloading https://repo.maven.apache.org/maven2/org/apache/commons/commons-parent/34/commons-parent-34.pom
2025-03-01 18:18:36,078 [Worker-15: Building] INFO  o.e.m.c.i.e.AbstractTransferListenerAdapter - Downloaded https://repo.maven.apache.org/maven2/org/apache/commons/commons-parent/34/commons-parent-34.pom
2025-03-01 18:18:36,168 [Worker-15: Building] INFO  o.e.m.c.i.e.AbstractTransferListenerAdapter - Downloading https://repo.maven.apache.org/maven2/commons-codec/commons-codec/1.9/commons-codec-1.9.pom
2025-03-01 18:18:36,192 [Worker-15: Building] INFO  o.e.m.c.i.e.AbstractTransferListenerAdapter - Downloaded https://repo.maven.apache.org/maven2/commons-codec/commons-codec/1.9/commons-codec-1.9.pom
2025-03-01 18:18:36,250 [Worker-15: Building] INFO  o.e.m.c.i.e.AbstractTransferListenerAdapter - Downloading https://repo.maven.apache.org/maven2/org/apache/commons/commons-parent/32/commons-parent-32.pom
2025-03-01 18:18:36,270 [Worker-15: Building] INFO  o.e.m.c.i.e.AbstractTransferListenerAdapter - Downloaded https://repo.maven.apache.org/maven2/org/apache/commons/commons-parent/32/commons-parent-32.pom
2025-03-01 18:18:36,326 [Worker-15: Building] INFO  o.e.m.c.i.e.AbstractTransferListenerAdapter - Downloading https://repo.maven.apache.org/maven2/org/apache/httpcomponents/httpmime/4.5.2/httpmime-4.5.2.pom
2025-03-01 18:18:36,340 [Worker-15: Building] INFO  o.e.m.c.i.e.AbstractTransferListenerAdapter - Downloaded https://repo.maven.apache.org/maven2/org/apache/httpcomponents/httpmime/4.5.2/httpmime-4.5.2.pom
2025-03-01 18:18:36,408 [Worker-15: Building] INFO  o.e.m.c.i.e.AbstractTransferListenerAdapter - Downloading https://repo.maven.apache.org/maven2/org/jsoup/jsoup/1.9.2/jsoup-1.9.2.pom
2025-03-01 18:18:36,424 [Worker-15: Building] INFO  o.e.m.c.i.e.AbstractTransferListenerAdapter - Downloaded https://repo.maven.apache.org/maven2/org/jsoup/jsoup/1.9.2/jsoup-1.9.2.pom
2025-03-01 18:18:36,489 [Worker-15: Building] INFO  o.e.m.c.i.e.AbstractTransferListenerAdapter - Downloading https://repo.maven.apache.org/maven2/io/cucumber/cucumber-junit/7.20.1/cucumber-junit-7.20.1.pom
2025-03-01 18:18:36,505 [Worker-15: Building] INFO  o.e.m.c.i.e.AbstractTransferListenerAdapter - Downloaded https://repo.maven.apache.org/maven2/io/cucumber/cucumber-junit/7.20.1/cucumber-junit-7.20.1.pom
2025-03-01 18:18:36,570 [Worker-15: Building] INFO  o.e.m.c.i.e.AbstractTransferListenerAdapter - Downloading https://repo.maven.apache.org/maven2/io/cucumber/cucumber-java/7.20.1/cucumber-java-7.20.1.pom
2025-03-01 18:18:36,582 [Worker-15: Building] INFO  o.e.m.c.i.e.AbstractTransferListenerAdapter - Downloaded https://repo.maven.apache.org/maven2/io/cucumber/cucumber-java/7.20.1/cucumber-java-7.20.1.pom
2025-03-01 18:18:36,647 [Worker-15: Building] INFO  o.e.m.c.i.e.AbstractTransferListenerAdapter - Downloading https://repo.maven.apache.org/maven2/org/apache/poi/poi/5.3.0/poi-5.3.0.pom
2025-03-01 18:18:36,661 [Worker-15: Building] INFO  o.e.m.c.i.e.AbstractTransferListenerAdapter - Downloaded https://repo.maven.apache.org/maven2/org/apache/poi/poi/5.3.0/poi-5.3.0.pom
2025-03-01 18:18:36,727 [Worker-15: Building] INFO  o.e.m.c.i.e.AbstractTransferListenerAdapter - Downloading https://repo.maven.apache.org/maven2/com/zaxxer/SparseBitSet/1.3/SparseBitSet-1.3.pom
2025-03-01 18:18:36,740 [Worker-15: Building] INFO  o.e.m.c.i.e.AbstractTransferListenerAdapter - Downloaded https://repo.maven.apache.org/maven2/com/zaxxer/SparseBitSet/1.3/SparseBitSet-1.3.pom
2025-03-01 18:18:36,776 [Worker-15: Building] INFO  o.e.m.c.i.e.AbstractTransferListenerAdapter - Downloading https://repo.maven.apache.org/maven2/org/apache/logging/log4j/log4j-api/2.23.1/log4j-api-2.23.1.pom
2025-03-01 18:18:36,788 [Worker-15: Building] INFO  o.e.m.c.i.e.AbstractTransferListenerAdapter - Downloaded https://repo.maven.apache.org/maven2/org/apache/logging/log4j/log4j-api/2.23.1/log4j-api-2.23.1.pom
2025-03-01 18:18:36,849 [Worker-15: Building] INFO  o.e.m.c.i.e.AbstractTransferListenerAdapter - Downloading https://repo.maven.apache.org/maven2/org/apache/logging/log4j/log4j/2.23.1/log4j-2.23.1.pom
2025-03-01 18:18:36,864 [Worker-15: Building] INFO  o.e.m.c.i.e.AbstractTransferListenerAdapter - Downloaded https://repo.maven.apache.org/maven2/org/apache/logging/log4j/log4j/2.23.1/log4j-2.23.1.pom
2025-03-01 18:18:36,901 [Worker-15: Building] INFO  o.e.m.c.i.e.AbstractTransferListenerAdapter - Downloading https://repo.maven.apache.org/maven2/org/apache/logging/log4j/log4j-bom/2.23.1/log4j-bom-2.23.1.pom
2025-03-01 18:18:36,944 [Worker-15: Building] INFO  o.e.m.c.i.e.AbstractTransferListenerAdapter - Downloaded https://repo.maven.apache.org/maven2/org/apache/logging/log4j/log4j-bom/2.23.1/log4j-bom-2.23.1.pom
2025-03-01 18:18:37,011 [Worker-15: Building] INFO  o.e.m.c.i.e.AbstractTransferListenerAdapter - Downloading https://repo.maven.apache.org/maven2/org/apache/logging/logging-parent/10.6.0/logging-parent-10.6.0.pom
2025-03-01 18:18:37,035 [Worker-15: Building] INFO  o.e.m.c.i.e.AbstractTransferListenerAdapter - Downloaded https://repo.maven.apache.org/maven2/org/apache/logging/logging-parent/10.6.0/logging-parent-10.6.0.pom
2025-03-01 18:18:37,085 [Worker-15: Building] INFO  o.e.m.c.i.e.AbstractTransferListenerAdapter - Downloading https://repo.maven.apache.org/maven2/org/codehaus/groovy/groovy-bom/3.0.21/groovy-bom-3.0.21.pom
2025-03-01 18:18:37,096 [Worker-15: Building] INFO  o.e.m.c.i.e.AbstractTransferListenerAdapter - Downloaded https://repo.maven.apache.org/maven2/org/codehaus/groovy/groovy-bom/3.0.21/groovy-bom-3.0.21.pom
2025-03-01 18:18:37,134 [Worker-15: Building] INFO  o.e.m.c.i.e.AbstractTransferListenerAdapter - Downloading https://repo.maven.apache.org/maven2/jakarta/platform/jakarta.jakartaee-bom/9.1.0/jakarta.jakartaee-bom-9.1.0.pom
2025-03-01 18:18:37,143 [Worker-15: Building] INFO  o.e.m.c.i.e.AbstractTransferListenerAdapter - Downloaded https://repo.maven.apache.org/maven2/jakarta/platform/jakarta.jakartaee-bom/9.1.0/jakarta.jakartaee-bom-9.1.0.pom
2025-03-01 18:18:37,181 [Worker-15: Building] INFO  o.e.m.c.i.e.AbstractTransferListenerAdapter - Downloading https://repo.maven.apache.org/maven2/jakarta/platform/jakartaee-api-parent/9.1.0/jakartaee-api-parent-9.1.0.pom
2025-03-01 18:18:37,192 [Worker-15: Building] INFO  o.e.m.c.i.e.AbstractTransferListenerAdapter - Downloaded https://repo.maven.apache.org/maven2/jakarta/platform/jakartaee-api-parent/9.1.0/jakartaee-api-parent-9.1.0.pom
2025-03-01 18:18:37,247 [Worker-15: Building] INFO  o.e.m.c.i.e.AbstractTransferListenerAdapter - Downloading https://repo.maven.apache.org/maven2/org/eclipse/ee4j/project/1.0.7/project-1.0.7.pom
2025-03-01 18:18:37,259 [Worker-15: Building] INFO  o.e.m.c.i.e.AbstractTransferListenerAdapter - Downloaded https://repo.maven.apache.org/maven2/org/eclipse/ee4j/project/1.0.7/project-1.0.7.pom
2025-03-01 18:18:37,303 [Worker-15: Building] INFO  o.e.m.c.i.e.AbstractTransferListenerAdapter - Downloading https://repo.maven.apache.org/maven2/org/eclipse/jetty/jetty-bom/9.4.54.v20240208/jetty-bom-9.4.54.v20240208.pom
2025-03-01 18:18:37,316 [Worker-15: Building] INFO  o.e.m.c.i.e.AbstractTransferListenerAdapter - Downloaded https://repo.maven.apache.org/maven2/org/eclipse/jetty/jetty-bom/9.4.54.v20240208/jetty-bom-9.4.54.v20240208.pom
2025-03-01 18:18:37,367 [Worker-15: Building] INFO  o.e.m.c.i.e.AbstractTransferListenerAdapter - Downloading https://repo.maven.apache.org/maven2/io/fabric8/kubernetes-client-bom/5.12.4/kubernetes-client-bom-5.12.4.pom
2025-03-01 18:18:37,387 [Worker-15: Building] INFO  o.e.m.c.i.e.AbstractTransferListenerAdapter - Downloaded https://repo.maven.apache.org/maven2/io/fabric8/kubernetes-client-bom/5.12.4/kubernetes-client-bom-5.12.4.pom
2025-03-01 18:18:37,448 [Worker-15: Building] INFO  o.e.m.c.i.e.AbstractTransferListenerAdapter - Downloading https://repo.maven.apache.org/maven2/org/mockito/mockito-bom/4.11.0/mockito-bom-4.11.0.pom
2025-03-01 18:18:37,462 [Worker-15: Building] INFO  o.e.m.c.i.e.AbstractTransferListenerAdapter - Downloaded https://repo.maven.apache.org/maven2/org/mockito/mockito-bom/4.11.0/mockito-bom-4.11.0.pom
2025-03-01 18:18:37,553 [Worker-15: Building] INFO  o.e.m.c.i.e.AbstractTransferListenerAdapter - Downloading https://repo.maven.apache.org/maven2/io/netty/netty-bom/4.1.107.Final/netty-bom-4.1.107.Final.pom
2025-03-01 18:18:37,572 [Worker-15: Building] INFO  o.e.m.c.i.e.AbstractTransferListenerAdapter - Downloaded https://repo.maven.apache.org/maven2/io/netty/netty-bom/4.1.107.Final/netty-bom-4.1.107.Final.pom
2025-03-01 18:18:37,637 [Worker-15: Building] INFO  o.e.m.c.i.e.AbstractTransferListenerAdapter - Downloading https://repo.maven.apache.org/maven2/org/springframework/spring-framework-bom/5.3.32/spring-framework-bom-5.3.32.pom
2025-03-01 18:18:37,645 [Worker-15: Building] INFO  o.e.m.c.i.e.AbstractTransferListenerAdapter - Downloaded https://repo.maven.apache.org/maven2/org/springframework/spring-framework-bom/5.3.32/spring-framework-bom-5.3.32.pom
2025-03-01 18:18:37,686 [Worker-15: Building] INFO  o.e.m.c.i.e.AbstractTransferListenerAdapter - Downloading https://repo.maven.apache.org/maven2/org/apache/poi/poi-ooxml/5.3.0/poi-ooxml-5.3.0.pom
2025-03-01 18:18:37,695 [Worker-15: Building] INFO  o.e.m.c.i.e.AbstractTransferListenerAdapter - Downloaded https://repo.maven.apache.org/maven2/org/apache/poi/poi-ooxml/5.3.0/poi-ooxml-5.3.0.pom
2025-03-01 18:18:37,736 [Worker-15: Building] INFO  o.e.m.c.i.e.AbstractTransferListenerAdapter - Downloading https://repo.maven.apache.org/maven2/org/apache/poi/poi-ooxml-lite/5.3.0/poi-ooxml-lite-5.3.0.pom
2025-03-01 18:18:37,746 [Worker-15: Building] INFO  o.e.m.c.i.e.AbstractTransferListenerAdapter - Downloaded https://repo.maven.apache.org/maven2/org/apache/poi/poi-ooxml-lite/5.3.0/poi-ooxml-lite-5.3.0.pom
2025-03-01 18:18:37,809 [Worker-15: Building] INFO  o.e.m.c.i.e.AbstractTransferListenerAdapter - Downloading https://repo.maven.apache.org/maven2/org/apache/xmlbeans/xmlbeans/5.2.1/xmlbeans-5.2.1.pom
2025-03-01 18:18:37,821 [Worker-15: Building] INFO  o.e.m.c.i.e.AbstractTransferListenerAdapter - Downloaded https://repo.maven.apache.org/maven2/org/apache/xmlbeans/xmlbeans/5.2.1/xmlbeans-5.2.1.pom
2025-03-01 18:18:37,859 [Worker-15: Building] INFO  o.e.m.c.i.e.AbstractTransferListenerAdapter - Downloading https://repo.maven.apache.org/maven2/com/github/virtuald/curvesapi/1.08/curvesapi-1.08.pom
2025-03-01 18:18:37,870 [Worker-15: Building] INFO  o.e.m.c.i.e.AbstractTransferListenerAdapter - Downloaded https://repo.maven.apache.org/maven2/com/github/virtuald/curvesapi/1.08/curvesapi-1.08.pom
2025-03-01 18:18:38,285 [Worker-15: Building] INFO  o.e.m.c.i.e.AbstractTransferListenerAdapter - Downloaded https://repo.maven.apache.org/maven2/org/testng/cucumber-testng/7.10.2/cucumber-testng-7.10.2.pom
2025-03-01 18:18:38,292 [Worker-15: Building] WARN  o.e.m.c.i.embedder.EclipseLogger - The POM for org.testng:cucumber-testng:jar:7.10.2 is missing, no dependency information available
2025-03-01 18:18:38,495 [Worker-15: Building] INFO  o.e.m.c.i.e.AbstractTransferListenerAdapter - Downloading https://repo.maven.apache.org/maven2/org/seleniumhq/selenium/selenium-java/4.11.0/selenium-java-4.11.0.jar
2025-03-01 18:18:38,516 [Worker-15: Building] INFO  o.e.m.c.i.e.AbstractTransferListenerAdapter - Downloaded https://repo.maven.apache.org/maven2/org/seleniumhq/selenium/selenium-java/4.11.0/selenium-java-4.11.0.jar
2025-03-01 18:18:38,578 [BasicRepositoryConnector-repo.maven.apache.org-0-0] INFO  o.e.m.c.i.e.AbstractTransferListenerAdapter - Downloading https://repo.maven.apache.org/maven2/org/seleniumhq/selenium/selenium-api/4.11.0/selenium-api-4.11.0.jar
2025-03-01 18:18:38,652 [BasicRepositoryConnector-repo.maven.apache.org-0-3] INFO  o.e.m.c.i.e.AbstractTransferListenerAdapter - Downloading https://repo.maven.apache.org/maven2/org/seleniumhq/selenium/selenium-json/4.11.0/selenium-json-4.11.0.jar
2025-03-01 18:18:38,653 [BasicRepositoryConnector-repo.maven.apache.org-0-2] INFO  o.e.m.c.i.e.AbstractTransferListenerAdapter - Downloading https://repo.maven.apache.org/maven2/org/seleniumhq/selenium/selenium-chromium-driver/4.11.0/selenium-chromium-driver-4.11.0.jar
2025-03-01 18:18:38,653 [BasicRepositoryConnector-repo.maven.apache.org-0-4] INFO  o.e.m.c.i.e.AbstractTransferListenerAdapter - Downloading https://repo.maven.apache.org/maven2/org/seleniumhq/selenium/selenium-manager/4.11.0/selenium-manager-4.11.0.jar
2025-03-01 18:18:38,655 [BasicRepositoryConnector-repo.maven.apache.org-0-1] INFO  o.e.m.c.i.e.AbstractTransferListenerAdapter - Downloading https://repo.maven.apache.org/maven2/org/seleniumhq/selenium/selenium-chrome-driver/4.11.0/selenium-chrome-driver-4.11.0.jar
2025-03-01 18:18:38,674 [BasicRepositoryConnector-repo.maven.apache.org-0-1] INFO  o.e.m.c.i.e.AbstractTransferListenerAdapter - Downloaded https://repo.maven.apache.org/maven2/org/seleniumhq/selenium/selenium-chrome-driver/4.11.0/selenium-chrome-driver-4.11.0.jar
2025-03-01 18:18:38,719 [BasicRepositoryConnector-repo.maven.apache.org-0-1] INFO  o.e.m.c.i.e.AbstractTransferListenerAdapter - Downloading https://repo.maven.apache.org/maven2/org/seleniumhq/selenium/selenium-devtools-v113/4.11.0/selenium-devtools-v113-4.11.0.jar
2025-03-01 18:18:38,720 [BasicRepositoryConnector-repo.maven.apache.org-0-2] INFO  o.e.m.c.i.e.AbstractTransferListenerAdapter - Downloaded https://repo.maven.apache.org/maven2/org/seleniumhq/selenium/selenium-chromium-driver/4.11.0/selenium-chromium-driver-4.11.0.jar
2025-03-01 18:18:38,753 [BasicRepositoryConnector-repo.maven.apache.org-0-0] INFO  o.e.m.c.i.e.AbstractTransferListenerAdapter - Downloaded https://repo.maven.apache.org/maven2/org/seleniumhq/selenium/selenium-api/4.11.0/selenium-api-4.11.0.jar
2025-03-01 18:18:38,755 [BasicRepositoryConnector-repo.maven.apache.org-0-3] INFO  o.e.m.c.i.e.AbstractTransferListenerAdapter - Downloaded https://repo.maven.apache.org/maven2/org/seleniumhq/selenium/selenium-json/4.11.0/selenium-json-4.11.0.jar
2025-03-01 18:18:38,771 [BasicRepositoryConnector-repo.maven.apache.org-0-2] INFO  o.e.m.c.i.e.AbstractTransferListenerAdapter - Downloading https://repo.maven.apache.org/maven2/org/seleniumhq/selenium/selenium-devtools-v114/4.11.0/selenium-devtools-v114-4.11.0.jar
2025-03-01 18:18:38,805 [BasicRepositoryConnector-repo.maven.apache.org-0-0] INFO  o.e.m.c.i.e.AbstractTransferListenerAdapter - Downloading https://repo.maven.apache.org/maven2/org/seleniumhq/selenium/selenium-devtools-v115/4.11.0/selenium-devtools-v115-4.11.0.jar
2025-03-01 18:18:38,829 [BasicRepositoryConnector-repo.maven.apache.org-0-3] INFO  o.e.m.c.i.e.AbstractTransferListenerAdapter - Downloading https://repo.maven.apache.org/maven2/org/seleniumhq/selenium/selenium-devtools-v85/4.11.0/selenium-devtools-v85-4.11.0.jar
2025-03-01 18:18:39,278 [BasicRepositoryConnector-repo.maven.apache.org-0-3] INFO  o.e.m.c.i.e.AbstractTransferListenerAdapter - Downloaded https://repo.maven.apache.org/maven2/org/seleniumhq/selenium/selenium-devtools-v85/4.11.0/selenium-devtools-v85-4.11.0.jar
2025-03-01 18:18:39,361 [BasicRepositoryConnector-repo.maven.apache.org-0-3] INFO  o.e.m.c.i.e.AbstractTransferListenerAdapter - Downloading https://repo.maven.apache.org/maven2/org/seleniumhq/selenium/selenium-edge-driver/4.11.0/selenium-edge-driver-4.11.0.jar
2025-03-01 18:18:39,381 [BasicRepositoryConnector-repo.maven.apache.org-0-3] INFO  o.e.m.c.i.e.AbstractTransferListenerAdapter - Downloaded https://repo.maven.apache.org/maven2/org/seleniumhq/selenium/selenium-edge-driver/4.11.0/selenium-edge-driver-4.11.0.jar
2025-03-01 18:18:39,475 [BasicRepositoryConnector-repo.maven.apache.org-0-3] INFO  o.e.m.c.i.e.AbstractTransferListenerAdapter - Downloading https://repo.maven.apache.org/maven2/org/seleniumhq/selenium/selenium-firefox-driver/4.11.0/selenium-firefox-driver-4.11.0.jar
2025-03-01 18:18:39,535 [BasicRepositoryConnector-repo.maven.apache.org-0-3] INFO  o.e.m.c.i.e.AbstractTransferListenerAdapter - Downloaded https://repo.maven.apache.org/maven2/org/seleniumhq/selenium/selenium-firefox-driver/4.11.0/selenium-firefox-driver-4.11.0.jar
2025-03-01 18:18:39,609 [BasicRepositoryConnector-repo.maven.apache.org-0-3] INFO  o.e.m.c.i.e.AbstractTransferListenerAdapter - Downloading https://repo.maven.apache.org/maven2/org/seleniumhq/selenium/selenium-http/4.11.0/selenium-http-4.11.0.jar
2025-03-01 18:18:39,660 [BasicRepositoryConnector-repo.maven.apache.org-0-3] INFO  o.e.m.c.i.e.AbstractTransferListenerAdapter - Downloaded https://repo.maven.apache.org/maven2/org/seleniumhq/selenium/selenium-http/4.11.0/selenium-http-4.11.0.jar
2025-03-01 18:18:39,792 [BasicRepositoryConnector-repo.maven.apache.org-0-3] INFO  o.e.m.c.i.e.AbstractTransferListenerAdapter - Downloading https://repo.maven.apache.org/maven2/dev/failsafe/failsafe/3.3.1/failsafe-3.3.1.jar
2025-03-01 18:18:39,948 [BasicRepositoryConnector-repo.maven.apache.org-0-3] INFO  o.e.m.c.i.e.AbstractTransferListenerAdapter - Downloaded https://repo.maven.apache.org/maven2/dev/failsafe/failsafe/3.3.1/failsafe-3.3.1.jar
2025-03-01 18:18:39,988 [BasicRepositoryConnector-repo.maven.apache.org-0-2] INFO  o.e.m.c.i.e.AbstractTransferListenerAdapter - Downloaded https://repo.maven.apache.org/maven2/org/seleniumhq/selenium/selenium-devtools-v114/4.11.0/selenium-devtools-v114-4.11.0.jar
2025-03-01 18:18:40,021 [BasicRepositoryConnector-repo.maven.apache.org-0-3] INFO  o.e.m.c.i.e.AbstractTransferListenerAdapter - Downloading https://repo.maven.apache.org/maven2/org/seleniumhq/selenium/selenium-ie-driver/4.11.0/selenium-ie-driver-4.11.0.jar
2025-03-01 18:18:40,041 [BasicRepositoryConnector-repo.maven.apache.org-0-2] INFO  o.e.m.c.i.e.AbstractTransferListenerAdapter - Downloading https://repo.maven.apache.org/maven2/org/seleniumhq/selenium/selenium-remote-driver/4.11.0/selenium-remote-driver-4.11.0.jar
2025-03-01 18:18:40,046 [BasicRepositoryConnector-repo.maven.apache.org-0-3] INFO  o.e.m.c.i.e.AbstractTransferListenerAdapter - Downloaded https://repo.maven.apache.org/maven2/org/seleniumhq/selenium/selenium-ie-driver/4.11.0/selenium-ie-driver-4.11.0.jar
2025-03-01 18:18:40,093 [BasicRepositoryConnector-repo.maven.apache.org-0-3] INFO  o.e.m.c.i.e.AbstractTransferListenerAdapter - Downloading https://repo.maven.apache.org/maven2/io/netty/netty-buffer/4.1.92.Final/netty-buffer-4.1.92.Final.jar
2025-03-01 18:18:40,274 [BasicRepositoryConnector-repo.maven.apache.org-0-1] INFO  o.e.m.c.i.e.AbstractTransferListenerAdapter - Downloaded https://repo.maven.apache.org/maven2/org/seleniumhq/selenium/selenium-devtools-v113/4.11.0/selenium-devtools-v113-4.11.0.jar
2025-03-01 18:18:40,302 [BasicRepositoryConnector-repo.maven.apache.org-0-3] INFO  o.e.m.c.i.e.AbstractTransferListenerAdapter - Downloaded https://repo.maven.apache.org/maven2/io/netty/netty-buffer/4.1.92.Final/netty-buffer-4.1.92.Final.jar
2025-03-01 18:18:40,351 [BasicRepositoryConnector-repo.maven.apache.org-0-1] INFO  o.e.m.c.i.e.AbstractTransferListenerAdapter - Downloading https://repo.maven.apache.org/maven2/io/netty/netty-codec-http/4.1.92.Final/netty-codec-http-4.1.92.Final.jar
2025-03-01 18:18:40,396 [BasicRepositoryConnector-repo.maven.apache.org-0-3] INFO  o.e.m.c.i.e.AbstractTransferListenerAdapter - Downloading https://repo.maven.apache.org/maven2/io/netty/netty-codec/4.1.92.Final/netty-codec-4.1.92.Final.jar
2025-03-01 18:18:40,522 [BasicRepositoryConnector-repo.maven.apache.org-0-2] INFO  o.e.m.c.i.e.AbstractTransferListenerAdapter - Downloaded https://repo.maven.apache.org/maven2/org/seleniumhq/selenium/selenium-remote-driver/4.11.0/selenium-remote-driver-4.11.0.jar
2025-03-01 18:18:40,661 [BasicRepositoryConnector-repo.maven.apache.org-0-2] INFO  o.e.m.c.i.e.AbstractTransferListenerAdapter - Downloading https://repo.maven.apache.org/maven2/io/netty/netty-handler/4.1.92.Final/netty-handler-4.1.92.Final.jar
2025-03-01 18:18:40,664 [BasicRepositoryConnector-repo.maven.apache.org-0-3] INFO  o.e.m.c.i.e.AbstractTransferListenerAdapter - Downloaded https://repo.maven.apache.org/maven2/io/netty/netty-codec/4.1.92.Final/netty-codec-4.1.92.Final.jar
2025-03-01 18:18:40,807 [BasicRepositoryConnector-repo.maven.apache.org-0-3] INFO  o.e.m.c.i.e.AbstractTransferListenerAdapter - Downloading https://repo.maven.apache.org/maven2/io/netty/netty-common/4.1.92.Final/netty-common-4.1.92.Final.jar
2025-03-01 18:18:40,822 [BasicRepositoryConnector-repo.maven.apache.org-0-2] INFO  o.e.m.c.i.e.AbstractTransferListenerAdapter - Downloaded https://repo.maven.apache.org/maven2/io/netty/netty-handler/4.1.92.Final/netty-handler-4.1.92.Final.jar
2025-03-01 18:18:40,943 [BasicRepositoryConnector-repo.maven.apache.org-0-1] INFO  o.e.m.c.i.e.AbstractTransferListenerAdapter - Downloaded https://repo.maven.apache.org/maven2/io/netty/netty-codec-http/4.1.92.Final/netty-codec-http-4.1.92.Final.jar
2025-03-01 18:18:40,961 [BasicRepositoryConnector-repo.maven.apache.org-0-2] INFO  o.e.m.c.i.e.AbstractTransferListenerAdapter - Downloading https://repo.maven.apache.org/maven2/io/netty/netty-transport-classes-epoll/4.1.92.Final/netty-transport-classes-epoll-4.1.92.Final.jar
2025-03-01 18:18:41,056 [BasicRepositoryConnector-repo.maven.apache.org-0-2] INFO  o.e.m.c.i.e.AbstractTransferListenerAdapter - Downloaded https://repo.maven.apache.org/maven2/io/netty/netty-transport-classes-epoll/4.1.92.Final/netty-transport-classes-epoll-4.1.92.Final.jar
2025-03-01 18:18:41,072 [BasicRepositoryConnector-repo.maven.apache.org-0-1] INFO  o.e.m.c.i.e.AbstractTransferListenerAdapter - Downloading https://repo.maven.apache.org/maven2/io/netty/netty-transport-classes-kqueue/4.1.92.Final/netty-transport-classes-kqueue-4.1.92.Final.jar
2025-03-01 18:18:41,205 [BasicRepositoryConnector-repo.maven.apache.org-0-2] INFO  o.e.m.c.i.e.AbstractTransferListenerAdapter - Downloading https://repo.maven.apache.org/maven2/io/netty/netty-transport-native-epoll/4.1.92.Final/netty-transport-native-epoll-4.1.92.Final.jar
2025-03-01 18:18:41,210 [BasicRepositoryConnector-repo.maven.apache.org-0-3] INFO  o.e.m.c.i.e.AbstractTransferListenerAdapter - Downloaded https://repo.maven.apache.org/maven2/io/netty/netty-common/4.1.92.Final/netty-common-4.1.92.Final.jar
2025-03-01 18:18:41,220 [BasicRepositoryConnector-repo.maven.apache.org-0-2] INFO  o.e.m.c.i.e.AbstractTransferListenerAdapter - Downloaded https://repo.maven.apache.org/maven2/io/netty/netty-transport-native-epoll/4.1.92.Final/netty-transport-native-epoll-4.1.92.Final.jar
2025-03-01 18:18:41,233 [BasicRepositoryConnector-repo.maven.apache.org-0-1] INFO  o.e.m.c.i.e.AbstractTransferListenerAdapter - Downloaded https://repo.maven.apache.org/maven2/io/netty/netty-transport-classes-kqueue/4.1.92.Final/netty-transport-classes-kqueue-4.1.92.Final.jar
2025-03-01 18:18:41,272 [BasicRepositoryConnector-repo.maven.apache.org-0-0] INFO  o.e.m.c.i.e.AbstractTransferListenerAdapter - Downloaded https://repo.maven.apache.org/maven2/org/seleniumhq/selenium/selenium-devtools-v115/4.11.0/selenium-devtools-v115-4.11.0.jar
2025-03-01 18:18:41,284 [BasicRepositoryConnector-repo.maven.apache.org-0-2] INFO  o.e.m.c.i.e.AbstractTransferListenerAdapter - Downloading https://repo.maven.apache.org/maven2/io/netty/netty-transport-native-unix-common/4.1.92.Final/netty-transport-native-unix-common-4.1.92.Final.jar
2025-03-01 18:18:41,286 [BasicRepositoryConnector-repo.maven.apache.org-0-1] INFO  o.e.m.c.i.e.AbstractTransferListenerAdapter - Downloading https://repo.maven.apache.org/maven2/io/netty/netty-transport/4.1.92.Final/netty-transport-4.1.92.Final.jar
2025-03-01 18:18:41,289 [BasicRepositoryConnector-repo.maven.apache.org-0-3] INFO  o.e.m.c.i.e.AbstractTransferListenerAdapter - Downloading https://repo.maven.apache.org/maven2/io/netty/netty-transport-native-kqueue/4.1.92.Final/netty-transport-native-kqueue-4.1.92.Final.jar
2025-03-01 18:18:41,302 [BasicRepositoryConnector-repo.maven.apache.org-0-3] INFO  o.e.m.c.i.e.AbstractTransferListenerAdapter - Downloaded https://repo.maven.apache.org/maven2/io/netty/netty-transport-native-kqueue/4.1.92.Final/netty-transport-native-kqueue-4.1.92.Final.jar
2025-03-01 18:18:41,307 [BasicRepositoryConnector-repo.maven.apache.org-0-4] INFO  o.e.m.c.i.e.AbstractTransferListenerAdapter - Downloaded https://repo.maven.apache.org/maven2/org/seleniumhq/selenium/selenium-manager/4.11.0/selenium-manager-4.11.0.jar
2025-03-01 18:18:41,333 [BasicRepositoryConnector-repo.maven.apache.org-0-0] INFO  o.e.m.c.i.e.AbstractTransferListenerAdapter - Downloading https://repo.maven.apache.org/maven2/io/netty/netty-resolver/4.1.92.Final/netty-resolver-4.1.92.Final.jar
2025-03-01 18:18:41,336 [BasicRepositoryConnector-repo.maven.apache.org-0-2] INFO  o.e.m.c.i.e.AbstractTransferListenerAdapter - Downloaded https://repo.maven.apache.org/maven2/io/netty/netty-transport-native-unix-common/4.1.92.Final/netty-transport-native-unix-common-4.1.92.Final.jar
2025-03-01 18:18:41,339 [BasicRepositoryConnector-repo.maven.apache.org-0-3] INFO  o.e.m.c.i.e.AbstractTransferListenerAdapter - Downloading https://repo.maven.apache.org/maven2/io/opentelemetry/opentelemetry-api/1.26.0/opentelemetry-api-1.26.0.jar
2025-03-01 18:18:41,343 [BasicRepositoryConnector-repo.maven.apache.org-0-4] INFO  o.e.m.c.i.e.AbstractTransferListenerAdapter - Downloading https://repo.maven.apache.org/maven2/io/opentelemetry/opentelemetry-context/1.26.0/opentelemetry-context-1.26.0.jar
2025-03-01 18:18:41,379 [BasicRepositoryConnector-repo.maven.apache.org-0-2] INFO  o.e.m.c.i.e.AbstractTransferListenerAdapter - Downloading https://repo.maven.apache.org/maven2/io/opentelemetry/opentelemetry-exporter-logging/1.26.0/opentelemetry-exporter-logging-1.26.0.jar
2025-03-01 18:18:41,394 [BasicRepositoryConnector-repo.maven.apache.org-0-4] INFO  o.e.m.c.i.e.AbstractTransferListenerAdapter - Downloaded https://repo.maven.apache.org/maven2/io/opentelemetry/opentelemetry-context/1.26.0/opentelemetry-context-1.26.0.jar
2025-03-01 18:18:41,398 [BasicRepositoryConnector-repo.maven.apache.org-0-2] INFO  o.e.m.c.i.e.AbstractTransferListenerAdapter - Downloaded https://repo.maven.apache.org/maven2/io/opentelemetry/opentelemetry-exporter-logging/1.26.0/opentelemetry-exporter-logging-1.26.0.jar
2025-03-01 18:18:41,404 [BasicRepositoryConnector-repo.maven.apache.org-0-0] INFO  o.e.m.c.i.e.AbstractTransferListenerAdapter - Downloaded https://repo.maven.apache.org/maven2/io/netty/netty-resolver/4.1.92.Final/netty-resolver-4.1.92.Final.jar
2025-03-01 18:18:41,448 [BasicRepositoryConnector-repo.maven.apache.org-0-2] INFO  o.e.m.c.i.e.AbstractTransferListenerAdapter - Downloading https://repo.maven.apache.org/maven2/io/opentelemetry/opentelemetry-extension-incubator/1.26.0-alpha/opentelemetry-extension-incubator-1.26.0-alpha.jar
2025-03-01 18:18:41,449 [BasicRepositoryConnector-repo.maven.apache.org-0-0] INFO  o.e.m.c.i.e.AbstractTransferListenerAdapter - Downloading https://repo.maven.apache.org/maven2/io/opentelemetry/opentelemetry-sdk-logs/1.26.0-alpha/opentelemetry-sdk-logs-1.26.0-alpha.jar
2025-03-01 18:18:41,450 [BasicRepositoryConnector-repo.maven.apache.org-0-4] INFO  o.e.m.c.i.e.AbstractTransferListenerAdapter - Downloading https://repo.maven.apache.org/maven2/io/opentelemetry/opentelemetry-sdk-metrics/1.26.0/opentelemetry-sdk-metrics-1.26.0.jar
2025-03-01 18:18:41,478 [BasicRepositoryConnector-repo.maven.apache.org-0-3] INFO  o.e.m.c.i.e.AbstractTransferListenerAdapter - Downloaded https://repo.maven.apache.org/maven2/io/opentelemetry/opentelemetry-api/1.26.0/opentelemetry-api-1.26.0.jar
2025-03-01 18:18:41,478 [BasicRepositoryConnector-repo.maven.apache.org-0-2] INFO  o.e.m.c.i.e.AbstractTransferListenerAdapter - Downloaded https://repo.maven.apache.org/maven2/io/opentelemetry/opentelemetry-extension-incubator/1.26.0-alpha/opentelemetry-extension-incubator-1.26.0-alpha.jar
2025-03-01 18:18:41,488 [BasicRepositoryConnector-repo.maven.apache.org-0-0] INFO  o.e.m.c.i.e.AbstractTransferListenerAdapter - Downloaded https://repo.maven.apache.org/maven2/io/opentelemetry/opentelemetry-sdk-logs/1.26.0-alpha/opentelemetry-sdk-logs-1.26.0-alpha.jar
2025-03-01 18:18:41,514 [BasicRepositoryConnector-repo.maven.apache.org-0-3] INFO  o.e.m.c.i.e.AbstractTransferListenerAdapter - Downloading https://repo.maven.apache.org/maven2/io/opentelemetry/opentelemetry-api-logs/1.26.0-alpha/opentelemetry-api-logs-1.26.0-alpha.jar
2025-03-01 18:18:41,517 [BasicRepositoryConnector-repo.maven.apache.org-0-2] INFO  o.e.m.c.i.e.AbstractTransferListenerAdapter - Downloading https://repo.maven.apache.org/maven2/io/opentelemetry/opentelemetry-api-events/1.26.0-alpha/opentelemetry-api-events-1.26.0-alpha.jar
2025-03-01 18:18:41,520 [BasicRepositoryConnector-repo.maven.apache.org-0-0] INFO  o.e.m.c.i.e.AbstractTransferListenerAdapter - Downloading https://repo.maven.apache.org/maven2/io/opentelemetry/opentelemetry-sdk-common/1.26.0/opentelemetry-sdk-common-1.26.0.jar
2025-03-01 18:18:41,531 [BasicRepositoryConnector-repo.maven.apache.org-0-3] INFO  o.e.m.c.i.e.AbstractTransferListenerAdapter - Downloaded https://repo.maven.apache.org/maven2/io/opentelemetry/opentelemetry-api-logs/1.26.0-alpha/opentelemetry-api-logs-1.26.0-alpha.jar
2025-03-01 18:18:41,540 [BasicRepositoryConnector-repo.maven.apache.org-0-2] INFO  o.e.m.c.i.e.AbstractTransferListenerAdapter - Downloaded https://repo.maven.apache.org/maven2/io/opentelemetry/opentelemetry-api-events/1.26.0-alpha/opentelemetry-api-events-1.26.0-alpha.jar
2025-03-01 18:18:41,558 [BasicRepositoryConnector-repo.maven.apache.org-0-0] INFO  o.e.m.c.i.e.AbstractTransferListenerAdapter - Downloaded https://repo.maven.apache.org/maven2/io/opentelemetry/opentelemetry-sdk-common/1.26.0/opentelemetry-sdk-common-1.26.0.jar
2025-03-01 18:18:41,563 [BasicRepositoryConnector-repo.maven.apache.org-0-3] INFO  o.e.m.c.i.e.AbstractTransferListenerAdapter - Downloading https://repo.maven.apache.org/maven2/io/opentelemetry/opentelemetry-sdk-extension-autoconfigure-spi/1.26.0/opentelemetry-sdk-extension-autoconfigure-spi-1.26.0.jar
2025-03-01 18:18:41,570 [BasicRepositoryConnector-repo.maven.apache.org-0-2] INFO  o.e.m.c.i.e.AbstractTransferListenerAdapter - Downloading https://repo.maven.apache.org/maven2/io/opentelemetry/opentelemetry-sdk-extension-autoconfigure/1.26.0-alpha/opentelemetry-sdk-extension-autoconfigure-1.26.0-alpha.jar
2025-03-01 18:18:41,602 [BasicRepositoryConnector-repo.maven.apache.org-0-0] INFO  o.e.m.c.i.e.AbstractTransferListenerAdapter - Downloading https://repo.maven.apache.org/maven2/io/opentelemetry/opentelemetry-sdk-trace/1.26.0/opentelemetry-sdk-trace-1.26.0.jar
2025-03-01 18:18:41,631 [BasicRepositoryConnector-repo.maven.apache.org-0-2] INFO  o.e.m.c.i.e.AbstractTransferListenerAdapter - Downloaded https://repo.maven.apache.org/maven2/io/opentelemetry/opentelemetry-sdk-extension-autoconfigure/1.26.0-alpha/opentelemetry-sdk-extension-autoconfigure-1.26.0-alpha.jar
2025-03-01 18:18:41,643 [BasicRepositoryConnector-repo.maven.apache.org-0-3] INFO  o.e.m.c.i.e.AbstractTransferListenerAdapter - Downloaded https://repo.maven.apache.org/maven2/io/opentelemetry/opentelemetry-sdk-extension-autoconfigure-spi/1.26.0/opentelemetry-sdk-extension-autoconfigure-spi-1.26.0.jar
2025-03-01 18:18:41,679 [BasicRepositoryConnector-repo.maven.apache.org-0-2] INFO  o.e.m.c.i.e.AbstractTransferListenerAdapter - Downloading https://repo.maven.apache.org/maven2/io/opentelemetry/opentelemetry-sdk/1.26.0/opentelemetry-sdk-1.26.0.jar
2025-03-01 18:18:41,693 [BasicRepositoryConnector-repo.maven.apache.org-0-3] INFO  o.e.m.c.i.e.AbstractTransferListenerAdapter - Downloading https://repo.maven.apache.org/maven2/io/opentelemetry/opentelemetry-semconv/1.26.0-alpha/opentelemetry-semconv-1.26.0-alpha.jar
2025-03-01 18:18:41,695 [BasicRepositoryConnector-repo.maven.apache.org-0-0] INFO  o.e.m.c.i.e.AbstractTransferListenerAdapter - Downloaded https://repo.maven.apache.org/maven2/io/opentelemetry/opentelemetry-sdk-trace/1.26.0/opentelemetry-sdk-trace-1.26.0.jar
2025-03-01 18:18:41,695 [BasicRepositoryConnector-repo.maven.apache.org-0-2] INFO  o.e.m.c.i.e.AbstractTransferListenerAdapter - Downloaded https://repo.maven.apache.org/maven2/io/opentelemetry/opentelemetry-sdk/1.26.0/opentelemetry-sdk-1.26.0.jar
2025-03-01 18:18:41,713 [BasicRepositoryConnector-repo.maven.apache.org-0-4] INFO  o.e.m.c.i.e.AbstractTransferListenerAdapter - Downloaded https://repo.maven.apache.org/maven2/io/opentelemetry/opentelemetry-sdk-metrics/1.26.0/opentelemetry-sdk-metrics-1.26.0.jar
2025-03-01 18:18:41,731 [BasicRepositoryConnector-repo.maven.apache.org-0-0] INFO  o.e.m.c.i.e.AbstractTransferListenerAdapter - Downloading https://repo.maven.apache.org/maven2/net/bytebuddy/byte-buddy/1.14.4/byte-buddy-1.14.4.jar
2025-03-01 18:18:41,731 [BasicRepositoryConnector-repo.maven.apache.org-0-2] INFO  o.e.m.c.i.e.AbstractTransferListenerAdapter - Downloading https://repo.maven.apache.org/maven2/org/seleniumhq/selenium/selenium-safari-driver/4.11.0/selenium-safari-driver-4.11.0.jar
2025-03-01 18:18:41,732 [BasicRepositoryConnector-repo.maven.apache.org-0-3] INFO  o.e.m.c.i.e.AbstractTransferListenerAdapter - Downloaded https://repo.maven.apache.org/maven2/io/opentelemetry/opentelemetry-semconv/1.26.0-alpha/opentelemetry-semconv-1.26.0-alpha.jar
2025-03-01 18:18:41,779 [BasicRepositoryConnector-repo.maven.apache.org-0-1] INFO  o.e.m.c.i.e.AbstractTransferListenerAdapter - Downloaded https://repo.maven.apache.org/maven2/io/netty/netty-transport/4.1.92.Final/netty-transport-4.1.92.Final.jar
2025-03-01 18:18:41,806 [BasicRepositoryConnector-repo.maven.apache.org-0-4] INFO  o.e.m.c.i.e.AbstractTransferListenerAdapter - Downloading https://repo.maven.apache.org/maven2/org/seleniumhq/selenium/selenium-support/4.11.0/selenium-support-4.11.0.jar
2025-03-01 18:18:41,808 [BasicRepositoryConnector-repo.maven.apache.org-0-2] INFO  o.e.m.c.i.e.AbstractTransferListenerAdapter - Downloaded https://repo.maven.apache.org/maven2/org/seleniumhq/selenium/selenium-safari-driver/4.11.0/selenium-safari-driver-4.11.0.jar
2025-03-01 18:18:41,825 [BasicRepositoryConnector-repo.maven.apache.org-0-3] INFO  o.e.m.c.i.e.AbstractTransferListenerAdapter - Downloading https://repo.maven.apache.org/maven2/io/github/bonigarcia/webdrivermanager/5.9.2/webdrivermanager-5.9.2.jar
2025-03-01 18:18:41,957 [BasicRepositoryConnector-repo.maven.apache.org-0-1] INFO  o.e.m.c.i.e.AbstractTransferListenerAdapter - Downloading https://repo.maven.apache.org/maven2/org/slf4j/slf4j-api/2.0.13/slf4j-api-2.0.13.jar
2025-03-01 18:18:42,020 [BasicRepositoryConnector-repo.maven.apache.org-0-1] INFO  o.e.m.c.i.e.AbstractTransferListenerAdapter - Downloaded https://repo.maven.apache.org/maven2/org/slf4j/slf4j-api/2.0.13/slf4j-api-2.0.13.jar
2025-03-01 18:18:42,050 [BasicRepositoryConnector-repo.maven.apache.org-0-2] INFO  o.e.m.c.i.e.AbstractTransferListenerAdapter - Downloading https://repo.maven.apache.org/maven2/com/google/code/gson/gson/2.11.0/gson-2.11.0.jar
2025-03-01 18:18:42,187 [BasicRepositoryConnector-repo.maven.apache.org-0-4] INFO  o.e.m.c.i.e.AbstractTransferListenerAdapter - Downloaded https://repo.maven.apache.org/maven2/org/seleniumhq/selenium/selenium-support/4.11.0/selenium-support-4.11.0.jar
2025-03-01 18:18:42,223 [BasicRepositoryConnector-repo.maven.apache.org-0-1] INFO  o.e.m.c.i.e.AbstractTransferListenerAdapter - Downloading https://repo.maven.apache.org/maven2/com/google/errorprone/error_prone_annotations/2.27.0/error_prone_annotations-2.27.0.jar
2025-03-01 18:18:42,235 [BasicRepositoryConnector-repo.maven.apache.org-0-3] INFO  o.e.m.c.i.e.AbstractTransferListenerAdapter - Downloaded https://repo.maven.apache.org/maven2/io/github/bonigarcia/webdrivermanager/5.9.2/webdrivermanager-5.9.2.jar
2025-03-01 18:18:42,251 [BasicRepositoryConnector-repo.maven.apache.org-0-1] INFO  o.e.m.c.i.e.AbstractTransferListenerAdapter - Downloaded https://repo.maven.apache.org/maven2/com/google/errorprone/error_prone_annotations/2.27.0/error_prone_annotations-2.27.0.jar
2025-03-01 18:18:42,280 [BasicRepositoryConnector-repo.maven.apache.org-0-4] INFO  o.e.m.c.i.e.AbstractTransferListenerAdapter - Downloading https://repo.maven.apache.org/maven2/com/github/docker-java/docker-java/3.4.0/docker-java-3.4.0.jar
2025-03-01 18:18:42,292 [BasicRepositoryConnector-repo.maven.apache.org-0-4] INFO  o.e.m.c.i.e.AbstractTransferListenerAdapter - Downloaded https://repo.maven.apache.org/maven2/com/github/docker-java/docker-java/3.4.0/docker-java-3.4.0.jar
2025-03-01 18:18:42,319 [BasicRepositoryConnector-repo.maven.apache.org-0-3] INFO  o.e.m.c.i.e.AbstractTransferListenerAdapter - Downloading https://repo.maven.apache.org/maven2/com/github/docker-java/docker-java-core/3.4.0/docker-java-core-3.4.0.jar
2025-03-01 18:18:42,321 [BasicRepositoryConnector-repo.maven.apache.org-0-1] INFO  o.e.m.c.i.e.AbstractTransferListenerAdapter - Downloading https://repo.maven.apache.org/maven2/com/github/docker-java/docker-java-api/3.4.0/docker-java-api-3.4.0.jar
2025-03-01 18:18:42,374 [BasicRepositoryConnector-repo.maven.apache.org-0-4] INFO  o.e.m.c.i.e.AbstractTransferListenerAdapter - Downloading https://repo.maven.apache.org/maven2/com/github/docker-java/docker-java-transport-httpclient5/3.4.0/docker-java-transport-httpclient5-3.4.0.jar
2025-03-01 18:18:42,423 [BasicRepositoryConnector-repo.maven.apache.org-0-4] INFO  o.e.m.c.i.e.AbstractTransferListenerAdapter - Downloaded https://repo.maven.apache.org/maven2/com/github/docker-java/docker-java-transport-httpclient5/3.4.0/docker-java-transport-httpclient5-3.4.0.jar
2025-03-01 18:18:42,607 [BasicRepositoryConnector-repo.maven.apache.org-0-2] INFO  o.e.m.c.i.e.AbstractTransferListenerAdapter - Downloaded https://repo.maven.apache.org/maven2/com/google/code/gson/gson/2.11.0/gson-2.11.0.jar
2025-03-01 18:18:42,641 [BasicRepositoryConnector-repo.maven.apache.org-0-4] INFO  o.e.m.c.i.e.AbstractTransferListenerAdapter - Downloading https://repo.maven.apache.org/maven2/com/github/docker-java/docker-java-transport/3.4.0/docker-java-transport-3.4.0.jar
2025-03-01 18:18:42,692 [BasicRepositoryConnector-repo.maven.apache.org-0-4] INFO  o.e.m.c.i.e.AbstractTransferListenerAdapter - Downloaded https://repo.maven.apache.org/maven2/com/github/docker-java/docker-java-transport/3.4.0/docker-java-transport-3.4.0.jar
2025-03-01 18:18:42,764 [BasicRepositoryConnector-repo.maven.apache.org-0-2] INFO  o.e.m.c.i.e.AbstractTransferListenerAdapter - Downloading https://repo.maven.apache.org/maven2/net/java/dev/jna/jna/5.13.0/jna-5.13.0.jar
2025-03-01 18:18:42,790 [BasicRepositoryConnector-repo.maven.apache.org-0-0] INFO  o.e.m.c.i.e.AbstractTransferListenerAdapter - Downloaded https://repo.maven.apache.org/maven2/net/bytebuddy/byte-buddy/1.14.4/byte-buddy-1.14.4.jar
2025-03-01 18:18:42,792 [BasicRepositoryConnector-repo.maven.apache.org-0-1] INFO  o.e.m.c.i.e.AbstractTransferListenerAdapter - Downloaded https://repo.maven.apache.org/maven2/com/github/docker-java/docker-java-api/3.4.0/docker-java-api-3.4.0.jar
2025-03-01 18:18:42,807 [BasicRepositoryConnector-repo.maven.apache.org-0-4] INFO  o.e.m.c.i.e.AbstractTransferListenerAdapter - Downloading https://repo.maven.apache.org/maven2/org/apache/commons/commons-lang3/3.15.0/commons-lang3-3.15.0.jar
2025-03-01 18:18:42,857 [BasicRepositoryConnector-repo.maven.apache.org-0-1] INFO  o.e.m.c.i.e.AbstractTransferListenerAdapter - Downloading https://repo.maven.apache.org/maven2/org/apache/httpcomponents/core5/httpcore5/5.2/httpcore5-5.2.jar
2025-03-01 18:18:42,857 [BasicRepositoryConnector-repo.maven.apache.org-0-0] INFO  o.e.m.c.i.e.AbstractTransferListenerAdapter - Downloading https://repo.maven.apache.org/maven2/org/apache/httpcomponents/client5/httpclient5/5.2.1/httpclient5-5.2.1.jar
2025-03-01 18:18:42,892 [BasicRepositoryConnector-repo.maven.apache.org-0-3] INFO  o.e.m.c.i.e.AbstractTransferListenerAdapter - Downloaded https://repo.maven.apache.org/maven2/com/github/docker-java/docker-java-core/3.4.0/docker-java-core-3.4.0.jar
2025-03-01 18:18:43,054 [BasicRepositoryConnector-repo.maven.apache.org-0-3] INFO  o.e.m.c.i.e.AbstractTransferListenerAdapter - Downloading https://repo.maven.apache.org/maven2/org/apache/httpcomponents/core5/httpcore5-h2/5.2/httpcore5-h2-5.2.jar
2025-03-01 18:18:43,122 [BasicRepositoryConnector-repo.maven.apache.org-0-0] INFO  o.e.m.c.i.e.AbstractTransferListenerAdapter - Downloaded https://repo.maven.apache.org/maven2/org/apache/httpcomponents/client5/httpclient5/5.2.1/httpclient5-5.2.1.jar
2025-03-01 18:18:43,254 [BasicRepositoryConnector-repo.maven.apache.org-0-0] INFO  o.e.m.c.i.e.AbstractTransferListenerAdapter - Downloading https://repo.maven.apache.org/maven2/io/cucumber/cucumber-testng/7.20.1/cucumber-testng-7.20.1.jar
2025-03-01 18:18:43,280 [BasicRepositoryConnector-repo.maven.apache.org-0-0] INFO  o.e.m.c.i.e.AbstractTransferListenerAdapter - Downloaded https://repo.maven.apache.org/maven2/io/cucumber/cucumber-testng/7.20.1/cucumber-testng-7.20.1.jar
2025-03-01 18:18:43,406 [BasicRepositoryConnector-repo.maven.apache.org-0-2] INFO  o.e.m.c.i.e.AbstractTransferListenerAdapter - Downloaded https://repo.maven.apache.org/maven2/net/java/dev/jna/jna/5.13.0/jna-5.13.0.jar
2025-03-01 18:18:43,411 [BasicRepositoryConnector-repo.maven.apache.org-0-0] INFO  o.e.m.c.i.e.AbstractTransferListenerAdapter - Downloading https://repo.maven.apache.org/maven2/io/cucumber/cucumber-core/7.20.1/cucumber-core-7.20.1.jar
2025-03-01 18:18:43,413 [BasicRepositoryConnector-repo.maven.apache.org-0-1] INFO  o.e.m.c.i.e.AbstractTransferListenerAdapter - Downloaded https://repo.maven.apache.org/maven2/org/apache/httpcomponents/core5/httpcore5/5.2/httpcore5-5.2.jar
2025-03-01 18:18:43,515 [BasicRepositoryConnector-repo.maven.apache.org-0-3] INFO  o.e.m.c.i.e.AbstractTransferListenerAdapter - Downloaded https://repo.maven.apache.org/maven2/org/apache/httpcomponents/core5/httpcore5-h2/5.2/httpcore5-h2-5.2.jar
2025-03-01 18:18:43,560 [BasicRepositoryConnector-repo.maven.apache.org-0-2] INFO  o.e.m.c.i.e.AbstractTransferListenerAdapter - Downloading https://repo.maven.apache.org/maven2/io/cucumber/cucumber-gherkin/7.20.1/cucumber-gherkin-7.20.1.jar
2025-03-01 18:18:43,571 [BasicRepositoryConnector-repo.maven.apache.org-0-1] INFO  o.e.m.c.i.e.AbstractTransferListenerAdapter - Downloading https://repo.maven.apache.org/maven2/io/cucumber/cucumber-gherkin-messages/7.20.1/cucumber-gherkin-messages-7.20.1.jar
2025-03-01 18:18:43,574 [BasicRepositoryConnector-repo.maven.apache.org-0-2] INFO  o.e.m.c.i.e.AbstractTransferListenerAdapter - Downloaded https://repo.maven.apache.org/maven2/io/cucumber/cucumber-gherkin/7.20.1/cucumber-gherkin-7.20.1.jar
2025-03-01 18:18:43,581 [BasicRepositoryConnector-repo.maven.apache.org-0-4] INFO  o.e.m.c.i.e.AbstractTransferListenerAdapter - Downloaded https://repo.maven.apache.org/maven2/org/apache/commons/commons-lang3/3.15.0/commons-lang3-3.15.0.jar
2025-03-01 18:18:43,614 [BasicRepositoryConnector-repo.maven.apache.org-0-1] INFO  o.e.m.c.i.e.AbstractTransferListenerAdapter - Downloaded https://repo.maven.apache.org/maven2/io/cucumber/cucumber-gherkin-messages/7.20.1/cucumber-gherkin-messages-7.20.1.jar
2025-03-01 18:18:43,631 [BasicRepositoryConnector-repo.maven.apache.org-0-3] INFO  o.e.m.c.i.e.AbstractTransferListenerAdapter - Downloading https://repo.maven.apache.org/maven2/io/cucumber/gherkin/28.0.0/gherkin-28.0.0.jar
2025-03-01 18:18:43,696 [BasicRepositoryConnector-repo.maven.apache.org-0-2] INFO  o.e.m.c.i.e.AbstractTransferListenerAdapter - Downloading https://repo.maven.apache.org/maven2/io/cucumber/messages/24.1.0/messages-24.1.0.jar
2025-03-01 18:18:43,704 [BasicRepositoryConnector-repo.maven.apache.org-0-4] INFO  o.e.m.c.i.e.AbstractTransferListenerAdapter - Downloading https://repo.maven.apache.org/maven2/io/cucumber/testng-xml-formatter/0.2.0/testng-xml-formatter-0.2.0.jar
2025-03-01 18:18:43,713 [BasicRepositoryConnector-repo.maven.apache.org-0-3] INFO  o.e.m.c.i.e.AbstractTransferListenerAdapter - Downloaded https://repo.maven.apache.org/maven2/io/cucumber/gherkin/28.0.0/gherkin-28.0.0.jar
2025-03-01 18:18:43,728 [BasicRepositoryConnector-repo.maven.apache.org-0-4] INFO  o.e.m.c.i.e.AbstractTransferListenerAdapter - Downloaded https://repo.maven.apache.org/maven2/io/cucumber/testng-xml-formatter/0.2.0/testng-xml-formatter-0.2.0.jar
2025-03-01 18:18:43,749 [BasicRepositoryConnector-repo.maven.apache.org-0-1] INFO  o.e.m.c.i.e.AbstractTransferListenerAdapter - Downloading https://repo.maven.apache.org/maven2/io/cucumber/query/12.2.0/query-12.2.0.jar
2025-03-01 18:18:43,809 [BasicRepositoryConnector-repo.maven.apache.org-0-3] INFO  o.e.m.c.i.e.AbstractTransferListenerAdapter - Downloading https://repo.maven.apache.org/maven2/io/cucumber/tag-expressions/6.1.0/tag-expressions-6.1.0.jar
2025-03-01 18:18:43,833 [BasicRepositoryConnector-repo.maven.apache.org-0-1] INFO  o.e.m.c.i.e.AbstractTransferListenerAdapter - Downloaded https://repo.maven.apache.org/maven2/io/cucumber/query/12.2.0/query-12.2.0.jar
2025-03-01 18:18:43,837 [BasicRepositoryConnector-repo.maven.apache.org-0-3] INFO  o.e.m.c.i.e.AbstractTransferListenerAdapter - Downloaded https://repo.maven.apache.org/maven2/io/cucumber/tag-expressions/6.1.0/tag-expressions-6.1.0.jar
2025-03-01 18:18:43,865 [BasicRepositoryConnector-repo.maven.apache.org-0-2] INFO  o.e.m.c.i.e.AbstractTransferListenerAdapter - Downloaded https://repo.maven.apache.org/maven2/io/cucumber/messages/24.1.0/messages-24.1.0.jar
2025-03-01 18:18:43,930 [BasicRepositoryConnector-repo.maven.apache.org-0-1] INFO  o.e.m.c.i.e.AbstractTransferListenerAdapter - Downloading https://repo.maven.apache.org/maven2/io/cucumber/datatable/7.20.1/datatable-7.20.1.jar
2025-03-01 18:18:43,930 [BasicRepositoryConnector-repo.maven.apache.org-0-4] INFO  o.e.m.c.i.e.AbstractTransferListenerAdapter - Downloading https://repo.maven.apache.org/maven2/io/cucumber/cucumber-expressions/17.1.0/cucumber-expressions-17.1.0.jar
2025-03-01 18:18:43,932 [BasicRepositoryConnector-repo.maven.apache.org-0-3] INFO  o.e.m.c.i.e.AbstractTransferListenerAdapter - Downloading https://repo.maven.apache.org/maven2/io/cucumber/cucumber-plugin/7.20.1/cucumber-plugin-7.20.1.jar
2025-03-01 18:18:43,932 [BasicRepositoryConnector-repo.maven.apache.org-0-2] INFO  o.e.m.c.i.e.AbstractTransferListenerAdapter - Downloading https://repo.maven.apache.org/maven2/io/cucumber/docstring/7.20.1/docstring-7.20.1.jar
2025-03-01 18:18:43,977 [BasicRepositoryConnector-repo.maven.apache.org-0-2] INFO  o.e.m.c.i.e.AbstractTransferListenerAdapter - Downloaded https://repo.maven.apache.org/maven2/io/cucumber/docstring/7.20.1/docstring-7.20.1.jar
2025-03-01 18:18:44,010 [BasicRepositoryConnector-repo.maven.apache.org-0-3] INFO  o.e.m.c.i.e.AbstractTransferListenerAdapter - Downloaded https://repo.maven.apache.org/maven2/io/cucumber/cucumber-plugin/7.20.1/cucumber-plugin-7.20.1.jar
2025-03-01 18:18:44,014 [BasicRepositoryConnector-repo.maven.apache.org-0-2] INFO  o.e.m.c.i.e.AbstractTransferListenerAdapter - Downloading https://repo.maven.apache.org/maven2/io/cucumber/html-formatter/21.7.0/html-formatter-21.7.0.jar
2025-03-01 18:18:44,015 [BasicRepositoryConnector-repo.maven.apache.org-0-0] INFO  o.e.m.c.i.e.AbstractTransferListenerAdapter - Downloaded https://repo.maven.apache.org/maven2/io/cucumber/cucumber-core/7.20.1/cucumber-core-7.20.1.jar
2025-03-01 18:18:44,055 [BasicRepositoryConnector-repo.maven.apache.org-0-1] INFO  o.e.m.c.i.e.AbstractTransferListenerAdapter - Downloaded https://repo.maven.apache.org/maven2/io/cucumber/datatable/7.20.1/datatable-7.20.1.jar
2025-03-01 18:18:44,055 [BasicRepositoryConnector-repo.maven.apache.org-0-4] INFO  o.e.m.c.i.e.AbstractTransferListenerAdapter - Downloaded https://repo.maven.apache.org/maven2/io/cucumber/cucumber-expressions/17.1.0/cucumber-expressions-17.1.0.jar
2025-03-01 18:18:44,078 [BasicRepositoryConnector-repo.maven.apache.org-0-3] INFO  o.e.m.c.i.e.AbstractTransferListenerAdapter - Downloading https://repo.maven.apache.org/maven2/io/cucumber/junit-xml-formatter/0.5.0/junit-xml-formatter-0.5.0.jar
2025-03-01 18:18:44,086 [BasicRepositoryConnector-repo.maven.apache.org-0-0] INFO  o.e.m.c.i.e.AbstractTransferListenerAdapter - Downloading https://repo.maven.apache.org/maven2/io/cucumber/ci-environment/10.0.1/ci-environment-10.0.1.jar
2025-03-01 18:18:44,097 [BasicRepositoryConnector-repo.maven.apache.org-0-3] INFO  o.e.m.c.i.e.AbstractTransferListenerAdapter - Downloaded https://repo.maven.apache.org/maven2/io/cucumber/junit-xml-formatter/0.5.0/junit-xml-formatter-0.5.0.jar
2025-03-01 18:18:44,130 [BasicRepositoryConnector-repo.maven.apache.org-0-2] INFO  o.e.m.c.i.e.AbstractTransferListenerAdapter - Downloaded https://repo.maven.apache.org/maven2/io/cucumber/html-formatter/21.7.0/html-formatter-21.7.0.jar
2025-03-01 18:18:44,134 [BasicRepositoryConnector-repo.maven.apache.org-0-4] INFO  o.e.m.c.i.e.AbstractTransferListenerAdapter - Downloading https://repo.maven.apache.org/maven2/org/webjars/jquery/3.7.1/jquery-3.7.1.jar
2025-03-01 18:18:44,134 [BasicRepositoryConnector-repo.maven.apache.org-0-1] INFO  o.e.m.c.i.e.AbstractTransferListenerAdapter - Downloading https://repo.maven.apache.org/maven2/org/testng/testng/7.10.2/testng-7.10.2.jar
2025-03-01 18:18:44,134 [BasicRepositoryConnector-repo.maven.apache.org-0-3] INFO  o.e.m.c.i.e.AbstractTransferListenerAdapter - Downloading https://repo.maven.apache.org/maven2/com/relevantcodes/extentreports/2.41.2/extentreports-2.41.2.jar
2025-03-01 18:18:44,142 [BasicRepositoryConnector-repo.maven.apache.org-0-0] INFO  o.e.m.c.i.e.AbstractTransferListenerAdapter - Downloaded https://repo.maven.apache.org/maven2/io/cucumber/ci-environment/10.0.1/ci-environment-10.0.1.jar
2025-03-01 18:18:44,320 [BasicRepositoryConnector-repo.maven.apache.org-0-2] INFO  o.e.m.c.i.e.AbstractTransferListenerAdapter - Downloading https://repo.maven.apache.org/maven2/org/jsoup/jsoup/1.8.3/jsoup-1.8.3.jar
2025-03-01 18:18:44,335 [BasicRepositoryConnector-repo.maven.apache.org-0-0] INFO  o.e.m.c.i.e.AbstractTransferListenerAdapter - Downloading https://repo.maven.apache.org/maven2/org/xerial/sqlite-jdbc/3.8.11.1/sqlite-jdbc-3.8.11.1.jar
2025-03-01 18:18:44,505 [BasicRepositoryConnector-repo.maven.apache.org-0-2] INFO  o.e.m.c.i.e.AbstractTransferListenerAdapter - Downloaded https://repo.maven.apache.org/maven2/org/jsoup/jsoup/1.8.3/jsoup-1.8.3.jar
2025-03-01 18:18:44,561 [BasicRepositoryConnector-repo.maven.apache.org-0-3] INFO  o.e.m.c.i.e.AbstractTransferListenerAdapter - Downloaded https://repo.maven.apache.org/maven2/com/relevantcodes/extentreports/2.41.2/extentreports-2.41.2.jar
2025-03-01 18:18:44,618 [BasicRepositoryConnector-repo.maven.apache.org-0-2] INFO  o.e.m.c.i.e.AbstractTransferListenerAdapter - Downloading https://repo.maven.apache.org/maven2/org/freemarker/freemarker/2.3.23/freemarker-2.3.23.jar
2025-03-01 18:18:44,664 [BasicRepositoryConnector-repo.maven.apache.org-0-3] INFO  o.e.m.c.i.e.AbstractTransferListenerAdapter - Downloading https://repo.maven.apache.org/maven2/org/mongodb/mongodb-driver/3.0.4/mongodb-driver-3.0.4.jar
2025-03-01 18:18:44,976 [BasicRepositoryConnector-repo.maven.apache.org-0-3] INFO  o.e.m.c.i.e.AbstractTransferListenerAdapter - Downloaded https://repo.maven.apache.org/maven2/org/mongodb/mongodb-driver/3.0.4/mongodb-driver-3.0.4.jar
2025-03-01 18:18:45,080 [BasicRepositoryConnector-repo.maven.apache.org-0-3] INFO  o.e.m.c.i.e.AbstractTransferListenerAdapter - Downloading https://repo.maven.apache.org/maven2/org/mongodb/bson/3.0.4/bson-3.0.4.jar
2025-03-01 18:18:45,099 [BasicRepositoryConnector-repo.maven.apache.org-0-4] INFO  o.e.m.c.i.e.AbstractTransferListenerAdapter - Downloaded https://repo.maven.apache.org/maven2/org/webjars/jquery/3.7.1/jquery-3.7.1.jar
2025-03-01 18:18:45,114 [BasicRepositoryConnector-repo.maven.apache.org-0-2] INFO  o.e.m.c.i.e.AbstractTransferListenerAdapter - Downloaded https://repo.maven.apache.org/maven2/org/freemarker/freemarker/2.3.23/freemarker-2.3.23.jar
2025-03-01 18:18:45,171 [BasicRepositoryConnector-repo.maven.apache.org-0-4] INFO  o.e.m.c.i.e.AbstractTransferListenerAdapter - Downloading https://repo.maven.apache.org/maven2/org/mongodb/mongodb-driver-core/3.0.4/mongodb-driver-core-3.0.4.jar
2025-03-01 18:18:45,200 [BasicRepositoryConnector-repo.maven.apache.org-0-3] INFO  o.e.m.c.i.e.AbstractTransferListenerAdapter - Downloaded https://repo.maven.apache.org/maven2/org/mongodb/bson/3.0.4/bson-3.0.4.jar
2025-03-01 18:18:45,215 [BasicRepositoryConnector-repo.maven.apache.org-0-2] INFO  o.e.m.c.i.e.AbstractTransferListenerAdapter - Downloading https://repo.maven.apache.org/maven2/com/aventstack/extentreports/3.0.1/extentreports-3.0.1.jar
2025-03-01 18:18:45,338 [BasicRepositoryConnector-repo.maven.apache.org-0-3] INFO  o.e.m.c.i.e.AbstractTransferListenerAdapter - Downloading https://repo.maven.apache.org/maven2/org/apache/httpcomponents/httpclient/4.5.2/httpclient-4.5.2.jar
2025-03-01 18:18:45,396 [BasicRepositoryConnector-repo.maven.apache.org-0-1] INFO  o.e.m.c.i.e.AbstractTransferListenerAdapter - Downloaded https://repo.maven.apache.org/maven2/org/testng/testng/7.10.2/testng-7.10.2.jar
2025-03-01 18:18:45,401 [BasicRepositoryConnector-repo.maven.apache.org-0-4] INFO  o.e.m.c.i.e.AbstractTransferListenerAdapter - Downloaded https://repo.maven.apache.org/maven2/org/mongodb/mongodb-driver-core/3.0.4/mongodb-driver-core-3.0.4.jar
2025-03-01 18:18:45,523 [BasicRepositoryConnector-repo.maven.apache.org-0-3] INFO  o.e.m.c.i.e.AbstractTransferListenerAdapter - Downloaded https://repo.maven.apache.org/maven2/org/apache/httpcomponents/httpclient/4.5.2/httpclient-4.5.2.jar
2025-03-01 18:18:45,539 [BasicRepositoryConnector-repo.maven.apache.org-0-4] INFO  o.e.m.c.i.e.AbstractTransferListenerAdapter - Downloading https://repo.maven.apache.org/maven2/commons-logging/commons-logging/1.2/commons-logging-1.2.jar
2025-03-01 18:18:45,540 [BasicRepositoryConnector-repo.maven.apache.org-0-1] INFO  o.e.m.c.i.e.AbstractTransferListenerAdapter - Downloading https://repo.maven.apache.org/maven2/org/apache/httpcomponents/httpcore/4.4.4/httpcore-4.4.4.jar
2025-03-01 18:18:45,569 [BasicRepositoryConnector-repo.maven.apache.org-0-2] INFO  o.e.m.c.i.e.AbstractTransferListenerAdapter - Downloaded https://repo.maven.apache.org/maven2/com/aventstack/extentreports/3.0.1/extentreports-3.0.1.jar
2025-03-01 18:18:45,654 [BasicRepositoryConnector-repo.maven.apache.org-0-3] INFO  o.e.m.c.i.e.AbstractTransferListenerAdapter - Downloading https://repo.maven.apache.org/maven2/org/apache/httpcomponents/httpmime/4.5.2/httpmime-4.5.2.jar
2025-03-01 18:18:45,665 [BasicRepositoryConnector-repo.maven.apache.org-0-4] INFO  o.e.m.c.i.e.AbstractTransferListenerAdapter - Downloaded https://repo.maven.apache.org/maven2/commons-logging/commons-logging/1.2/commons-logging-1.2.jar
2025-03-01 18:18:45,709 [BasicRepositoryConnector-repo.maven.apache.org-0-2] INFO  o.e.m.c.i.e.AbstractTransferListenerAdapter - Downloading https://repo.maven.apache.org/maven2/io/cucumber/cucumber-junit/7.20.1/cucumber-junit-7.20.1.jar
2025-03-01 18:18:45,736 [BasicRepositoryConnector-repo.maven.apache.org-0-4] INFO  o.e.m.c.i.e.AbstractTransferListenerAdapter - Downloading https://repo.maven.apache.org/maven2/io/cucumber/cucumber-java/7.20.1/cucumber-java-7.20.1.jar
2025-03-01 18:18:45,755 [BasicRepositoryConnector-repo.maven.apache.org-0-2] INFO  o.e.m.c.i.e.AbstractTransferListenerAdapter - Downloaded https://repo.maven.apache.org/maven2/io/cucumber/cucumber-junit/7.20.1/cucumber-junit-7.20.1.jar
2025-03-01 18:18:45,766 [BasicRepositoryConnector-repo.maven.apache.org-0-3] INFO  o.e.m.c.i.e.AbstractTransferListenerAdapter - Downloaded https://repo.maven.apache.org/maven2/org/apache/httpcomponents/httpmime/4.5.2/httpmime-4.5.2.jar
2025-03-01 18:18:45,916 [BasicRepositoryConnector-repo.maven.apache.org-0-2] INFO  o.e.m.c.i.e.AbstractTransferListenerAdapter - Downloading https://repo.maven.apache.org/maven2/org/apache/poi/poi/5.3.0/poi-5.3.0.jar
2025-03-01 18:18:45,953 [BasicRepositoryConnector-repo.maven.apache.org-0-3] INFO  o.e.m.c.i.e.AbstractTransferListenerAdapter - Downloading https://repo.maven.apache.org/maven2/com/zaxxer/SparseBitSet/1.3/SparseBitSet-1.3.jar
2025-03-01 18:18:46,075 [BasicRepositoryConnector-repo.maven.apache.org-0-1] INFO  o.e.m.c.i.e.AbstractTransferListenerAdapter - Downloaded https://repo.maven.apache.org/maven2/org/apache/httpcomponents/httpcore/4.4.4/httpcore-4.4.4.jar
2025-03-01 18:18:46,107 [BasicRepositoryConnector-repo.maven.apache.org-0-3] INFO  o.e.m.c.i.e.AbstractTransferListenerAdapter - Downloaded https://repo.maven.apache.org/maven2/com/zaxxer/SparseBitSet/1.3/SparseBitSet-1.3.jar
2025-03-01 18:18:46,114 [BasicRepositoryConnector-repo.maven.apache.org-0-4] INFO  o.e.m.c.i.e.AbstractTransferListenerAdapter - Downloaded https://repo.maven.apache.org/maven2/io/cucumber/cucumber-java/7.20.1/cucumber-java-7.20.1.jar
2025-03-01 18:18:46,129 [BasicRepositoryConnector-repo.maven.apache.org-0-1] INFO  o.e.m.c.i.e.AbstractTransferListenerAdapter - Downloading https://repo.maven.apache.org/maven2/org/apache/logging/log4j/log4j-api/2.23.1/log4j-api-2.23.1.jar
2025-03-01 18:18:46,173 [BasicRepositoryConnector-repo.maven.apache.org-0-3] INFO  o.e.m.c.i.e.AbstractTransferListenerAdapter - Downloading https://repo.maven.apache.org/maven2/org/apache/poi/poi-ooxml/5.3.0/poi-ooxml-5.3.0.jar
2025-03-01 18:18:46,236 [BasicRepositoryConnector-repo.maven.apache.org-0-4] INFO  o.e.m.c.i.e.AbstractTransferListenerAdapter - Downloading https://repo.maven.apache.org/maven2/org/apache/poi/poi-ooxml-lite/5.3.0/poi-ooxml-lite-5.3.0.jar
2025-03-01 18:18:46,290 [BasicRepositoryConnector-repo.maven.apache.org-0-0] INFO  o.e.m.c.i.e.AbstractTransferListenerAdapter - Downloaded https://repo.maven.apache.org/maven2/org/xerial/sqlite-jdbc/3.8.11.1/sqlite-jdbc-3.8.11.1.jar
2025-03-01 18:18:46,430 [BasicRepositoryConnector-repo.maven.apache.org-0-0] INFO  o.e.m.c.i.e.AbstractTransferListenerAdapter - Downloading https://repo.maven.apache.org/maven2/org/apache/xmlbeans/xmlbeans/5.2.1/xmlbeans-5.2.1.jar
2025-03-01 18:18:46,439 [BasicRepositoryConnector-repo.maven.apache.org-0-1] INFO  o.e.m.c.i.e.AbstractTransferListenerAdapter - Downloaded https://repo.maven.apache.org/maven2/org/apache/logging/log4j/log4j-api/2.23.1/log4j-api-2.23.1.jar
2025-03-01 18:18:46,676 [BasicRepositoryConnector-repo.maven.apache.org-0-1] INFO  o.e.m.c.i.e.AbstractTransferListenerAdapter - Downloading https://repo.maven.apache.org/maven2/com/github/virtuald/curvesapi/1.08/curvesapi-1.08.jar
2025-03-01 18:18:46,763 [BasicRepositoryConnector-repo.maven.apache.org-0-1] INFO  o.e.m.c.i.e.AbstractTransferListenerAdapter - Downloaded https://repo.maven.apache.org/maven2/com/github/virtuald/curvesapi/1.08/curvesapi-1.08.jar
2025-03-01 18:18:47,018 [BasicRepositoryConnector-repo.maven.apache.org-0-3] INFO  o.e.m.c.i.e.AbstractTransferListenerAdapter - Downloaded https://repo.maven.apache.org/maven2/org/apache/poi/poi-ooxml/5.3.0/poi-ooxml-5.3.0.jar
2025-03-01 18:18:47,019 [BasicRepositoryConnector-repo.maven.apache.org-0-0] INFO  o.e.m.c.i.e.AbstractTransferListenerAdapter - Downloaded https://repo.maven.apache.org/maven2/org/apache/xmlbeans/xmlbeans/5.2.1/xmlbeans-5.2.1.jar
2025-03-01 18:18:47,088 [BasicRepositoryConnector-repo.maven.apache.org-0-1] INFO  o.e.m.c.i.e.AbstractTransferListenerAdapter - Downloaded https://repo.maven.apache.org/maven2/org/testng/cucumber-testng/7.10.2/cucumber-testng-7.10.2.jar
2025-03-01 18:18:49,034 [BasicRepositoryConnector-repo.maven.apache.org-0-2] INFO  o.e.m.c.i.e.AbstractTransferListenerAdapter - Downloaded https://repo.maven.apache.org/maven2/org/apache/poi/poi/5.3.0/poi-5.3.0.jar
2025-03-01 18:18:49,571 [BasicRepositoryConnector-repo.maven.apache.org-0-4] INFO  o.e.m.c.i.e.AbstractTransferListenerAdapter - Downloaded https://repo.maven.apache.org/maven2/org/apache/poi/poi-ooxml-lite/5.3.0/poi-ooxml-lite-5.3.0.jar
2025-03-01 18:18:50,539 [Worker-15: Building] INFO  o.e.m.c.i.l.LifecycleMappingFactory - Using org.eclipse.m2e.jdt.JarLifecycleMapping lifecycle mapping for MavenProject: com.vc:practice:0.0.1-SNAPSHOT @ C:\Users\ADMIN\eclipse-workspace\practice\pom.xml.
2025-03-01 18:18:51,252 [Worker-15: Building] WARN  o.e.m.c.i.embedder.EclipseLogger - The POM for org.testng:cucumber-testng:jar:7.10.2 is missing, no dependency information available
2025-03-01 18:18:52,087 [Worker-15: Building] INFO  o.a.m.s.f.DefaultMavenResourcesFiltering - skip non existing resourceDirectory C:\Users\ADMIN\eclipse-workspace\practice\src\main\resources
2025-03-01 18:18:52,092 [Worker-15: Building] INFO  o.a.m.s.f.DefaultMavenResourcesFiltering - skip non existing resourceDirectory C:\Users\ADMIN\eclipse-workspace\practice\src\test\resources
2025-03-01 18:18:53,020 [Worker-11: Download sources and javadoc] INFO  o.e.m.c.i.e.AbstractTransferListenerAdapter - Downloading https://repo.maven.apache.org/maven2/org/seleniumhq/selenium/selenium-java/4.11.0/selenium-java-4.11.0-sources.jar
2025-03-01 18:18:53,034 [Worker-11: Download sources and javadoc] INFO  o.e.m.c.i.e.AbstractTransferListenerAdapter - Downloaded https://repo.maven.apache.org/maven2/org/seleniumhq/selenium/selenium-java/4.11.0/selenium-java-4.11.0-sources.jar
2025-03-01 18:18:53,039 [Worker-11: Download sources and javadoc] INFO  o.e.m.j.internal.DownloadSourcesJob - Downloaded sources for org.seleniumhq.selenium:selenium-java:4.11.0
2025-03-01 18:18:53,211 [Worker-11: Download sources and javadoc] INFO  o.e.m.c.i.e.AbstractTransferListenerAdapter - Downloading https://repo.maven.apache.org/maven2/org/seleniumhq/selenium/selenium-api/4.11.0/selenium-api-4.11.0-sources.jar
2025-03-01 18:18:54,270 [Worker-11: Download sources and javadoc] INFO  o.e.m.c.i.e.AbstractTransferListenerAdapter - Downloaded https://repo.maven.apache.org/maven2/org/seleniumhq/selenium/selenium-api/4.11.0/selenium-api-4.11.0-sources.jar
2025-03-01 18:18:54,392 [Worker-11: Download sources and javadoc] INFO  o.e.m.j.internal.DownloadSourcesJob - Downloaded sources for org.seleniumhq.selenium:selenium-api:4.11.0
2025-03-01 18:18:54,594 [Worker-11: Download sources and javadoc] INFO  o.e.m.c.i.e.AbstractTransferListenerAdapter - Downloading https://repo.maven.apache.org/maven2/org/seleniumhq/selenium/selenium-chrome-driver/4.11.0/selenium-chrome-driver-4.11.0-sources.jar
2025-03-01 18:18:54,691 [Worker-11: Download sources and javadoc] INFO  o.e.m.c.i.e.AbstractTransferListenerAdapter - Downloaded https://repo.maven.apache.org/maven2/org/seleniumhq/selenium/selenium-chrome-driver/4.11.0/selenium-chrome-driver-4.11.0-sources.jar
2025-03-01 18:18:54,702 [Worker-11: Download sources and javadoc] INFO  o.e.m.j.internal.DownloadSourcesJob - Downloaded sources for org.seleniumhq.selenium:selenium-chrome-driver:4.11.0
2025-03-01 18:18:54,902 [Worker-11: Download sources and javadoc] INFO  o.e.m.c.i.e.AbstractTransferListenerAdapter - Downloading https://repo.maven.apache.org/maven2/org/seleniumhq/selenium/selenium-chromium-driver/4.11.0/selenium-chromium-driver-4.11.0-sources.jar
2025-03-01 18:18:54,931 [Worker-11: Download sources and javadoc] INFO  o.e.m.c.i.e.AbstractTransferListenerAdapter - Downloaded https://repo.maven.apache.org/maven2/org/seleniumhq/selenium/selenium-chromium-driver/4.11.0/selenium-chromium-driver-4.11.0-sources.jar
2025-03-01 18:18:54,939 [Worker-11: Download sources and javadoc] INFO  o.e.m.j.internal.DownloadSourcesJob - Downloaded sources for org.seleniumhq.selenium:selenium-chromium-driver:4.11.0
2025-03-01 18:18:55,088 [Worker-11: Download sources and javadoc] INFO  o.e.m.c.i.e.AbstractTransferListenerAdapter - Downloading https://repo.maven.apache.org/maven2/org/seleniumhq/selenium/selenium-json/4.11.0/selenium-json-4.11.0-sources.jar
2025-03-01 18:18:55,225 [Worker-11: Download sources and javadoc] INFO  o.e.m.c.i.e.AbstractTransferListenerAdapter - Downloaded https://repo.maven.apache.org/maven2/org/seleniumhq/selenium/selenium-json/4.11.0/selenium-json-4.11.0-sources.jar
2025-03-01 18:18:55,231 [Worker-11: Download sources and javadoc] INFO  o.e.m.j.internal.DownloadSourcesJob - Downloaded sources for org.seleniumhq.selenium:selenium-json:4.11.0
2025-03-01 18:18:55,536 [Worker-11: Download sources and javadoc] INFO  o.e.m.c.i.e.AbstractTransferListenerAdapter - Downloading https://repo.maven.apache.org/maven2/org/seleniumhq/selenium/selenium-manager/4.11.0/selenium-manager-4.11.0-sources.jar
2025-03-01 18:18:55,550 [Worker-11: Download sources and javadoc] INFO  o.e.m.c.i.e.AbstractTransferListenerAdapter - Downloaded https://repo.maven.apache.org/maven2/org/seleniumhq/selenium/selenium-manager/4.11.0/selenium-manager-4.11.0-sources.jar
2025-03-01 18:18:55,558 [Worker-11: Download sources and javadoc] INFO  o.e.m.j.internal.DownloadSourcesJob - Downloaded sources for org.seleniumhq.selenium:selenium-manager:4.11.0
2025-03-01 18:18:55,694 [Worker-11: Download sources and javadoc] INFO  o.e.m.c.i.e.AbstractTransferListenerAdapter - Downloading https://repo.maven.apache.org/maven2/org/seleniumhq/selenium/selenium-devtools-v113/4.11.0/selenium-devtools-v113-4.11.0-sources.jar
2025-03-01 18:18:55,998 [Worker-11: Download sources and javadoc] INFO  o.e.m.c.i.e.AbstractTransferListenerAdapter - Downloaded https://repo.maven.apache.org/maven2/org/seleniumhq/selenium/selenium-devtools-v113/4.11.0/selenium-devtools-v113-4.11.0-sources.jar
2025-03-01 18:18:56,013 [Worker-11: Download sources and javadoc] INFO  o.e.m.j.internal.DownloadSourcesJob - Downloaded sources for org.seleniumhq.selenium:selenium-devtools-v113:4.11.0
2025-03-01 18:18:56,167 [Worker-11: Download sources and javadoc] INFO  o.e.m.c.i.e.AbstractTransferListenerAdapter - Downloading https://repo.maven.apache.org/maven2/org/seleniumhq/selenium/selenium-devtools-v114/4.11.0/selenium-devtools-v114-4.11.0-sources.jar
2025-03-01 18:18:56,395 [Worker-11: Download sources and javadoc] INFO  o.e.m.c.i.e.AbstractTransferListenerAdapter - Downloaded https://repo.maven.apache.org/maven2/org/seleniumhq/selenium/selenium-devtools-v114/4.11.0/selenium-devtools-v114-4.11.0-sources.jar
2025-03-01 18:18:56,399 [Worker-11: Download sources and javadoc] INFO  o.e.m.j.internal.DownloadSourcesJob - Downloaded sources for org.seleniumhq.selenium:selenium-devtools-v114:4.11.0
2025-03-01 18:18:56,625 [Worker-11: Download sources and javadoc] INFO  o.e.m.c.i.e.AbstractTransferListenerAdapter - Downloading https://repo.maven.apache.org/maven2/org/seleniumhq/selenium/selenium-devtools-v115/4.11.0/selenium-devtools-v115-4.11.0-sources.jar
2025-03-01 18:18:57,047 [Worker-11: Download sources and javadoc] INFO  o.e.m.c.i.e.AbstractTransferListenerAdapter - Downloaded https://repo.maven.apache.org/maven2/org/seleniumhq/selenium/selenium-devtools-v115/4.11.0/selenium-devtools-v115-4.11.0-sources.jar
2025-03-01 18:18:57,050 [Worker-11: Download sources and javadoc] INFO  o.e.m.j.internal.DownloadSourcesJob - Downloaded sources for org.seleniumhq.selenium:selenium-devtools-v115:4.11.0
2025-03-01 18:18:57,168 [Worker-11: Download sources and javadoc] INFO  o.e.m.c.i.e.AbstractTransferListenerAdapter - Downloading https://repo.maven.apache.org/maven2/org/seleniumhq/selenium/selenium-devtools-v85/4.11.0/selenium-devtools-v85-4.11.0-sources.jar
2025-03-01 18:18:58,226 [Worker-11: Download sources and javadoc] INFO  o.e.m.c.i.e.AbstractTransferListenerAdapter - Downloaded https://repo.maven.apache.org/maven2/org/seleniumhq/selenium/selenium-devtools-v85/4.11.0/selenium-devtools-v85-4.11.0-sources.jar
2025-03-01 18:18:58,233 [Worker-11: Download sources and javadoc] INFO  o.e.m.j.internal.DownloadSourcesJob - Downloaded sources for org.seleniumhq.selenium:selenium-devtools-v85:4.11.0
2025-03-01 18:18:58,490 [Worker-11: Download sources and javadoc] INFO  o.e.m.c.i.e.AbstractTransferListenerAdapter - Downloading https://repo.maven.apache.org/maven2/org/seleniumhq/selenium/selenium-edge-driver/4.11.0/selenium-edge-driver-4.11.0-sources.jar
2025-03-01 18:18:58,846 [Worker-11: Download sources and javadoc] INFO  o.e.m.c.i.e.AbstractTransferListenerAdapter - Downloaded https://repo.maven.apache.org/maven2/org/seleniumhq/selenium/selenium-edge-driver/4.11.0/selenium-edge-driver-4.11.0-sources.jar
2025-03-01 18:18:58,853 [Worker-11: Download sources and javadoc] INFO  o.e.m.j.internal.DownloadSourcesJob - Downloaded sources for org.seleniumhq.selenium:selenium-edge-driver:4.11.0
2025-03-01 18:18:59,042 [Worker-11: Download sources and javadoc] INFO  o.e.m.c.i.e.AbstractTransferListenerAdapter - Downloading https://repo.maven.apache.org/maven2/org/seleniumhq/selenium/selenium-firefox-driver/4.11.0/selenium-firefox-driver-4.11.0-sources.jar
2025-03-01 18:18:59,307 [Worker-11: Download sources and javadoc] INFO  o.e.m.c.i.e.AbstractTransferListenerAdapter - Downloaded https://repo.maven.apache.org/maven2/org/seleniumhq/selenium/selenium-firefox-driver/4.11.0/selenium-firefox-driver-4.11.0-sources.jar
2025-03-01 18:18:59,321 [Worker-11: Download sources and javadoc] INFO  o.e.m.j.internal.DownloadSourcesJob - Downloaded sources for org.seleniumhq.selenium:selenium-firefox-driver:4.11.0
2025-03-01 18:18:59,502 [Worker-11: Download sources and javadoc] INFO  o.e.m.c.i.e.AbstractTransferListenerAdapter - Downloading https://repo.maven.apache.org/maven2/org/seleniumhq/selenium/selenium-http/4.11.0/selenium-http-4.11.0-sources.jar
2025-03-01 18:18:59,711 [Worker-11: Download sources and javadoc] INFO  o.e.m.c.i.e.AbstractTransferListenerAdapter - Downloaded https://repo.maven.apache.org/maven2/org/seleniumhq/selenium/selenium-http/4.11.0/selenium-http-4.11.0-sources.jar
2025-03-01 18:18:59,754 [Worker-11: Download sources and javadoc] INFO  o.e.m.j.internal.DownloadSourcesJob - Downloaded sources for org.seleniumhq.selenium:selenium-http:4.11.0
2025-03-01 18:18:59,957 [Worker-11: Download sources and javadoc] INFO  o.e.m.c.i.e.AbstractTransferListenerAdapter - Downloading https://repo.maven.apache.org/maven2/dev/failsafe/failsafe/3.3.1/failsafe-3.3.1-sources.jar
2025-03-01 18:19:00,262 [Worker-11: Download sources and javadoc] INFO  o.e.m.c.i.e.AbstractTransferListenerAdapter - Downloaded https://repo.maven.apache.org/maven2/dev/failsafe/failsafe/3.3.1/failsafe-3.3.1-sources.jar
2025-03-01 18:19:00,267 [Worker-11: Download sources and javadoc] INFO  o.e.m.j.internal.DownloadSourcesJob - Downloaded sources for dev.failsafe:failsafe:3.3.1
2025-03-01 18:19:00,481 [Worker-11: Download sources and javadoc] INFO  o.e.m.c.i.e.AbstractTransferListenerAdapter - Downloading https://repo.maven.apache.org/maven2/org/seleniumhq/selenium/selenium-ie-driver/4.11.0/selenium-ie-driver-4.11.0-sources.jar
2025-03-01 18:19:00,507 [Worker-11: Download sources and javadoc] INFO  o.e.m.c.i.e.AbstractTransferListenerAdapter - Downloaded https://repo.maven.apache.org/maven2/org/seleniumhq/selenium/selenium-ie-driver/4.11.0/selenium-ie-driver-4.11.0-sources.jar
2025-03-01 18:19:00,514 [Worker-11: Download sources and javadoc] INFO  o.e.m.j.internal.DownloadSourcesJob - Downloaded sources for org.seleniumhq.selenium:selenium-ie-driver:4.11.0
2025-03-01 18:19:00,748 [Worker-11: Download sources and javadoc] INFO  o.e.m.c.i.e.AbstractTransferListenerAdapter - Downloading https://repo.maven.apache.org/maven2/org/seleniumhq/selenium/selenium-remote-driver/4.11.0/selenium-remote-driver-4.11.0-sources.jar
2025-03-01 18:19:01,266 [Worker-11: Download sources and javadoc] INFO  o.e.m.c.i.e.AbstractTransferListenerAdapter - Downloaded https://repo.maven.apache.org/maven2/org/seleniumhq/selenium/selenium-remote-driver/4.11.0/selenium-remote-driver-4.11.0-sources.jar
2025-03-01 18:19:01,275 [Worker-11: Download sources and javadoc] INFO  o.e.m.j.internal.DownloadSourcesJob - Downloaded sources for org.seleniumhq.selenium:selenium-remote-driver:4.11.0
2025-03-01 18:19:01,508 [Worker-11: Download sources and javadoc] INFO  o.e.m.c.i.e.AbstractTransferListenerAdapter - Downloading https://repo.maven.apache.org/maven2/io/netty/netty-buffer/4.1.92.Final/netty-buffer-4.1.92.Final-sources.jar
2025-03-01 18:19:02,086 [Worker-11: Download sources and javadoc] INFO  o.e.m.c.i.e.AbstractTransferListenerAdapter - Downloaded https://repo.maven.apache.org/maven2/io/netty/netty-buffer/4.1.92.Final/netty-buffer-4.1.92.Final-sources.jar
2025-03-01 18:19:02,091 [Worker-11: Download sources and javadoc] INFO  o.e.m.j.internal.DownloadSourcesJob - Downloaded sources for io.netty:netty-buffer:4.1.92.Final
2025-03-01 18:19:02,263 [Worker-11: Download sources and javadoc] INFO  o.e.m.c.i.e.AbstractTransferListenerAdapter - Downloading https://repo.maven.apache.org/maven2/io/netty/netty-codec-http/4.1.92.Final/netty-codec-http-4.1.92.Final-sources.jar
2025-03-01 18:19:02,975 [Worker-11: Download sources and javadoc] INFO  o.e.m.c.i.e.AbstractTransferListenerAdapter - Downloaded https://repo.maven.apache.org/maven2/io/netty/netty-codec-http/4.1.92.Final/netty-codec-http-4.1.92.Final-sources.jar
2025-03-01 18:19:02,981 [Worker-11: Download sources and javadoc] INFO  o.e.m.j.internal.DownloadSourcesJob - Downloaded sources for io.netty:netty-codec-http:4.1.92.Final
2025-03-01 18:19:03,181 [Worker-11: Download sources and javadoc] INFO  o.e.m.c.i.e.AbstractTransferListenerAdapter - Downloading https://repo.maven.apache.org/maven2/io/netty/netty-codec/4.1.92.Final/netty-codec-4.1.92.Final-sources.jar
2025-03-01 18:19:03,532 [Worker-11: Download sources and javadoc] INFO  o.e.m.c.i.e.AbstractTransferListenerAdapter - Downloaded https://repo.maven.apache.org/maven2/io/netty/netty-codec/4.1.92.Final/netty-codec-4.1.92.Final-sources.jar
2025-03-01 18:19:03,537 [Worker-11: Download sources and javadoc] INFO  o.e.m.j.internal.DownloadSourcesJob - Downloaded sources for io.netty:netty-codec:4.1.92.Final
2025-03-01 18:19:03,705 [Worker-11: Download sources and javadoc] INFO  o.e.m.c.i.e.AbstractTransferListenerAdapter - Downloading https://repo.maven.apache.org/maven2/io/netty/netty-handler/4.1.92.Final/netty-handler-4.1.92.Final-sources.jar
2025-03-01 18:19:04,268 [Worker-11: Download sources and javadoc] INFO  o.e.m.c.i.e.AbstractTransferListenerAdapter - Downloaded https://repo.maven.apache.org/maven2/io/netty/netty-handler/4.1.92.Final/netty-handler-4.1.92.Final-sources.jar
2025-03-01 18:19:04,277 [Worker-11: Download sources and javadoc] INFO  o.e.m.j.internal.DownloadSourcesJob - Downloaded sources for io.netty:netty-handler:4.1.92.Final
2025-03-01 18:19:04,414 [Worker-11: Download sources and javadoc] INFO  o.e.m.c.i.e.AbstractTransferListenerAdapter - Downloading https://repo.maven.apache.org/maven2/io/netty/netty-common/4.1.92.Final/netty-common-4.1.92.Final-sources.jar
2025-03-01 18:19:04,759 [Worker-11: Download sources and javadoc] INFO  o.e.m.c.i.e.AbstractTransferListenerAdapter - Downloaded https://repo.maven.apache.org/maven2/io/netty/netty-common/4.1.92.Final/netty-common-4.1.92.Final-sources.jar
2025-03-01 18:19:04,766 [Worker-11: Download sources and javadoc] INFO  o.e.m.j.internal.DownloadSourcesJob - Downloaded sources for io.netty:netty-common:4.1.92.Final
2025-03-01 18:19:04,937 [Worker-11: Download sources and javadoc] INFO  o.e.m.c.i.e.AbstractTransferListenerAdapter - Downloading https://repo.maven.apache.org/maven2/io/netty/netty-transport-classes-epoll/4.1.92.Final/netty-transport-classes-epoll-4.1.92.Final-sources.jar
2025-03-01 18:19:05,074 [Worker-11: Download sources and javadoc] INFO  o.e.m.c.i.e.AbstractTransferListenerAdapter - Downloaded https://repo.maven.apache.org/maven2/io/netty/netty-transport-classes-epoll/4.1.92.Final/netty-transport-classes-epoll-4.1.92.Final-sources.jar
2025-03-01 18:19:05,081 [Worker-11: Download sources and javadoc] INFO  o.e.m.j.internal.DownloadSourcesJob - Downloaded sources for io.netty:netty-transport-classes-epoll:4.1.92.Final
2025-03-01 18:19:05,207 [Worker-11: Download sources and javadoc] INFO  o.e.m.c.i.e.AbstractTransferListenerAdapter - Downloading https://repo.maven.apache.org/maven2/io/netty/netty-transport-classes-kqueue/4.1.92.Final/netty-transport-classes-kqueue-4.1.92.Final-sources.jar
2025-03-01 18:19:05,296 [Worker-11: Download sources and javadoc] INFO  o.e.m.c.i.e.AbstractTransferListenerAdapter - Downloaded https://repo.maven.apache.org/maven2/io/netty/netty-transport-classes-kqueue/4.1.92.Final/netty-transport-classes-kqueue-4.1.92.Final-sources.jar
2025-03-01 18:19:05,301 [Worker-11: Download sources and javadoc] INFO  o.e.m.j.internal.DownloadSourcesJob - Downloaded sources for io.netty:netty-transport-classes-kqueue:4.1.92.Final
2025-03-01 18:19:05,488 [Worker-11: Download sources and javadoc] INFO  o.e.m.c.i.e.AbstractTransferListenerAdapter - Downloading https://repo.maven.apache.org/maven2/io/netty/netty-transport-native-epoll/4.1.92.Final/netty-transport-native-epoll-4.1.92.Final-sources.jar
2025-03-01 18:19:05,535 [Worker-11: Download sources and javadoc] INFO  o.e.m.c.i.e.AbstractTransferListenerAdapter - Downloaded https://repo.maven.apache.org/maven2/io/netty/netty-transport-native-epoll/4.1.92.Final/netty-transport-native-epoll-4.1.92.Final-sources.jar
2025-03-01 18:19:05,543 [Worker-11: Download sources and javadoc] INFO  o.e.m.j.internal.DownloadSourcesJob - Downloaded sources for io.netty:netty-transport-native-epoll:4.1.92.Final
2025-03-01 18:19:05,692 [Worker-11: Download sources and javadoc] INFO  o.e.m.c.i.e.AbstractTransferListenerAdapter - Downloading https://repo.maven.apache.org/maven2/io/netty/netty-transport-native-kqueue/4.1.92.Final/netty-transport-native-kqueue-4.1.92.Final-sources.jar
2025-03-01 18:19:05,710 [Worker-11: Download sources and javadoc] INFO  o.e.m.c.i.e.AbstractTransferListenerAdapter - Downloaded https://repo.maven.apache.org/maven2/io/netty/netty-transport-native-kqueue/4.1.92.Final/netty-transport-native-kqueue-4.1.92.Final-sources.jar
2025-03-01 18:19:05,714 [Worker-11: Download sources and javadoc] INFO  o.e.m.j.internal.DownloadSourcesJob - Downloaded sources for io.netty:netty-transport-native-kqueue:4.1.92.Final
2025-03-01 18:19:05,857 [Worker-11: Download sources and javadoc] INFO  o.e.m.c.i.e.AbstractTransferListenerAdapter - Downloading https://repo.maven.apache.org/maven2/io/netty/netty-transport-native-unix-common/4.1.92.Final/netty-transport-native-unix-common-4.1.92.Final-sources.jar
2025-03-01 18:19:05,979 [Worker-11: Download sources and javadoc] INFO  o.e.m.c.i.e.AbstractTransferListenerAdapter - Downloaded https://repo.maven.apache.org/maven2/io/netty/netty-transport-native-unix-common/4.1.92.Final/netty-transport-native-unix-common-4.1.92.Final-sources.jar
2025-03-01 18:19:05,984 [Worker-11: Download sources and javadoc] INFO  o.e.m.j.internal.DownloadSourcesJob - Downloaded sources for io.netty:netty-transport-native-unix-common:4.1.92.Final
2025-03-01 18:19:06,167 [Worker-11: Download sources and javadoc] INFO  o.e.m.c.i.e.AbstractTransferListenerAdapter - Downloading https://repo.maven.apache.org/maven2/io/netty/netty-transport/4.1.92.Final/netty-transport-4.1.92.Final-sources.jar
2025-03-01 18:19:06,518 [Worker-11: Download sources and javadoc] INFO  o.e.m.c.i.e.AbstractTransferListenerAdapter - Downloaded https://repo.maven.apache.org/maven2/io/netty/netty-transport/4.1.92.Final/netty-transport-4.1.92.Final-sources.jar
2025-03-01 18:19:06,525 [Worker-11: Download sources and javadoc] INFO  o.e.m.j.internal.DownloadSourcesJob - Downloaded sources for io.netty:netty-transport:4.1.92.Final
2025-03-01 18:19:06,758 [Worker-11: Download sources and javadoc] INFO  o.e.m.c.i.e.AbstractTransferListenerAdapter - Downloading https://repo.maven.apache.org/maven2/io/netty/netty-resolver/4.1.92.Final/netty-resolver-4.1.92.Final-sources.jar
2025-03-01 18:19:06,782 [Worker-11: Download sources and javadoc] INFO  o.e.m.c.i.e.AbstractTransferListenerAdapter - Downloaded https://repo.maven.apache.org/maven2/io/netty/netty-resolver/4.1.92.Final/netty-resolver-4.1.92.Final-sources.jar
2025-03-01 18:19:06,787 [Worker-11: Download sources and javadoc] INFO  o.e.m.j.internal.DownloadSourcesJob - Downloaded sources for io.netty:netty-resolver:4.1.92.Final
2025-03-01 18:19:06,930 [Worker-11: Download sources and javadoc] INFO  o.e.m.c.i.e.AbstractTransferListenerAdapter - Downloading https://repo.maven.apache.org/maven2/io/opentelemetry/opentelemetry-api/1.26.0/opentelemetry-api-1.26.0-sources.jar
2025-03-01 18:19:07,052 [Worker-11: Download sources and javadoc] INFO  o.e.m.c.i.e.AbstractTransferListenerAdapter - Downloaded https://repo.maven.apache.org/maven2/io/opentelemetry/opentelemetry-api/1.26.0/opentelemetry-api-1.26.0-sources.jar
2025-03-01 18:19:07,057 [Worker-11: Download sources and javadoc] INFO  o.e.m.j.internal.DownloadSourcesJob - Downloaded sources for io.opentelemetry:opentelemetry-api:1.26.0
2025-03-01 18:19:07,212 [Worker-11: Download sources and javadoc] INFO  o.e.m.c.i.e.AbstractTransferListenerAdapter - Downloading https://repo.maven.apache.org/maven2/io/opentelemetry/opentelemetry-context/1.26.0/opentelemetry-context-1.26.0-sources.jar
2025-03-01 18:19:07,254 [Worker-11: Download sources and javadoc] INFO  o.e.m.c.i.e.AbstractTransferListenerAdapter - Downloaded https://repo.maven.apache.org/maven2/io/opentelemetry/opentelemetry-context/1.26.0/opentelemetry-context-1.26.0-sources.jar
2025-03-01 18:19:07,258 [Worker-11: Download sources and javadoc] INFO  o.e.m.j.internal.DownloadSourcesJob - Downloaded sources for io.opentelemetry:opentelemetry-context:1.26.0
2025-03-01 18:19:07,368 [Worker-11: Download sources and javadoc] INFO  o.e.m.c.i.e.AbstractTransferListenerAdapter - Downloading https://repo.maven.apache.org/maven2/io/opentelemetry/opentelemetry-exporter-logging/1.26.0/opentelemetry-exporter-logging-1.26.0-sources.jar
2025-03-01 18:19:07,382 [Worker-11: Download sources and javadoc] INFO  o.e.m.c.i.e.AbstractTransferListenerAdapter - Downloaded https://repo.maven.apache.org/maven2/io/opentelemetry/opentelemetry-exporter-logging/1.26.0/opentelemetry-exporter-logging-1.26.0-sources.jar
2025-03-01 18:19:07,388 [Worker-11: Download sources and javadoc] INFO  o.e.m.j.internal.DownloadSourcesJob - Downloaded sources for io.opentelemetry:opentelemetry-exporter-logging:1.26.0
2025-03-01 18:19:07,526 [Worker-11: Download sources and javadoc] INFO  o.e.m.c.i.e.AbstractTransferListenerAdapter - Downloading https://repo.maven.apache.org/maven2/io/opentelemetry/opentelemetry-sdk-metrics/1.26.0/opentelemetry-sdk-metrics-1.26.0-sources.jar
2025-03-01 18:19:07,729 [Worker-11: Download sources and javadoc] INFO  o.e.m.c.i.e.AbstractTransferListenerAdapter - Downloaded https://repo.maven.apache.org/maven2/io/opentelemetry/opentelemetry-sdk-metrics/1.26.0/opentelemetry-sdk-metrics-1.26.0-sources.jar
2025-03-01 18:19:07,735 [Worker-11: Download sources and javadoc] INFO  o.e.m.j.internal.DownloadSourcesJob - Downloaded sources for io.opentelemetry:opentelemetry-sdk-metrics:1.26.0
2025-03-01 18:19:07,851 [Worker-11: Download sources and javadoc] INFO  o.e.m.c.i.e.AbstractTransferListenerAdapter - Downloading https://repo.maven.apache.org/maven2/io/opentelemetry/opentelemetry-extension-incubator/1.26.0-alpha/opentelemetry-extension-incubator-1.26.0-alpha-sources.jar
2025-03-01 18:19:07,864 [Worker-11: Download sources and javadoc] INFO  o.e.m.c.i.e.AbstractTransferListenerAdapter - Downloaded https://repo.maven.apache.org/maven2/io/opentelemetry/opentelemetry-extension-incubator/1.26.0-alpha/opentelemetry-extension-incubator-1.26.0-alpha-sources.jar
2025-03-01 18:19:07,871 [Worker-11: Download sources and javadoc] INFO  o.e.m.j.internal.DownloadSourcesJob - Downloaded sources for io.opentelemetry:opentelemetry-extension-incubator:1.26.0-alpha
2025-03-01 18:19:08,010 [Worker-11: Download sources and javadoc] INFO  o.e.m.c.i.e.AbstractTransferListenerAdapter - Downloading https://repo.maven.apache.org/maven2/io/opentelemetry/opentelemetry-sdk-logs/1.26.0-alpha/opentelemetry-sdk-logs-1.26.0-alpha-sources.jar
2025-03-01 18:19:08,051 [Worker-11: Download sources and javadoc] INFO  o.e.m.c.i.e.AbstractTransferListenerAdapter - Downloaded https://repo.maven.apache.org/maven2/io/opentelemetry/opentelemetry-sdk-logs/1.26.0-alpha/opentelemetry-sdk-logs-1.26.0-alpha-sources.jar
2025-03-01 18:19:08,057 [Worker-11: Download sources and javadoc] INFO  o.e.m.j.internal.DownloadSourcesJob - Downloaded sources for io.opentelemetry:opentelemetry-sdk-logs:1.26.0-alpha
2025-03-01 18:19:08,167 [Worker-11: Download sources and javadoc] INFO  o.e.m.c.i.e.AbstractTransferListenerAdapter - Downloading https://repo.maven.apache.org/maven2/io/opentelemetry/opentelemetry-api-logs/1.26.0-alpha/opentelemetry-api-logs-1.26.0-alpha-sources.jar
2025-03-01 18:19:08,180 [Worker-11: Download sources and javadoc] INFO  o.e.m.c.i.e.AbstractTransferListenerAdapter - Downloaded https://repo.maven.apache.org/maven2/io/opentelemetry/opentelemetry-api-logs/1.26.0-alpha/opentelemetry-api-logs-1.26.0-alpha-sources.jar
2025-03-01 18:19:08,186 [Worker-11: Download sources and javadoc] INFO  o.e.m.j.internal.DownloadSourcesJob - Downloaded sources for io.opentelemetry:opentelemetry-api-logs:1.26.0-alpha
2025-03-01 18:19:08,368 [Worker-11: Download sources and javadoc] INFO  o.e.m.c.i.e.AbstractTransferListenerAdapter - Downloading https://repo.maven.apache.org/maven2/io/opentelemetry/opentelemetry-api-events/1.26.0-alpha/opentelemetry-api-events-1.26.0-alpha-sources.jar
2025-03-01 18:19:08,389 [Worker-11: Download sources and javadoc] INFO  o.e.m.c.i.e.AbstractTransferListenerAdapter - Downloaded https://repo.maven.apache.org/maven2/io/opentelemetry/opentelemetry-api-events/1.26.0-alpha/opentelemetry-api-events-1.26.0-alpha-sources.jar
2025-03-01 18:19:08,396 [Worker-11: Download sources and javadoc] INFO  o.e.m.j.internal.DownloadSourcesJob - Downloaded sources for io.opentelemetry:opentelemetry-api-events:1.26.0-alpha
2025-03-01 18:19:08,527 [Worker-11: Download sources and javadoc] INFO  o.e.m.c.i.e.AbstractTransferListenerAdapter - Downloading https://repo.maven.apache.org/maven2/io/opentelemetry/opentelemetry-sdk-common/1.26.0/opentelemetry-sdk-common-1.26.0-sources.jar
2025-03-01 18:19:08,584 [Worker-11: Download sources and javadoc] INFO  o.e.m.c.i.e.AbstractTransferListenerAdapter - Downloaded https://repo.maven.apache.org/maven2/io/opentelemetry/opentelemetry-sdk-common/1.26.0/opentelemetry-sdk-common-1.26.0-sources.jar
2025-03-01 18:19:08,589 [Worker-11: Download sources and javadoc] INFO  o.e.m.j.internal.DownloadSourcesJob - Downloaded sources for io.opentelemetry:opentelemetry-sdk-common:1.26.0
2025-03-01 18:19:08,735 [Worker-11: Download sources and javadoc] INFO  o.e.m.c.i.e.AbstractTransferListenerAdapter - Downloading https://repo.maven.apache.org/maven2/io/opentelemetry/opentelemetry-sdk-extension-autoconfigure-spi/1.26.0/opentelemetry-sdk-extension-autoconfigure-spi-1.26.0-sources.jar
2025-03-01 18:19:08,774 [Worker-11: Download sources and javadoc] INFO  o.e.m.c.i.e.AbstractTransferListenerAdapter - Downloaded https://repo.maven.apache.org/maven2/io/opentelemetry/opentelemetry-sdk-extension-autoconfigure-spi/1.26.0/opentelemetry-sdk-extension-autoconfigure-spi-1.26.0-sources.jar
2025-03-01 18:19:08,779 [Worker-11: Download sources and javadoc] INFO  o.e.m.j.internal.DownloadSourcesJob - Downloaded sources for io.opentelemetry:opentelemetry-sdk-extension-autoconfigure-spi:1.26.0
2025-03-01 18:19:09,011 [Worker-11: Download sources and javadoc] INFO  o.e.m.c.i.e.AbstractTransferListenerAdapter - Downloading https://repo.maven.apache.org/maven2/io/opentelemetry/opentelemetry-sdk-extension-autoconfigure/1.26.0-alpha/opentelemetry-sdk-extension-autoconfigure-1.26.0-alpha-sources.jar
2025-03-01 18:19:09,038 [Worker-11: Download sources and javadoc] INFO  o.e.m.c.i.e.AbstractTransferListenerAdapter - Downloaded https://repo.maven.apache.org/maven2/io/opentelemetry/opentelemetry-sdk-extension-autoconfigure/1.26.0-alpha/opentelemetry-sdk-extension-autoconfigure-1.26.0-alpha-sources.jar
2025-03-01 18:19:09,042 [Worker-11: Download sources and javadoc] INFO  o.e.m.j.internal.DownloadSourcesJob - Downloaded sources for io.opentelemetry:opentelemetry-sdk-extension-autoconfigure:1.26.0-alpha
2025-03-01 18:19:09,158 [Worker-11: Download sources and javadoc] INFO  o.e.m.c.i.e.AbstractTransferListenerAdapter - Downloading https://repo.maven.apache.org/maven2/io/opentelemetry/opentelemetry-sdk-trace/1.26.0/opentelemetry-sdk-trace-1.26.0-sources.jar
2025-03-01 18:19:09,245 [Worker-11: Download sources and javadoc] INFO  o.e.m.c.i.e.AbstractTransferListenerAdapter - Downloaded https://repo.maven.apache.org/maven2/io/opentelemetry/opentelemetry-sdk-trace/1.26.0/opentelemetry-sdk-trace-1.26.0-sources.jar
2025-03-01 18:19:09,250 [Worker-11: Download sources and javadoc] INFO  o.e.m.j.internal.DownloadSourcesJob - Downloaded sources for io.opentelemetry:opentelemetry-sdk-trace:1.26.0
2025-03-01 18:19:09,406 [Worker-11: Download sources and javadoc] INFO  o.e.m.c.i.e.AbstractTransferListenerAdapter - Downloading https://repo.maven.apache.org/maven2/io/opentelemetry/opentelemetry-sdk/1.26.0/opentelemetry-sdk-1.26.0-sources.jar
2025-03-01 18:19:09,424 [Worker-11: Download sources and javadoc] INFO  o.e.m.c.i.e.AbstractTransferListenerAdapter - Downloaded https://repo.maven.apache.org/maven2/io/opentelemetry/opentelemetry-sdk/1.26.0/opentelemetry-sdk-1.26.0-sources.jar
2025-03-01 18:19:09,430 [Worker-11: Download sources and javadoc] INFO  o.e.m.j.internal.DownloadSourcesJob - Downloaded sources for io.opentelemetry:opentelemetry-sdk:1.26.0
2025-03-01 18:19:09,566 [Worker-11: Download sources and javadoc] INFO  o.e.m.c.i.e.AbstractTransferListenerAdapter - Downloading https://repo.maven.apache.org/maven2/io/opentelemetry/opentelemetry-semconv/1.26.0-alpha/opentelemetry-semconv-1.26.0-alpha-sources.jar
2025-03-01 18:19:09,620 [Worker-11: Download sources and javadoc] INFO  o.e.m.c.i.e.AbstractTransferListenerAdapter - Downloaded https://repo.maven.apache.org/maven2/io/opentelemetry/opentelemetry-semconv/1.26.0-alpha/opentelemetry-semconv-1.26.0-alpha-sources.jar
2025-03-01 18:19:09,626 [Worker-11: Download sources and javadoc] INFO  o.e.m.j.internal.DownloadSourcesJob - Downloaded sources for io.opentelemetry:opentelemetry-semconv:1.26.0-alpha
2025-03-01 18:19:09,840 [Worker-11: Download sources and javadoc] INFO  o.e.m.c.i.e.AbstractTransferListenerAdapter - Downloading https://repo.maven.apache.org/maven2/net/bytebuddy/byte-buddy/1.14.4/byte-buddy-1.14.4-sources.jar
2025-03-01 18:19:10,245 [Worker-11: Download sources and javadoc] INFO  o.e.m.c.i.e.AbstractTransferListenerAdapter - Downloaded https://repo.maven.apache.org/maven2/net/bytebuddy/byte-buddy/1.14.4/byte-buddy-1.14.4-sources.jar
2025-03-01 18:19:10,248 [Worker-11: Download sources and javadoc] INFO  o.e.m.j.internal.DownloadSourcesJob - Downloaded sources for net.bytebuddy:byte-buddy:1.14.4
2025-03-01 18:19:10,365 [Worker-11: Download sources and javadoc] INFO  o.e.m.c.i.e.AbstractTransferListenerAdapter - Downloading https://repo.maven.apache.org/maven2/org/seleniumhq/selenium/selenium-safari-driver/4.11.0/selenium-safari-driver-4.11.0-sources.jar
2025-03-01 18:19:10,397 [Worker-11: Download sources and javadoc] INFO  o.e.m.c.i.e.AbstractTransferListenerAdapter - Downloaded https://repo.maven.apache.org/maven2/org/seleniumhq/selenium/selenium-safari-driver/4.11.0/selenium-safari-driver-4.11.0-sources.jar
2025-03-01 18:19:10,402 [Worker-11: Download sources and javadoc] INFO  o.e.m.j.internal.DownloadSourcesJob - Downloaded sources for org.seleniumhq.selenium:selenium-safari-driver:4.11.0
2025-03-01 18:19:10,570 [Worker-11: Download sources and javadoc] INFO  o.e.m.c.i.e.AbstractTransferListenerAdapter - Downloading https://repo.maven.apache.org/maven2/org/seleniumhq/selenium/selenium-support/4.11.0/selenium-support-4.11.0-sources.jar
2025-03-01 18:19:10,675 [Worker-11: Download sources and javadoc] INFO  o.e.m.c.i.e.AbstractTransferListenerAdapter - Downloaded https://repo.maven.apache.org/maven2/org/seleniumhq/selenium/selenium-support/4.11.0/selenium-support-4.11.0-sources.jar
2025-03-01 18:19:10,681 [Worker-11: Download sources and javadoc] INFO  o.e.m.j.internal.DownloadSourcesJob - Downloaded sources for org.seleniumhq.selenium:selenium-support:4.11.0
2025-03-01 18:19:10,804 [Worker-11: Download sources and javadoc] INFO  o.e.m.c.i.e.AbstractTransferListenerAdapter - Downloading https://repo.maven.apache.org/maven2/io/github/bonigarcia/webdrivermanager/5.9.2/webdrivermanager-5.9.2-sources.jar
2025-03-01 18:19:11,095 [Worker-11: Download sources and javadoc] INFO  o.e.m.c.i.e.AbstractTransferListenerAdapter - Downloaded https://repo.maven.apache.org/maven2/io/github/bonigarcia/webdrivermanager/5.9.2/webdrivermanager-5.9.2-sources.jar
2025-03-01 18:19:11,100 [Worker-11: Download sources and javadoc] INFO  o.e.m.j.internal.DownloadSourcesJob - Downloaded sources for io.github.bonigarcia:webdrivermanager:5.9.2
2025-03-01 18:19:11,290 [Worker-11: Download sources and javadoc] INFO  o.e.m.c.i.e.AbstractTransferListenerAdapter - Downloading https://repo.maven.apache.org/maven2/org/slf4j/slf4j-api/2.0.13/slf4j-api-2.0.13-sources.jar
2025-03-01 18:19:11,398 [Worker-11: Download sources and javadoc] INFO  o.e.m.c.i.e.AbstractTransferListenerAdapter - Downloaded https://repo.maven.apache.org/maven2/org/slf4j/slf4j-api/2.0.13/slf4j-api-2.0.13-sources.jar
2025-03-01 18:19:11,402 [Worker-11: Download sources and javadoc] INFO  o.e.m.j.internal.DownloadSourcesJob - Downloaded sources for org.slf4j:slf4j-api:2.0.13
2025-03-01 18:19:11,863 [Worker-11: Download sources and javadoc] INFO  o.e.m.c.i.e.AbstractTransferListenerAdapter - Downloading https://repo.maven.apache.org/maven2/com/google/code/gson/gson/2.11.0/gson-2.11.0-sources.jar
2025-03-01 18:19:12,136 [Worker-11: Download sources and javadoc] INFO  o.e.m.c.i.e.AbstractTransferListenerAdapter - Downloaded https://repo.maven.apache.org/maven2/com/google/code/gson/gson/2.11.0/gson-2.11.0-sources.jar
2025-03-01 18:19:12,141 [Worker-11: Download sources and javadoc] INFO  o.e.m.j.internal.DownloadSourcesJob - Downloaded sources for com.google.code.gson:gson:2.11.0
2025-03-01 18:19:12,344 [Worker-11: Download sources and javadoc] INFO  o.e.m.c.i.e.AbstractTransferListenerAdapter - Downloading https://repo.maven.apache.org/maven2/com/google/errorprone/error_prone_annotations/2.27.0/error_prone_annotations-2.27.0-sources.jar
2025-03-01 18:19:12,454 [Worker-11: Download sources and javadoc] INFO  o.e.m.c.i.e.AbstractTransferListenerAdapter - Downloaded https://repo.maven.apache.org/maven2/com/google/errorprone/error_prone_annotations/2.27.0/error_prone_annotations-2.27.0-sources.jar
2025-03-01 18:19:12,461 [Worker-11: Download sources and javadoc] INFO  o.e.m.j.internal.DownloadSourcesJob - Downloaded sources for com.google.errorprone:error_prone_annotations:2.27.0
2025-03-01 18:19:12,569 [Worker-11: Download sources and javadoc] INFO  o.e.m.c.i.e.AbstractTransferListenerAdapter - Downloading https://repo.maven.apache.org/maven2/com/github/docker-java/docker-java/3.4.0/docker-java-3.4.0-sources.jar
2025-03-01 18:19:12,581 [Worker-11: Download sources and javadoc] INFO  o.e.m.c.i.e.AbstractTransferListenerAdapter - Downloaded https://repo.maven.apache.org/maven2/com/github/docker-java/docker-java/3.4.0/docker-java-3.4.0-sources.jar
2025-03-01 18:19:12,587 [Worker-11: Download sources and javadoc] INFO  o.e.m.j.internal.DownloadSourcesJob - Downloaded sources for com.github.docker-java:docker-java:3.4.0
2025-03-01 18:19:12,762 [Worker-11: Download sources and javadoc] INFO  o.e.m.c.i.e.AbstractTransferListenerAdapter - Downloading https://repo.maven.apache.org/maven2/com/github/docker-java/docker-java-core/3.4.0/docker-java-core-3.4.0-sources.jar
2025-03-01 18:19:13,026 [Worker-11: Download sources and javadoc] INFO  o.e.m.c.i.e.AbstractTransferListenerAdapter - Downloaded https://repo.maven.apache.org/maven2/com/github/docker-java/docker-java-core/3.4.0/docker-java-core-3.4.0-sources.jar
2025-03-01 18:19:13,034 [Worker-11: Download sources and javadoc] INFO  o.e.m.j.internal.DownloadSourcesJob - Downloaded sources for com.github.docker-java:docker-java-core:3.4.0
2025-03-01 18:19:13,166 [Worker-11: Download sources and javadoc] INFO  o.e.m.c.i.e.AbstractTransferListenerAdapter - Downloading https://repo.maven.apache.org/maven2/com/github/docker-java/docker-java-api/3.4.0/docker-java-api-3.4.0-sources.jar
2025-03-01 18:19:13,712 [Worker-11: Download sources and javadoc] INFO  o.e.m.c.i.e.AbstractTransferListenerAdapter - Downloaded https://repo.maven.apache.org/maven2/com/github/docker-java/docker-java-api/3.4.0/docker-java-api-3.4.0-sources.jar
2025-03-01 18:19:13,718 [Worker-11: Download sources and javadoc] INFO  o.e.m.j.internal.DownloadSourcesJob - Downloaded sources for com.github.docker-java:docker-java-api:3.4.0
2025-03-01 18:19:13,912 [Worker-11: Download sources and javadoc] INFO  o.e.m.c.i.e.AbstractTransferListenerAdapter - Downloading https://repo.maven.apache.org/maven2/com/github/docker-java/docker-java-transport-httpclient5/3.4.0/docker-java-transport-httpclient5-3.4.0-sources.jar
2025-03-01 18:19:14,012 [Worker-11: Download sources and javadoc] INFO  o.e.m.c.i.e.AbstractTransferListenerAdapter - Downloaded https://repo.maven.apache.org/maven2/com/github/docker-java/docker-java-transport-httpclient5/3.4.0/docker-java-transport-httpclient5-3.4.0-sources.jar
2025-03-01 18:19:14,020 [Worker-11: Download sources and javadoc] INFO  o.e.m.j.internal.DownloadSourcesJob - Downloaded sources for com.github.docker-java:docker-java-transport-httpclient5:3.4.0
2025-03-01 18:19:14,252 [Worker-11: Download sources and javadoc] INFO  o.e.m.c.i.e.AbstractTransferListenerAdapter - Downloading https://repo.maven.apache.org/maven2/com/github/docker-java/docker-java-transport/3.4.0/docker-java-transport-3.4.0-sources.jar
2025-03-01 18:19:14,294 [Worker-11: Download sources and javadoc] INFO  o.e.m.c.i.e.AbstractTransferListenerAdapter - Downloaded https://repo.maven.apache.org/maven2/com/github/docker-java/docker-java-transport/3.4.0/docker-java-transport-3.4.0-sources.jar
2025-03-01 18:19:14,302 [Worker-11: Download sources and javadoc] INFO  o.e.m.j.internal.DownloadSourcesJob - Downloaded sources for com.github.docker-java:docker-java-transport:3.4.0
2025-03-01 18:19:14,465 [Worker-11: Download sources and javadoc] INFO  o.e.m.c.i.e.AbstractTransferListenerAdapter - Downloading https://repo.maven.apache.org/maven2/net/java/dev/jna/jna/5.13.0/jna-5.13.0-sources.jar
2025-03-01 18:19:14,727 [Worker-11: Download sources and javadoc] INFO  o.e.m.c.i.e.AbstractTransferListenerAdapter - Downloaded https://repo.maven.apache.org/maven2/net/java/dev/jna/jna/5.13.0/jna-5.13.0-sources.jar
2025-03-01 18:19:14,732 [Worker-11: Download sources and javadoc] INFO  o.e.m.j.internal.DownloadSourcesJob - Downloaded sources for net.java.dev.jna:jna:5.13.0
2025-03-01 18:19:14,946 [Worker-11: Download sources and javadoc] INFO  o.e.m.c.i.e.AbstractTransferListenerAdapter - Downloading https://repo.maven.apache.org/maven2/org/apache/commons/commons-lang3/3.15.0/commons-lang3-3.15.0-sources.jar
2025-03-01 18:19:15,178 [Worker-11: Download sources and javadoc] INFO  o.e.m.c.i.e.AbstractTransferListenerAdapter - Downloaded https://repo.maven.apache.org/maven2/org/apache/commons/commons-lang3/3.15.0/commons-lang3-3.15.0-sources.jar
2025-03-01 18:19:15,181 [Worker-11: Download sources and javadoc] INFO  o.e.m.j.internal.DownloadSourcesJob - Downloaded sources for org.apache.commons:commons-lang3:3.15.0
2025-03-01 18:19:15,288 [Worker-11: Download sources and javadoc] INFO  o.e.m.c.i.e.AbstractTransferListenerAdapter - Downloading https://repo.maven.apache.org/maven2/org/apache/commons/commons-compress/1.26.2/commons-compress-1.26.2-sources.jar
2025-03-01 18:19:15,563 [Worker-11: Download sources and javadoc] INFO  o.e.m.c.i.e.AbstractTransferListenerAdapter - Downloaded https://repo.maven.apache.org/maven2/org/apache/commons/commons-compress/1.26.2/commons-compress-1.26.2-sources.jar
2025-03-01 18:19:15,568 [Worker-11: Download sources and javadoc] INFO  o.e.m.j.internal.DownloadSourcesJob - Downloaded sources for org.apache.commons:commons-compress:1.26.2
2025-03-01 18:19:15,727 [Worker-11: Download sources and javadoc] INFO  o.e.m.c.i.e.AbstractTransferListenerAdapter - Downloading https://repo.maven.apache.org/maven2/org/apache/httpcomponents/client5/httpclient5/5.2.1/httpclient5-5.2.1-sources.jar
2025-03-01 18:19:15,999 [Worker-11: Download sources and javadoc] INFO  o.e.m.c.i.e.AbstractTransferListenerAdapter - Downloaded https://repo.maven.apache.org/maven2/org/apache/httpcomponents/client5/httpclient5/5.2.1/httpclient5-5.2.1-sources.jar
2025-03-01 18:19:16,002 [Worker-11: Download sources and javadoc] INFO  o.e.m.j.internal.DownloadSourcesJob - Downloaded sources for org.apache.httpcomponents.client5:httpclient5:5.2.1
2025-03-01 18:19:16,126 [Worker-11: Download sources and javadoc] INFO  o.e.m.c.i.e.AbstractTransferListenerAdapter - Downloading https://repo.maven.apache.org/maven2/org/apache/httpcomponents/core5/httpcore5/5.2/httpcore5-5.2-sources.jar
2025-03-01 18:19:16,477 [Worker-11: Download sources and javadoc] INFO  o.e.m.c.i.e.AbstractTransferListenerAdapter - Downloaded https://repo.maven.apache.org/maven2/org/apache/httpcomponents/core5/httpcore5/5.2/httpcore5-5.2-sources.jar
2025-03-01 18:19:16,480 [Worker-11: Download sources and javadoc] INFO  o.e.m.j.internal.DownloadSourcesJob - Downloaded sources for org.apache.httpcomponents.core5:httpcore5:5.2
2025-03-01 18:19:16,604 [Worker-11: Download sources and javadoc] INFO  o.e.m.c.i.e.AbstractTransferListenerAdapter - Downloading https://repo.maven.apache.org/maven2/org/apache/httpcomponents/core5/httpcore5-h2/5.2/httpcore5-h2-5.2-sources.jar
2025-03-01 18:19:16,825 [Worker-11: Download sources and javadoc] INFO  o.e.m.c.i.e.AbstractTransferListenerAdapter - Downloaded https://repo.maven.apache.org/maven2/org/apache/httpcomponents/core5/httpcore5-h2/5.2/httpcore5-h2-5.2-sources.jar
2025-03-01 18:19:16,831 [Worker-11: Download sources and javadoc] INFO  o.e.m.j.internal.DownloadSourcesJob - Downloaded sources for org.apache.httpcomponents.core5:httpcore5-h2:5.2
2025-03-01 18:19:17,038 [Worker-11: Download sources and javadoc] INFO  o.e.m.c.i.e.AbstractTransferListenerAdapter - Downloading https://repo.maven.apache.org/maven2/io/cucumber/cucumber-testng/7.20.1/cucumber-testng-7.20.1-sources.jar
2025-03-01 18:19:17,072 [Worker-11: Download sources and javadoc] INFO  o.e.m.c.i.e.AbstractTransferListenerAdapter - Downloaded https://repo.maven.apache.org/maven2/io/cucumber/cucumber-testng/7.20.1/cucumber-testng-7.20.1-sources.jar
2025-03-01 18:19:17,078 [Worker-11: Download sources and javadoc] INFO  o.e.m.j.internal.DownloadSourcesJob - Downloaded sources for io.cucumber:cucumber-testng:7.20.1
2025-03-01 18:19:17,206 [Worker-11: Download sources and javadoc] INFO  o.e.m.c.i.e.AbstractTransferListenerAdapter - Downloading https://repo.maven.apache.org/maven2/io/cucumber/cucumber-core/7.20.1/cucumber-core-7.20.1-sources.jar
2025-03-01 18:19:17,580 [Worker-11: Download sources and javadoc] INFO  o.e.m.c.i.e.AbstractTransferListenerAdapter - Downloaded https://repo.maven.apache.org/maven2/io/cucumber/cucumber-core/7.20.1/cucumber-core-7.20.1-sources.jar
2025-03-01 18:19:17,586 [Worker-11: Download sources and javadoc] INFO  o.e.m.j.internal.DownloadSourcesJob - Downloaded sources for io.cucumber:cucumber-core:7.20.1
2025-03-01 18:19:17,734 [Worker-11: Download sources and javadoc] INFO  o.e.m.c.i.e.AbstractTransferListenerAdapter - Downloading https://repo.maven.apache.org/maven2/io/cucumber/cucumber-gherkin/7.20.1/cucumber-gherkin-7.20.1-sources.jar
2025-03-01 18:19:17,747 [Worker-11: Download sources and javadoc] INFO  o.e.m.c.i.e.AbstractTransferListenerAdapter - Downloaded https://repo.maven.apache.org/maven2/io/cucumber/cucumber-gherkin/7.20.1/cucumber-gherkin-7.20.1-sources.jar
2025-03-01 18:19:17,753 [Worker-11: Download sources and javadoc] INFO  o.e.m.j.internal.DownloadSourcesJob - Downloaded sources for io.cucumber:cucumber-gherkin:7.20.1
2025-03-01 18:19:17,889 [Worker-11: Download sources and javadoc] INFO  o.e.m.c.i.e.AbstractTransferListenerAdapter - Downloading https://repo.maven.apache.org/maven2/io/cucumber/cucumber-gherkin-messages/7.20.1/cucumber-gherkin-messages-7.20.1-sources.jar
2025-03-01 18:19:17,916 [Worker-11: Download sources and javadoc] INFO  o.e.m.c.i.e.AbstractTransferListenerAdapter - Downloaded https://repo.maven.apache.org/maven2/io/cucumber/cucumber-gherkin-messages/7.20.1/cucumber-gherkin-messages-7.20.1-sources.jar
2025-03-01 18:19:17,920 [Worker-11: Download sources and javadoc] INFO  o.e.m.j.internal.DownloadSourcesJob - Downloaded sources for io.cucumber:cucumber-gherkin-messages:7.20.1
2025-03-01 18:19:18,047 [Worker-11: Download sources and javadoc] INFO  o.e.m.c.i.e.AbstractTransferListenerAdapter - Downloading https://repo.maven.apache.org/maven2/io/cucumber/gherkin/28.0.0/gherkin-28.0.0-sources.jar
2025-03-01 18:19:18,131 [Worker-11: Download sources and javadoc] INFO  o.e.m.c.i.e.AbstractTransferListenerAdapter - Downloaded https://repo.maven.apache.org/maven2/io/cucumber/gherkin/28.0.0/gherkin-28.0.0-sources.jar
2025-03-01 18:19:18,137 [Worker-11: Download sources and javadoc] INFO  o.e.m.j.internal.DownloadSourcesJob - Downloaded sources for io.cucumber:gherkin:28.0.0
2025-03-01 18:19:18,288 [Worker-11: Download sources and javadoc] INFO  o.e.m.c.i.e.AbstractTransferListenerAdapter - Downloading https://repo.maven.apache.org/maven2/io/cucumber/messages/24.1.0/messages-24.1.0-sources.jar
2025-03-01 18:19:18,371 [Worker-11: Download sources and javadoc] INFO  o.e.m.c.i.e.AbstractTransferListenerAdapter - Downloaded https://repo.maven.apache.org/maven2/io/cucumber/messages/24.1.0/messages-24.1.0-sources.jar
2025-03-01 18:19:18,376 [Worker-11: Download sources and javadoc] INFO  o.e.m.j.internal.DownloadSourcesJob - Downloaded sources for io.cucumber:messages:24.1.0
2025-03-01 18:19:18,571 [Worker-11: Download sources and javadoc] INFO  o.e.m.c.i.e.AbstractTransferListenerAdapter - Downloading https://repo.maven.apache.org/maven2/io/cucumber/testng-xml-formatter/0.2.0/testng-xml-formatter-0.2.0-sources.jar
2025-03-01 18:19:18,598 [Worker-11: Download sources and javadoc] INFO  o.e.m.c.i.e.AbstractTransferListenerAdapter - Downloaded https://repo.maven.apache.org/maven2/io/cucumber/testng-xml-formatter/0.2.0/testng-xml-formatter-0.2.0-sources.jar
2025-03-01 18:19:18,606 [Worker-11: Download sources and javadoc] INFO  o.e.m.j.internal.DownloadSourcesJob - Downloaded sources for io.cucumber:testng-xml-formatter:0.2.0
2025-03-01 18:19:18,769 [Worker-11: Download sources and javadoc] INFO  o.e.m.c.i.e.AbstractTransferListenerAdapter - Downloading https://repo.maven.apache.org/maven2/io/cucumber/query/12.2.0/query-12.2.0-sources.jar
2025-03-01 18:19:18,792 [Worker-11: Download sources and javadoc] INFO  o.e.m.c.i.e.AbstractTransferListenerAdapter - Downloaded https://repo.maven.apache.org/maven2/io/cucumber/query/12.2.0/query-12.2.0-sources.jar
2025-03-01 18:19:18,796 [Worker-11: Download sources and javadoc] INFO  o.e.m.j.internal.DownloadSourcesJob - Downloaded sources for io.cucumber:query:12.2.0
2025-03-01 18:19:18,926 [Worker-11: Download sources and javadoc] INFO  o.e.m.c.i.e.AbstractTransferListenerAdapter - Downloading https://repo.maven.apache.org/maven2/io/cucumber/tag-expressions/6.1.0/tag-expressions-6.1.0-sources.jar
2025-03-01 18:19:18,943 [Worker-11: Download sources and javadoc] INFO  o.e.m.c.i.e.AbstractTransferListenerAdapter - Downloaded https://repo.maven.apache.org/maven2/io/cucumber/tag-expressions/6.1.0/tag-expressions-6.1.0-sources.jar
2025-03-01 18:19:18,953 [Worker-11: Download sources and javadoc] INFO  o.e.m.j.internal.DownloadSourcesJob - Downloaded sources for io.cucumber:tag-expressions:6.1.0
2025-03-01 18:19:19,094 [Worker-11: Download sources and javadoc] INFO  o.e.m.c.i.e.AbstractTransferListenerAdapter - Downloading https://repo.maven.apache.org/maven2/io/cucumber/cucumber-expressions/17.1.0/cucumber-expressions-17.1.0-sources.jar
2025-03-01 18:19:19,151 [Worker-11: Download sources and javadoc] INFO  o.e.m.c.i.e.AbstractTransferListenerAdapter - Downloaded https://repo.maven.apache.org/maven2/io/cucumber/cucumber-expressions/17.1.0/cucumber-expressions-17.1.0-sources.jar
2025-03-01 18:19:19,155 [Worker-11: Download sources and javadoc] INFO  o.e.m.j.internal.DownloadSourcesJob - Downloaded sources for io.cucumber:cucumber-expressions:17.1.0
2025-03-01 18:19:19,334 [Worker-11: Download sources and javadoc] INFO  o.e.m.c.i.e.AbstractTransferListenerAdapter - Downloading https://repo.maven.apache.org/maven2/io/cucumber/datatable/7.20.1/datatable-7.20.1-sources.jar
2025-03-01 18:19:19,389 [Worker-11: Download sources and javadoc] INFO  o.e.m.c.i.e.AbstractTransferListenerAdapter - Downloaded https://repo.maven.apache.org/maven2/io/cucumber/datatable/7.20.1/datatable-7.20.1-sources.jar
2025-03-01 18:19:19,393 [Worker-11: Download sources and javadoc] INFO  o.e.m.j.internal.DownloadSourcesJob - Downloaded sources for io.cucumber:datatable:7.20.1
2025-03-01 18:19:19,528 [Worker-11: Download sources and javadoc] INFO  o.e.m.c.i.e.AbstractTransferListenerAdapter - Downloading https://repo.maven.apache.org/maven2/io/cucumber/cucumber-plugin/7.20.1/cucumber-plugin-7.20.1-sources.jar
2025-03-01 18:19:19,573 [Worker-11: Download sources and javadoc] INFO  o.e.m.c.i.e.AbstractTransferListenerAdapter - Downloaded https://repo.maven.apache.org/maven2/io/cucumber/cucumber-plugin/7.20.1/cucumber-plugin-7.20.1-sources.jar
2025-03-01 18:19:19,577 [Worker-11: Download sources and javadoc] INFO  o.e.m.j.internal.DownloadSourcesJob - Downloaded sources for io.cucumber:cucumber-plugin:7.20.1
2025-03-01 18:19:19,733 [Worker-11: Download sources and javadoc] INFO  o.e.m.c.i.e.AbstractTransferListenerAdapter - Downloading https://repo.maven.apache.org/maven2/io/cucumber/docstring/7.20.1/docstring-7.20.1-sources.jar
2025-03-01 18:19:19,746 [Worker-11: Download sources and javadoc] INFO  o.e.m.c.i.e.AbstractTransferListenerAdapter - Downloaded https://repo.maven.apache.org/maven2/io/cucumber/docstring/7.20.1/docstring-7.20.1-sources.jar
2025-03-01 18:19:19,751 [Worker-11: Download sources and javadoc] INFO  o.e.m.j.internal.DownloadSourcesJob - Downloaded sources for io.cucumber:docstring:7.20.1
2025-03-01 18:19:19,892 [Worker-11: Download sources and javadoc] INFO  o.e.m.c.i.e.AbstractTransferListenerAdapter - Downloading https://repo.maven.apache.org/maven2/io/cucumber/html-formatter/21.7.0/html-formatter-21.7.0-sources.jar
2025-03-01 18:19:20,057 [Worker-11: Download sources and javadoc] INFO  o.e.m.c.i.e.AbstractTransferListenerAdapter - Downloaded https://repo.maven.apache.org/maven2/io/cucumber/html-formatter/21.7.0/html-formatter-21.7.0-sources.jar
2025-03-01 18:19:20,061 [Worker-11: Download sources and javadoc] INFO  o.e.m.j.internal.DownloadSourcesJob - Downloaded sources for io.cucumber:html-formatter:21.7.0
2025-03-01 18:19:20,208 [Worker-11: Download sources and javadoc] INFO  o.e.m.c.i.e.AbstractTransferListenerAdapter - Downloading https://repo.maven.apache.org/maven2/io/cucumber/junit-xml-formatter/0.5.0/junit-xml-formatter-0.5.0-sources.jar
2025-03-01 18:19:20,227 [Worker-11: Download sources and javadoc] INFO  o.e.m.c.i.e.AbstractTransferListenerAdapter - Downloaded https://repo.maven.apache.org/maven2/io/cucumber/junit-xml-formatter/0.5.0/junit-xml-formatter-0.5.0-sources.jar
2025-03-01 18:19:20,233 [Worker-11: Download sources and javadoc] INFO  o.e.m.j.internal.DownloadSourcesJob - Downloaded sources for io.cucumber:junit-xml-formatter:0.5.0
2025-03-01 18:19:20,369 [Worker-11: Download sources and javadoc] INFO  o.e.m.c.i.e.AbstractTransferListenerAdapter - Downloading https://repo.maven.apache.org/maven2/io/cucumber/ci-environment/10.0.1/ci-environment-10.0.1-sources.jar
2025-03-01 18:19:20,387 [Worker-11: Download sources and javadoc] INFO  o.e.m.c.i.e.AbstractTransferListenerAdapter - Downloaded https://repo.maven.apache.org/maven2/io/cucumber/ci-environment/10.0.1/ci-environment-10.0.1-sources.jar
2025-03-01 18:19:20,393 [Worker-11: Download sources and javadoc] INFO  o.e.m.j.internal.DownloadSourcesJob - Downloaded sources for io.cucumber:ci-environment:10.0.1
2025-03-01 18:19:20,536 [Worker-11: Download sources and javadoc] INFO  o.e.m.c.i.e.AbstractTransferListenerAdapter - Downloading https://repo.maven.apache.org/maven2/org/testng/testng/7.10.2/testng-7.10.2-sources.jar
2025-03-01 18:19:21,234 [Worker-11: Download sources and javadoc] INFO  o.e.m.c.i.e.AbstractTransferListenerAdapter - Downloaded https://repo.maven.apache.org/maven2/org/testng/testng/7.10.2/testng-7.10.2-sources.jar
2025-03-01 18:19:21,241 [Worker-11: Download sources and javadoc] INFO  o.e.m.j.internal.DownloadSourcesJob - Downloaded sources for org.testng:testng:7.10.2
2025-03-01 18:19:21,459 [Worker-11: Download sources and javadoc] INFO  o.e.m.c.i.e.AbstractTransferListenerAdapter - Downloading https://repo.maven.apache.org/maven2/org/webjars/jquery/3.7.1/jquery-3.7.1-sources.jar
2025-03-01 18:19:21,466 [Worker-11: Download sources and javadoc] INFO  o.e.m.c.i.e.AbstractTransferListenerAdapter - Downloaded https://repo.maven.apache.org/maven2/org/webjars/jquery/3.7.1/jquery-3.7.1-sources.jar
2025-03-01 18:19:21,470 [Worker-11: Download sources and javadoc] INFO  o.e.m.j.internal.DownloadSourcesJob - Downloaded sources for org.webjars:jquery:3.7.1
2025-03-01 18:19:21,614 [Worker-11: Download sources and javadoc] INFO  o.e.m.c.i.e.AbstractTransferListenerAdapter - Downloading https://repo.maven.apache.org/maven2/com/relevantcodes/extentreports/2.41.2/extentreports-2.41.2-sources.jar
2025-03-01 18:19:22,408 [Worker-11: Download sources and javadoc] INFO  o.e.m.c.i.e.AbstractTransferListenerAdapter - Downloaded https://repo.maven.apache.org/maven2/com/relevantcodes/extentreports/2.41.2/extentreports-2.41.2-sources.jar
2025-03-01 18:19:22,413 [Worker-11: Download sources and javadoc] INFO  o.e.m.j.internal.DownloadSourcesJob - Downloaded sources for com.relevantcodes:extentreports:2.41.2
2025-03-01 18:19:22,530 [Worker-11: Download sources and javadoc] INFO  o.e.m.c.i.e.AbstractTransferListenerAdapter - Downloading https://repo.maven.apache.org/maven2/org/jsoup/jsoup/1.8.3/jsoup-1.8.3-sources.jar
2025-03-01 18:19:22,725 [Worker-11: Download sources and javadoc] INFO  o.e.m.c.i.e.AbstractTransferListenerAdapter - Downloaded https://repo.maven.apache.org/maven2/org/jsoup/jsoup/1.8.3/jsoup-1.8.3-sources.jar
2025-03-01 18:19:22,729 [Worker-11: Download sources and javadoc] INFO  o.e.m.j.internal.DownloadSourcesJob - Downloaded sources for org.jsoup:jsoup:1.8.3
2025-03-01 18:19:22,902 [Worker-11: Download sources and javadoc] INFO  o.e.m.c.i.e.AbstractTransferListenerAdapter - Downloading https://repo.maven.apache.org/maven2/org/xerial/sqlite-jdbc/3.8.11.1/sqlite-jdbc-3.8.11.1-sources.jar
2025-03-01 18:19:24,161 [Worker-11: Download sources and javadoc] INFO  o.e.m.c.i.e.AbstractTransferListenerAdapter - Downloaded https://repo.maven.apache.org/maven2/org/xerial/sqlite-jdbc/3.8.11.1/sqlite-jdbc-3.8.11.1-sources.jar
2025-03-01 18:19:24,165 [Worker-11: Download sources and javadoc] INFO  o.e.m.j.internal.DownloadSourcesJob - Downloaded sources for org.xerial:sqlite-jdbc:3.8.11.1
2025-03-01 18:19:24,371 [Worker-11: Download sources and javadoc] INFO  o.e.m.c.i.e.AbstractTransferListenerAdapter - Downloading https://repo.maven.apache.org/maven2/org/freemarker/freemarker/2.3.23/freemarker-2.3.23-sources.jar
2025-03-01 18:19:24,593 [Worker-11: Download sources and javadoc] INFO  o.e.m.c.i.e.AbstractTransferListenerAdapter - Downloaded https://repo.maven.apache.org/maven2/org/freemarker/freemarker/2.3.23/freemarker-2.3.23-sources.jar
2025-03-01 18:19:24,597 [Worker-11: Download sources and javadoc] INFO  o.e.m.j.internal.DownloadSourcesJob - Downloaded sources for org.freemarker:freemarker:2.3.23
2025-03-01 18:19:24,729 [Worker-11: Download sources and javadoc] INFO  o.e.m.c.i.e.AbstractTransferListenerAdapter - Downloading https://repo.maven.apache.org/maven2/org/mongodb/mongodb-driver/3.0.4/mongodb-driver-3.0.4-sources.jar
2025-03-01 18:19:25,095 [Worker-11: Download sources and javadoc] INFO  o.e.m.c.i.e.AbstractTransferListenerAdapter - Downloaded https://repo.maven.apache.org/maven2/org/mongodb/mongodb-driver/3.0.4/mongodb-driver-3.0.4-sources.jar
2025-03-01 18:19:25,102 [Worker-11: Download sources and javadoc] INFO  o.e.m.j.internal.DownloadSourcesJob - Downloaded sources for org.mongodb:mongodb-driver:3.0.4
2025-03-01 18:19:25,361 [Worker-11: Download sources and javadoc] INFO  o.e.m.c.i.e.AbstractTransferListenerAdapter - Downloading https://repo.maven.apache.org/maven2/org/mongodb/bson/3.0.4/bson-3.0.4-sources.jar
2025-03-01 18:19:25,612 [Worker-11: Download sources and javadoc] INFO  o.e.m.c.i.e.AbstractTransferListenerAdapter - Downloaded https://repo.maven.apache.org/maven2/org/mongodb/bson/3.0.4/bson-3.0.4-sources.jar
2025-03-01 18:19:25,618 [Worker-11: Download sources and javadoc] INFO  o.e.m.j.internal.DownloadSourcesJob - Downloaded sources for org.mongodb:bson:3.0.4
2025-03-01 18:19:25,864 [Worker-11: Download sources and javadoc] INFO  o.e.m.c.i.e.AbstractTransferListenerAdapter - Downloading https://repo.maven.apache.org/maven2/org/mongodb/mongodb-driver-core/3.0.4/mongodb-driver-core-3.0.4-sources.jar
2025-03-01 18:19:26,558 [Worker-11: Download sources and javadoc] INFO  o.e.m.c.i.e.AbstractTransferListenerAdapter - Downloaded https://repo.maven.apache.org/maven2/org/mongodb/mongodb-driver-core/3.0.4/mongodb-driver-core-3.0.4-sources.jar
2025-03-01 18:19:26,564 [Worker-11: Download sources and javadoc] INFO  o.e.m.j.internal.DownloadSourcesJob - Downloaded sources for org.mongodb:mongodb-driver-core:3.0.4
2025-03-01 18:19:26,983 [Worker-11: Download sources and javadoc] INFO  o.e.m.c.i.e.AbstractTransferListenerAdapter - Downloading https://repo.maven.apache.org/maven2/com/aventstack/extentreports/3.0.1/extentreports-3.0.1-sources.jar
2025-03-01 18:19:27,069 [Worker-11: Download sources and javadoc] INFO  o.e.m.c.i.e.AbstractTransferListenerAdapter - Downloaded https://repo.maven.apache.org/maven2/com/aventstack/extentreports/3.0.1/extentreports-3.0.1-sources.jar
2025-03-01 18:19:27,073 [Worker-11: Download sources and javadoc] INFO  o.e.m.j.internal.DownloadSourcesJob - Downloaded sources for com.aventstack:extentreports:3.0.1
2025-03-01 18:19:27,206 [Worker-11: Download sources and javadoc] INFO  o.e.m.c.i.e.AbstractTransferListenerAdapter - Downloading https://repo.maven.apache.org/maven2/org/apache/httpcomponents/httpclient/4.5.2/httpclient-4.5.2-sources.jar
2025-03-01 18:19:27,538 [Worker-11: Download sources and javadoc] INFO  o.e.m.c.i.e.AbstractTransferListenerAdapter - Downloaded https://repo.maven.apache.org/maven2/org/apache/httpcomponents/httpclient/4.5.2/httpclient-4.5.2-sources.jar
2025-03-01 18:19:27,542 [Worker-11: Download sources and javadoc] INFO  o.e.m.j.internal.DownloadSourcesJob - Downloaded sources for org.apache.httpcomponents:httpclient:4.5.2
2025-03-01 18:19:27,691 [Worker-11: Download sources and javadoc] INFO  o.e.m.c.i.e.AbstractTransferListenerAdapter - Downloading https://repo.maven.apache.org/maven2/org/apache/httpcomponents/httpcore/4.4.4/httpcore-4.4.4-sources.jar
2025-03-01 18:19:28,315 [Worker-11: Download sources and javadoc] INFO  o.e.m.c.i.e.AbstractTransferListenerAdapter - Downloaded https://repo.maven.apache.org/maven2/org/apache/httpcomponents/httpcore/4.4.4/httpcore-4.4.4-sources.jar
2025-03-01 18:19:28,321 [Worker-11: Download sources and javadoc] INFO  o.e.m.j.internal.DownloadSourcesJob - Downloaded sources for org.apache.httpcomponents:httpcore:4.4.4
2025-03-01 18:19:28,442 [Worker-11: Download sources and javadoc] INFO  o.e.m.c.i.e.AbstractTransferListenerAdapter - Downloading https://repo.maven.apache.org/maven2/commons-logging/commons-logging/1.2/commons-logging-1.2-sources.jar
2025-03-01 18:19:28,558 [Worker-11: Download sources and javadoc] INFO  o.e.m.c.i.e.AbstractTransferListenerAdapter - Downloaded https://repo.maven.apache.org/maven2/commons-logging/commons-logging/1.2/commons-logging-1.2-sources.jar
2025-03-01 18:19:28,564 [Worker-11: Download sources and javadoc] INFO  o.e.m.j.internal.DownloadSourcesJob - Downloaded sources for commons-logging:commons-logging:1.2
2025-03-01 18:19:28,772 [Worker-11: Download sources and javadoc] INFO  o.e.m.c.i.e.AbstractTransferListenerAdapter - Downloading https://repo.maven.apache.org/maven2/org/apache/httpcomponents/httpmime/4.5.2/httpmime-4.5.2-sources.jar
2025-03-01 18:19:28,825 [Worker-11: Download sources and javadoc] INFO  o.e.m.c.i.e.AbstractTransferListenerAdapter - Downloaded https://repo.maven.apache.org/maven2/org/apache/httpcomponents/httpmime/4.5.2/httpmime-4.5.2-sources.jar
2025-03-01 18:19:28,829 [Worker-11: Download sources and javadoc] INFO  o.e.m.j.internal.DownloadSourcesJob - Downloaded sources for org.apache.httpcomponents:httpmime:4.5.2
2025-03-01 18:19:28,965 [Worker-11: Download sources and javadoc] INFO  o.e.m.c.i.e.AbstractTransferListenerAdapter - Downloading https://repo.maven.apache.org/maven2/io/cucumber/cucumber-junit/7.20.1/cucumber-junit-7.20.1-sources.jar
2025-03-01 18:19:29,003 [Worker-11: Download sources and javadoc] INFO  o.e.m.c.i.e.AbstractTransferListenerAdapter - Downloaded https://repo.maven.apache.org/maven2/io/cucumber/cucumber-junit/7.20.1/cucumber-junit-7.20.1-sources.jar
2025-03-01 18:19:29,009 [Worker-11: Download sources and javadoc] INFO  o.e.m.j.internal.DownloadSourcesJob - Downloaded sources for io.cucumber:cucumber-junit:7.20.1
2025-03-01 18:19:29,163 [Worker-11: Download sources and javadoc] INFO  o.e.m.c.i.e.AbstractTransferListenerAdapter - Downloading https://repo.maven.apache.org/maven2/io/cucumber/cucumber-java/7.20.1/cucumber-java-7.20.1-sources.jar
2025-03-01 18:19:29,350 [Worker-11: Download sources and javadoc] INFO  o.e.m.c.i.e.AbstractTransferListenerAdapter - Downloaded https://repo.maven.apache.org/maven2/io/cucumber/cucumber-java/7.20.1/cucumber-java-7.20.1-sources.jar
2025-03-01 18:19:29,354 [Worker-11: Download sources and javadoc] INFO  o.e.m.j.internal.DownloadSourcesJob - Downloaded sources for io.cucumber:cucumber-java:7.20.1
2025-03-01 18:19:29,530 [Worker-11: Download sources and javadoc] INFO  o.e.m.c.i.e.AbstractTransferListenerAdapter - Downloading https://repo.maven.apache.org/maven2/org/apache/poi/poi/5.3.0/poi-5.3.0-sources.jar
2025-03-01 18:19:30,038 [Worker-11: Download sources and javadoc] INFO  o.e.m.c.i.e.AbstractTransferListenerAdapter - Downloaded https://repo.maven.apache.org/maven2/org/apache/poi/poi/5.3.0/poi-5.3.0-sources.jar
2025-03-01 18:19:30,043 [Worker-11: Download sources and javadoc] INFO  o.e.m.j.internal.DownloadSourcesJob - Downloaded sources for org.apache.poi:poi:5.3.0
2025-03-01 18:19:30,203 [Worker-11: Download sources and javadoc] INFO  o.e.m.c.i.e.AbstractTransferListenerAdapter - Downloading https://repo.maven.apache.org/maven2/commons-codec/commons-codec/1.17.0/commons-codec-1.17.0-sources.jar
2025-03-01 18:19:30,606 [Worker-11: Download sources and javadoc] INFO  o.e.m.c.i.e.AbstractTransferListenerAdapter - Downloaded https://repo.maven.apache.org/maven2/commons-codec/commons-codec/1.17.0/commons-codec-1.17.0-sources.jar
2025-03-01 18:19:30,611 [Worker-11: Download sources and javadoc] INFO  o.e.m.j.internal.DownloadSourcesJob - Downloaded sources for commons-codec:commons-codec:1.17.0
2025-03-01 18:19:30,808 [Worker-11: Download sources and javadoc] INFO  o.e.m.c.i.e.AbstractTransferListenerAdapter - Downloading https://repo.maven.apache.org/maven2/commons-io/commons-io/2.16.1/commons-io-2.16.1-sources.jar
2025-03-01 18:19:31,039 [Worker-11: Download sources and javadoc] INFO  o.e.m.c.i.e.AbstractTransferListenerAdapter - Downloaded https://repo.maven.apache.org/maven2/commons-io/commons-io/2.16.1/commons-io-2.16.1-sources.jar
2025-03-01 18:19:31,043 [Worker-11: Download sources and javadoc] INFO  o.e.m.j.internal.DownloadSourcesJob - Downloaded sources for commons-io:commons-io:2.16.1
2025-03-01 18:19:31,163 [Worker-11: Download sources and javadoc] INFO  o.e.m.c.i.e.AbstractTransferListenerAdapter - Downloading https://repo.maven.apache.org/maven2/com/zaxxer/SparseBitSet/1.3/SparseBitSet-1.3-sources.jar
2025-03-01 18:19:31,194 [Worker-11: Download sources and javadoc] INFO  o.e.m.c.i.e.AbstractTransferListenerAdapter - Downloaded https://repo.maven.apache.org/maven2/com/zaxxer/SparseBitSet/1.3/SparseBitSet-1.3-sources.jar
2025-03-01 18:19:31,197 [Worker-11: Download sources and javadoc] INFO  o.e.m.j.internal.DownloadSourcesJob - Downloaded sources for com.zaxxer:SparseBitSet:1.3
2025-03-01 18:19:31,325 [Worker-11: Download sources and javadoc] INFO  o.e.m.c.i.e.AbstractTransferListenerAdapter - Downloading https://repo.maven.apache.org/maven2/org/apache/logging/log4j/log4j-api/2.23.1/log4j-api-2.23.1-sources.jar
2025-03-01 18:19:31,782 [Worker-11: Download sources and javadoc] INFO  o.e.m.c.i.e.AbstractTransferListenerAdapter - Downloaded https://repo.maven.apache.org/maven2/org/apache/logging/log4j/log4j-api/2.23.1/log4j-api-2.23.1-sources.jar
2025-03-01 18:19:31,788 [Worker-11: Download sources and javadoc] INFO  o.e.m.j.internal.DownloadSourcesJob - Downloaded sources for org.apache.logging.log4j:log4j-api:2.23.1
2025-03-01 18:19:31,982 [Worker-11: Download sources and javadoc] INFO  o.e.m.c.i.e.AbstractTransferListenerAdapter - Downloading https://repo.maven.apache.org/maven2/org/apache/poi/poi-ooxml/5.3.0/poi-ooxml-5.3.0-sources.jar
2025-03-01 18:19:32,565 [Worker-11: Download sources and javadoc] INFO  o.e.m.c.i.e.AbstractTransferListenerAdapter - Downloaded https://repo.maven.apache.org/maven2/org/apache/poi/poi-ooxml/5.3.0/poi-ooxml-5.3.0-sources.jar
2025-03-01 18:19:32,568 [Worker-11: Download sources and javadoc] INFO  o.e.m.j.internal.DownloadSourcesJob - Downloaded sources for org.apache.poi:poi-ooxml:5.3.0
2025-03-01 18:19:32,730 [Worker-11: Download sources and javadoc] INFO  o.e.m.c.i.e.AbstractTransferListenerAdapter - Downloading https://repo.maven.apache.org/maven2/org/apache/poi/poi-ooxml-lite/5.3.0/poi-ooxml-lite-5.3.0-sources.jar
2025-03-01 18:19:34,907 [Worker-11: Download sources and javadoc] INFO  o.e.m.c.i.e.AbstractTransferListenerAdapter - Downloaded https://repo.maven.apache.org/maven2/org/apache/poi/poi-ooxml-lite/5.3.0/poi-ooxml-lite-5.3.0-sources.jar
2025-03-01 18:19:34,911 [Worker-11: Download sources and javadoc] INFO  o.e.m.j.internal.DownloadSourcesJob - Downloaded sources for org.apache.poi:poi-ooxml-lite:5.3.0
2025-03-01 18:19:35,052 [Worker-11: Download sources and javadoc] INFO  o.e.m.c.i.e.AbstractTransferListenerAdapter - Downloading https://repo.maven.apache.org/maven2/org/apache/xmlbeans/xmlbeans/5.2.1/xmlbeans-5.2.1-sources.jar
2025-03-01 18:19:35,493 [Worker-11: Download sources and javadoc] INFO  o.e.m.c.i.e.AbstractTransferListenerAdapter - Downloaded https://repo.maven.apache.org/maven2/org/apache/xmlbeans/xmlbeans/5.2.1/xmlbeans-5.2.1-sources.jar
2025-03-01 18:19:35,496 [Worker-11: Download sources and javadoc] INFO  o.e.m.j.internal.DownloadSourcesJob - Downloaded sources for org.apache.xmlbeans:xmlbeans:5.2.1
2025-03-01 18:19:35,705 [Worker-11: Download sources and javadoc] INFO  o.e.m.c.i.e.AbstractTransferListenerAdapter - Downloading https://repo.maven.apache.org/maven2/com/github/virtuald/curvesapi/1.08/curvesapi-1.08-sources.jar
2025-03-01 18:19:35,915 [Worker-11: Download sources and javadoc] INFO  o.e.m.c.i.e.AbstractTransferListenerAdapter - Downloaded https://repo.maven.apache.org/maven2/com/github/virtuald/curvesapi/1.08/curvesapi-1.08-sources.jar
2025-03-01 18:19:35,920 [Worker-11: Download sources and javadoc] INFO  o.e.m.j.internal.DownloadSourcesJob - Downloaded sources for com.github.virtuald:curvesapi:1.08
2025-03-01 18:19:36,534 [Worker-11: Download sources and javadoc] INFO  o.e.m.c.i.e.AbstractTransferListenerAdapter - Downloaded https://repo.maven.apache.org/maven2/org/testng/cucumber-testng/7.10.2/cucumber-testng-7.10.2-sources.jar
2025-03-01 18:19:36,551 [Worker-11: Download sources and javadoc] ERROR o.e.m.j.internal.DownloadSourcesJob - Could not download sources for org.testng:cucumber-testng:7.10.2
org.eclipse.core.runtime.CoreException: Could not resolve artifact org.testng:cucumber-testng:jar:sources:7.10.2
	at org.eclipse.m2e.core.internal.embedder.MavenImpl.lambda$7(MavenImpl.java:540)
	at org.eclipse.m2e.core.internal.embedder.MavenExecutionContext.executeBare(MavenExecutionContext.java:458)
	at org.eclipse.m2e.core.internal.embedder.MavenExecutionContext.execute(MavenExecutionContext.java:292)
	at org.eclipse.m2e.core.internal.embedder.MavenExecutionContext.execute(MavenExecutionContext.java:278)
	at org.eclipse.m2e.core.internal.embedder.MavenImpl.resolve(MavenImpl.java:509)
	at org.eclipse.m2e.core.internal.embedder.MavenImpl.resolve(MavenImpl.java:494)
	at org.eclipse.m2e.jdt.internal.DownloadSourcesJob.download(DownloadSourcesJob.java:308)
	at org.eclipse.m2e.jdt.internal.DownloadSourcesJob.downloadAttachments(DownloadSourcesJob.java:282)
	at org.eclipse.m2e.jdt.internal.DownloadSourcesJob.downloadMaven(DownloadSourcesJob.java:252)
	at org.eclipse.m2e.jdt.internal.DownloadSourcesJob.downloadFilesAndPopulateToUpdate(DownloadSourcesJob.java:220)
	at org.eclipse.m2e.jdt.internal.DownloadSourcesJob.lambda$0(DownloadSourcesJob.java:149)
	at org.eclipse.m2e.core.internal.embedder.MavenExecutionContext.executeBare(MavenExecutionContext.java:458)
	at org.eclipse.m2e.core.internal.embedder.MavenExecutionContext.execute(MavenExecutionContext.java:339)
	at org.eclipse.m2e.core.internal.embedder.MavenExecutionContext.execute(MavenExecutionContext.java:278)
	at org.eclipse.m2e.core.embedder.IMaven.execute(IMaven.java:300)
	at org.eclipse.m2e.jdt.internal.DownloadSourcesJob.run(DownloadSourcesJob.java:149)
	at org.eclipse.core.internal.jobs.Worker.run(Worker.java:63)
2025-03-01 18:39:32,437 [Worker-16: Building] INFO  o.a.m.s.f.DefaultMavenResourcesFiltering - skip non existing resourceDirectory C:\Users\ADMIN\eclipse-workspace\Netmeds\src\main\resources
2025-03-01 18:39:32,443 [Worker-16: Building] INFO  o.a.m.s.f.DefaultMavenResourcesFiltering - skip non existing resourceDirectory C:\Users\ADMIN\eclipse-workspace\Netmeds\src\test\resources
2025-03-01 18:40:14,776 [Worker-12: Launching NetmedsFeature.feature] INFO  o.a.m.s.f.DefaultMavenResourcesFiltering - skip non existing resourceDirectory C:\Users\ADMIN\eclipse-workspace\Netmeds\src\main\resources
2025-03-01 18:40:14,780 [Worker-12: Launching NetmedsFeature.feature] INFO  o.a.m.s.f.DefaultMavenResourcesFiltering - skip non existing resourceDirectory C:\Users\ADMIN\eclipse-workspace\Netmeds\src\test\resources
2025-03-01 18:40:35,084 [Worker-20: Building] INFO  o.a.m.s.f.DefaultMavenResourcesFiltering - skip non existing resourceDirectory C:\Users\ADMIN\eclipse-workspace\Netmeds\src\main\resources
2025-03-01 18:40:35,088 [Worker-20: Building] INFO  o.a.m.s.f.DefaultMavenResourcesFiltering - skip non existing resourceDirectory C:\Users\ADMIN\eclipse-workspace\Netmeds\src\test\resources
2025-03-01 18:50:45,733 [Worker-22: Updating Maven Project] INFO  o.e.m.c.i.p.ProjectConfigurationManager - Update started
2025-03-01 18:50:45,870 [Worker-22: Updating Maven Project] INFO  o.e.m.c.i.l.LifecycleMappingFactory - Using org.eclipse.m2e.jdt.JarLifecycleMapping lifecycle mapping for MavenProject: com.vc:test:0.0.1-SNAPSHOT @ C:\Users\ADMIN\eclipse-workspace\Netmeds\pom.xml.
2025-03-01 18:50:46,994 [Worker-22: Updating Maven Project] INFO  o.e.m.j.i.AbstractJavaProjectConfigurator - Adding source folder /Netmeds/src/main/java
2025-03-01 18:50:46,996 [Worker-22: Updating Maven Project] INFO  o.e.m.j.i.AbstractJavaProjectConfigurator - Adding resource folder /Netmeds/src/main/resources
2025-03-01 18:50:46,997 [Worker-22: Updating Maven Project] INFO  o.e.m.j.i.AbstractJavaProjectConfigurator - Adding source folder /Netmeds/src/test/java
2025-03-01 18:50:46,998 [Worker-22: Updating Maven Project] INFO  o.e.m.j.i.AbstractJavaProjectConfigurator - Adding resource folder /Netmeds/src/test/resources
2025-03-01 18:50:47,266 [Worker-22: Updating Maven Project] INFO  o.e.m.jdt.internal.UnitTestSupport - Reset launch configuration name: New_configuration
2025-03-01 18:50:47,267 [Worker-22: Updating Maven Project] INFO  o.e.m.jdt.internal.UnitTestSupport - Updating New_configuration from maven configuration
2025-03-01 18:50:47,578 [Worker-22: Updating Maven Project] INFO  o.e.m.c.i.p.ProjectConfigurationManager - Update completed for 1 poms: local refresh takes 0.00 sec, refresh facades takes 1.00 sec, update config takes 0.00 sec 
2025-03-01 18:50:47,963 [Worker-24: Building] INFO  o.a.m.s.f.DefaultMavenResourcesFiltering - skip non existing resourceDirectory C:\Users\ADMIN\eclipse-workspace\Netmeds\src\main\resources
2025-03-01 18:50:47,967 [Worker-24: Building] INFO  o.a.m.s.f.DefaultMavenResourcesFiltering - skip non existing resourceDirectory C:\Users\ADMIN\eclipse-workspace\Netmeds\src\test\resources
2025-03-01 18:56:04,492 [Worker-37: Building] INFO  o.a.m.s.f.DefaultMavenResourcesFiltering - skip non existing resourceDirectory C:\Users\ADMIN\eclipse-workspace\Netmeds\src\main\resources
2025-03-01 18:56:04,496 [Worker-37: Building] INFO  o.a.m.s.f.DefaultMavenResourcesFiltering - skip non existing resourceDirectory C:\Users\ADMIN\eclipse-workspace\Netmeds\src\test\resources
2025-03-01 18:56:23,062 [Worker-0: Loading available Gradle versions] INFO  o.e.b.c.i.u.g.PublishedGradleVersions - Gradle version information cache is up-to-date. Trying to read.
2025-03-01 18:56:38,007 [main] INFO  o.e.m.jdt.internal.UnitTestSupport - Updating NetmedsLoginTestngRunner from maven configuration
2025-03-01 18:58:25,737 [Worker-0: Building] INFO  o.a.m.s.f.DefaultMavenResourcesFiltering - skip non existing resourceDirectory C:\Users\ADMIN\eclipse-workspace\Netmeds\src\main\resources
2025-03-01 18:58:25,743 [Worker-0: Building] INFO  o.a.m.s.f.DefaultMavenResourcesFiltering - skip non existing resourceDirectory C:\Users\ADMIN\eclipse-workspace\Netmeds\src\test\resources
2025-03-01 18:59:17,995 [Worker-5: Building] INFO  o.a.m.s.f.DefaultMavenResourcesFiltering - skip non existing resourceDirectory C:\Users\ADMIN\eclipse-workspace\Netmeds\src\main\resources
2025-03-01 18:59:18,000 [Worker-5: Building] INFO  o.a.m.s.f.DefaultMavenResourcesFiltering - skip non existing resourceDirectory C:\Users\ADMIN\eclipse-workspace\Netmeds\src\test\resources
2025-03-01 19:00:05,700 [Worker-2: Building] INFO  o.a.m.s.f.DefaultMavenResourcesFiltering - skip non existing resourceDirectory C:\Users\ADMIN\eclipse-workspace\Netmeds\src\main\resources
2025-03-01 19:00:05,705 [Worker-2: Building] INFO  o.a.m.s.f.DefaultMavenResourcesFiltering - skip non existing resourceDirectory C:\Users\ADMIN\eclipse-workspace\Netmeds\src\test\resources
2025-03-01 19:03:43,121 [Worker-11: Building] INFO  o.a.m.s.f.DefaultMavenResourcesFiltering - skip non existing resourceDirectory C:\Users\ADMIN\eclipse-workspace\Netmeds\src\main\resources
2025-03-01 19:03:43,126 [Worker-11: Building] INFO  o.a.m.s.f.DefaultMavenResourcesFiltering - skip non existing resourceDirectory C:\Users\ADMIN\eclipse-workspace\Netmeds\src\test\resources
2025-03-01 19:06:54,038 [Worker-13: Building] INFO  o.a.m.s.f.DefaultMavenResourcesFiltering - skip non existing resourceDirectory C:\Users\ADMIN\eclipse-workspace\Netmeds\src\main\resources
2025-03-01 19:06:54,042 [Worker-13: Building] INFO  o.a.m.s.f.DefaultMavenResourcesFiltering - skip non existing resourceDirectory C:\Users\ADMIN\eclipse-workspace\Netmeds\src\test\resources
2025-03-01 23:53:54,479 [Worker-25: Building] INFO  o.a.m.s.f.DefaultMavenResourcesFiltering - skip non existing resourceDirectory C:\Users\ADMIN\eclipse-workspace\Netmeds\src\main\resources
2025-03-01 23:53:54,484 [Worker-25: Building] INFO  o.a.m.s.f.DefaultMavenResourcesFiltering - skip non existing resourceDirectory C:\Users\ADMIN\eclipse-workspace\Netmeds\src\test\resources
2025-03-02 00:16:48,963 [Worker-2: Loading available Gradle versions] INFO  o.e.b.c.i.u.g.PublishedGradleVersions - Gradle version information cache is up-to-date. Trying to read.
2025-03-02 00:17:02,574 [Worker-0: Building] INFO  o.e.m.c.i.e.AbstractTransferListenerAdapter - Downloading https://repo.maven.apache.org/maven2/io/cucumber/messages/maven-metadata.xml
2025-03-02 00:17:02,615 [Worker-0: Building] INFO  o.e.m.c.i.e.AbstractTransferListenerAdapter - Downloaded https://repo.maven.apache.org/maven2/io/cucumber/messages/maven-metadata.xml
2025-03-02 00:17:04,179 [Worker-0: Building] INFO  o.a.m.s.f.DefaultMavenResourcesFiltering - skip non existing resourceDirectory C:\Users\ADMIN\eclipse-workspace\Netmeds\src\main\resources
2025-03-02 00:17:04,190 [Worker-0: Building] INFO  o.a.m.s.f.DefaultMavenResourcesFiltering - skip non existing resourceDirectory C:\Users\ADMIN\eclipse-workspace\Netmeds\src\test\resources
2025-03-02 00:19:55,700 [Worker-7: Building] INFO  o.a.m.s.f.DefaultMavenResourcesFiltering - skip non existing resourceDirectory C:\Users\ADMIN\eclipse-workspace\Netmeds\src\main\resources
2025-03-02 00:19:55,704 [Worker-7: Building] INFO  o.a.m.s.f.DefaultMavenResourcesFiltering - skip non existing resourceDirectory C:\Users\ADMIN\eclipse-workspace\Netmeds\src\test\resources
2025-03-02 00:21:38,515 [Worker-16: Building] INFO  o.a.m.s.f.DefaultMavenResourcesFiltering - skip non existing resourceDirectory C:\Users\ADMIN\eclipse-workspace\Netmeds\src\main\resources
2025-03-02 00:21:38,515 [Worker-16: Building] INFO  o.a.m.s.f.DefaultMavenResourcesFiltering - skip non existing resourceDirectory C:\Users\ADMIN\eclipse-workspace\Netmeds\src\test\resources
2025-03-02 02:13:16,306 [Worker-27: Building] INFO  o.a.m.s.f.DefaultMavenResourcesFiltering - skip non existing resourceDirectory C:\Users\ADMIN\eclipse-workspace\Netmeds\src\main\resources
2025-03-02 02:13:16,311 [Worker-27: Building] INFO  o.a.m.s.f.DefaultMavenResourcesFiltering - skip non existing resourceDirectory C:\Users\ADMIN\eclipse-workspace\Netmeds\src\test\resources
2025-03-02 02:13:40,681 [Worker-27: Building] INFO  o.a.m.s.f.DefaultMavenResourcesFiltering - skip non existing resourceDirectory C:\Users\ADMIN\eclipse-workspace\Netmeds\src\main\resources
2025-03-02 02:13:40,685 [Worker-27: Building] INFO  o.a.m.s.f.DefaultMavenResourcesFiltering - skip non existing resourceDirectory C:\Users\ADMIN\eclipse-workspace\Netmeds\src\test\resources
2025-03-02 02:13:59,515 [Worker-27: Building] INFO  o.a.m.s.f.DefaultMavenResourcesFiltering - skip non existing resourceDirectory C:\Users\ADMIN\eclipse-workspace\Netmeds\src\main\resources
2025-03-02 02:13:59,518 [Worker-27: Building] INFO  o.a.m.s.f.DefaultMavenResourcesFiltering - skip non existing resourceDirectory C:\Users\ADMIN\eclipse-workspace\Netmeds\src\test\resources
2025-03-02 02:17:52,057 [Worker-27: Building] INFO  o.a.m.s.f.DefaultMavenResourcesFiltering - skip non existing resourceDirectory C:\Users\ADMIN\eclipse-workspace\Netmeds\src\main\resources
2025-03-02 02:17:52,062 [Worker-27: Building] INFO  o.a.m.s.f.DefaultMavenResourcesFiltering - skip non existing resourceDirectory C:\Users\ADMIN\eclipse-workspace\Netmeds\src\test\resources
2025-03-02 02:18:23,361 [Worker-27: Building] INFO  o.a.m.s.f.DefaultMavenResourcesFiltering - skip non existing resourceDirectory C:\Users\ADMIN\eclipse-workspace\Netmeds\src\main\resources
2025-03-02 02:18:23,367 [Worker-27: Building] INFO  o.a.m.s.f.DefaultMavenResourcesFiltering - skip non existing resourceDirectory C:\Users\ADMIN\eclipse-workspace\Netmeds\src\test\resources
2025-03-02 02:18:46,596 [Worker-28: Building] INFO  o.a.m.s.f.DefaultMavenResourcesFiltering - skip non existing resourceDirectory C:\Users\ADMIN\eclipse-workspace\Netmeds\src\main\resources
2025-03-02 02:18:46,599 [Worker-28: Building] INFO  o.a.m.s.f.DefaultMavenResourcesFiltering - skip non existing resourceDirectory C:\Users\ADMIN\eclipse-workspace\Netmeds\src\test\resources
2025-03-02 02:19:00,030 [Worker-30: Building] INFO  o.a.m.s.f.DefaultMavenResourcesFiltering - skip non existing resourceDirectory C:\Users\ADMIN\eclipse-workspace\Netmeds\src\main\resources
2025-03-02 02:19:00,035 [Worker-30: Building] INFO  o.a.m.s.f.DefaultMavenResourcesFiltering - skip non existing resourceDirectory C:\Users\ADMIN\eclipse-workspace\Netmeds\src\test\resources
2025-03-02 02:19:17,230 [Worker-27: Building] INFO  o.a.m.s.f.DefaultMavenResourcesFiltering - skip non existing resourceDirectory C:\Users\ADMIN\eclipse-workspace\Netmeds\src\main\resources
2025-03-02 02:19:17,237 [Worker-27: Building] INFO  o.a.m.s.f.DefaultMavenResourcesFiltering - skip non existing resourceDirectory C:\Users\ADMIN\eclipse-workspace\Netmeds\src\test\resources
2025-03-02 02:19:56,112 [Worker-28: Building] INFO  o.a.m.s.f.DefaultMavenResourcesFiltering - skip non existing resourceDirectory C:\Users\ADMIN\eclipse-workspace\Netmeds\src\main\resources
2025-03-02 02:19:56,116 [Worker-28: Building] INFO  o.a.m.s.f.DefaultMavenResourcesFiltering - skip non existing resourceDirectory C:\Users\ADMIN\eclipse-workspace\Netmeds\src\test\resources
2025-03-02 02:20:26,007 [Worker-32: Building] INFO  o.a.m.s.f.DefaultMavenResourcesFiltering - skip non existing resourceDirectory C:\Users\ADMIN\eclipse-workspace\Netmeds\src\main\resources
2025-03-02 02:20:26,011 [Worker-32: Building] INFO  o.a.m.s.f.DefaultMavenResourcesFiltering - skip non existing resourceDirectory C:\Users\ADMIN\eclipse-workspace\Netmeds\src\test\resources
2025-03-02 02:22:05,478 [Worker-32: Building] INFO  o.a.m.s.f.DefaultMavenResourcesFiltering - skip non existing resourceDirectory C:\Users\ADMIN\eclipse-workspace\Netmeds\src\main\resources
2025-03-02 02:22:05,482 [Worker-32: Building] INFO  o.a.m.s.f.DefaultMavenResourcesFiltering - skip non existing resourceDirectory C:\Users\ADMIN\eclipse-workspace\Netmeds\src\test\resources
2025-03-02 02:23:03,340 [Worker-32: Updating Maven Dependencies] ERROR o.e.m.j.i.l.MavenLaunchConfigurationListener - Launch configuration NetmedsLoginTestngRunner references non-existing project Netmeds.
org.eclipse.core.runtime.CoreException: Launch configuration NetmedsLoginTestngRunner references non-existing project Netmeds.
	at org.eclipse.jdt.launching.JavaRuntime.abort(JavaRuntime.java:1870)
	at org.eclipse.jdt.launching.JavaRuntime.getJavaProject(JavaRuntime.java:1747)
	at org.eclipse.m2e.jdt.internal.launch.MavenLaunchConfigurationListener.updateLaunchConfiguration(MavenLaunchConfigurationListener.java:66)
	at org.eclipse.m2e.jdt.internal.launch.MavenLaunchConfigurationListener.launchConfigurationChanged(MavenLaunchConfigurationListener.java:52)
	at org.eclipse.debug.internal.core.LaunchManager$ConfigurationNotifier.run(LaunchManager.java:220)
	at org.eclipse.core.runtime.SafeRunner.run(SafeRunner.java:47)
	at org.eclipse.debug.internal.core.LaunchManager$ConfigurationNotifier.notify(LaunchManager.java:204)
	at org.eclipse.debug.internal.core.LaunchConfigurationWorkingCopy.setDirty(LaunchConfigurationWorkingCopy.java:527)
	at org.eclipse.debug.internal.core.LaunchConfigurationWorkingCopy.setAttribute(LaunchConfigurationWorkingCopy.java:415)
	at org.eclipse.m2e.jdt.internal.launch.MavenRuntimeClasspathProvider.disable(MavenRuntimeClasspathProvider.java:409)
	at org.eclipse.m2e.jdt.internal.launch.MavenRuntimeClasspathProvider.disable(MavenRuntimeClasspathProvider.java:435)
	at org.eclipse.m2e.jdt.internal.launch.MavenLaunchConfigurationListener.mavenProjectChanged(MavenLaunchConfigurationListener.java:137)
	at org.eclipse.m2e.core.internal.project.registry.ProjectRegistryManager.notifyProjectChangeListeners(ProjectRegistryManager.java:892)
	at org.eclipse.m2e.core.internal.project.registry.ProjectRegistryManager.applyMutableProjectRegistry(ProjectRegistryManager.java:1042)
	at org.eclipse.m2e.core.internal.project.registry.ProjectRegistryRefreshJob.lambda$0(ProjectRegistryRefreshJob.java:162)
	at org.eclipse.m2e.core.internal.embedder.MavenExecutionContext.executeBare(MavenExecutionContext.java:458)
	at org.eclipse.m2e.core.internal.embedder.MavenExecutionContext.execute(MavenExecutionContext.java:339)
	at org.eclipse.m2e.core.internal.embedder.MavenExecutionContext.execute(MavenExecutionContext.java:278)
	at org.eclipse.m2e.core.internal.project.registry.ProjectRegistryRefreshJob.run(ProjectRegistryRefreshJob.java:106)
	at org.eclipse.core.internal.jobs.Worker.run(Worker.java:63)
2025-03-02 02:23:03,354 [Worker-32: Updating Maven Dependencies] ERROR o.e.m.j.i.l.MavenLaunchConfigurationListener - Launch configuration NetmedsLoginTestngRunner references non-existing project Netmeds.
org.eclipse.core.runtime.CoreException: Launch configuration NetmedsLoginTestngRunner references non-existing project Netmeds.
	at org.eclipse.jdt.launching.JavaRuntime.abort(JavaRuntime.java:1870)
	at org.eclipse.jdt.launching.JavaRuntime.getJavaProject(JavaRuntime.java:1747)
	at org.eclipse.m2e.jdt.internal.launch.MavenLaunchConfigurationListener.updateLaunchConfiguration(MavenLaunchConfigurationListener.java:66)
	at org.eclipse.m2e.jdt.internal.launch.MavenLaunchConfigurationListener.launchConfigurationChanged(MavenLaunchConfigurationListener.java:52)
	at org.eclipse.debug.internal.core.LaunchManager$ConfigurationNotifier.run(LaunchManager.java:220)
	at org.eclipse.core.runtime.SafeRunner.run(SafeRunner.java:47)
	at org.eclipse.debug.internal.core.LaunchManager$ConfigurationNotifier.notify(LaunchManager.java:204)
	at org.eclipse.debug.internal.core.LaunchConfigurationWorkingCopy.setDirty(LaunchConfigurationWorkingCopy.java:527)
	at org.eclipse.debug.internal.core.LaunchConfigurationWorkingCopy.setAttribute(LaunchConfigurationWorkingCopy.java:415)
	at org.eclipse.m2e.jdt.internal.launch.MavenRuntimeClasspathProvider.disable(MavenRuntimeClasspathProvider.java:410)
	at org.eclipse.m2e.jdt.internal.launch.MavenRuntimeClasspathProvider.disable(MavenRuntimeClasspathProvider.java:435)
	at org.eclipse.m2e.jdt.internal.launch.MavenLaunchConfigurationListener.mavenProjectChanged(MavenLaunchConfigurationListener.java:137)
	at org.eclipse.m2e.core.internal.project.registry.ProjectRegistryManager.notifyProjectChangeListeners(ProjectRegistryManager.java:892)
	at org.eclipse.m2e.core.internal.project.registry.ProjectRegistryManager.applyMutableProjectRegistry(ProjectRegistryManager.java:1042)
	at org.eclipse.m2e.core.internal.project.registry.ProjectRegistryRefreshJob.lambda$0(ProjectRegistryRefreshJob.java:162)
	at org.eclipse.m2e.core.internal.embedder.MavenExecutionContext.executeBare(MavenExecutionContext.java:458)
	at org.eclipse.m2e.core.internal.embedder.MavenExecutionContext.execute(MavenExecutionContext.java:339)
	at org.eclipse.m2e.core.internal.embedder.MavenExecutionContext.execute(MavenExecutionContext.java:278)
	at org.eclipse.m2e.core.internal.project.registry.ProjectRegistryRefreshJob.run(ProjectRegistryRefreshJob.java:106)
	at org.eclipse.core.internal.jobs.Worker.run(Worker.java:63)
2025-03-02 02:23:03,365 [Worker-32: Updating Maven Dependencies] ERROR o.e.m.j.i.l.MavenLaunchConfigurationListener - Launch configuration NetmedsLoginTestngRunner references non-existing project Netmeds.
org.eclipse.core.runtime.CoreException: Launch configuration NetmedsLoginTestngRunner references non-existing project Netmeds.
	at org.eclipse.jdt.launching.JavaRuntime.abort(JavaRuntime.java:1870)
	at org.eclipse.jdt.launching.JavaRuntime.getJavaProject(JavaRuntime.java:1747)
	at org.eclipse.m2e.jdt.internal.launch.MavenLaunchConfigurationListener.updateLaunchConfiguration(MavenLaunchConfigurationListener.java:66)
	at org.eclipse.m2e.jdt.internal.launch.MavenLaunchConfigurationListener.launchConfigurationChanged(MavenLaunchConfigurationListener.java:52)
	at org.eclipse.debug.internal.core.LaunchManager$ConfigurationNotifier.run(LaunchManager.java:220)
	at org.eclipse.core.runtime.SafeRunner.run(SafeRunner.java:47)
	at org.eclipse.debug.internal.core.LaunchManager$ConfigurationNotifier.notify(LaunchManager.java:204)
	at org.eclipse.debug.internal.core.LaunchManager.launchConfigurationChanged(LaunchManager.java:2010)
	at org.eclipse.debug.internal.core.LaunchConfigurationWorkingCopy.writeNewFile(LaunchConfigurationWorkingCopy.java:380)
	at org.eclipse.debug.internal.core.LaunchConfigurationWorkingCopy.doSave0(LaunchConfigurationWorkingCopy.java:259)
	at org.eclipse.debug.internal.core.LaunchConfigurationWorkingCopy.doSave(LaunchConfigurationWorkingCopy.java:229)
	at org.eclipse.debug.internal.core.LaunchConfigurationWorkingCopy.doSave(LaunchConfigurationWorkingCopy.java:187)
	at org.eclipse.m2e.jdt.internal.launch.MavenRuntimeClasspathProvider.disable(MavenRuntimeClasspathProvider.java:411)
	at org.eclipse.m2e.jdt.internal.launch.MavenRuntimeClasspathProvider.disable(MavenRuntimeClasspathProvider.java:435)
	at org.eclipse.m2e.jdt.internal.launch.MavenLaunchConfigurationListener.mavenProjectChanged(MavenLaunchConfigurationListener.java:137)
	at org.eclipse.m2e.core.internal.project.registry.ProjectRegistryManager.notifyProjectChangeListeners(ProjectRegistryManager.java:892)
	at org.eclipse.m2e.core.internal.project.registry.ProjectRegistryManager.applyMutableProjectRegistry(ProjectRegistryManager.java:1042)
	at org.eclipse.m2e.core.internal.project.registry.ProjectRegistryRefreshJob.lambda$0(ProjectRegistryRefreshJob.java:162)
	at org.eclipse.m2e.core.internal.embedder.MavenExecutionContext.executeBare(MavenExecutionContext.java:458)
	at org.eclipse.m2e.core.internal.embedder.MavenExecutionContext.execute(MavenExecutionContext.java:339)
	at org.eclipse.m2e.core.internal.embedder.MavenExecutionContext.execute(MavenExecutionContext.java:278)
	at org.eclipse.m2e.core.internal.project.registry.ProjectRegistryRefreshJob.run(ProjectRegistryRefreshJob.java:106)
	at org.eclipse.core.internal.jobs.Worker.run(Worker.java:63)
2025-03-02 02:23:03,367 [Worker-32: Updating Maven Dependencies] ERROR o.e.m.j.i.l.MavenLaunchConfigurationListener - Launch configuration New_configuration references non-existing project Netmeds.
org.eclipse.core.runtime.CoreException: Launch configuration New_configuration references non-existing project Netmeds.
	at org.eclipse.jdt.launching.JavaRuntime.abort(JavaRuntime.java:1870)
	at org.eclipse.jdt.launching.JavaRuntime.getJavaProject(JavaRuntime.java:1747)
	at org.eclipse.m2e.jdt.internal.launch.MavenLaunchConfigurationListener.updateLaunchConfiguration(MavenLaunchConfigurationListener.java:66)
	at org.eclipse.m2e.jdt.internal.launch.MavenLaunchConfigurationListener.launchConfigurationChanged(MavenLaunchConfigurationListener.java:52)
	at org.eclipse.debug.internal.core.LaunchManager$ConfigurationNotifier.run(LaunchManager.java:220)
	at org.eclipse.core.runtime.SafeRunner.run(SafeRunner.java:47)
	at org.eclipse.debug.internal.core.LaunchManager$ConfigurationNotifier.notify(LaunchManager.java:204)
	at org.eclipse.debug.internal.core.LaunchConfigurationWorkingCopy.setDirty(LaunchConfigurationWorkingCopy.java:527)
	at org.eclipse.debug.internal.core.LaunchConfigurationWorkingCopy.setAttribute(LaunchConfigurationWorkingCopy.java:415)
	at org.eclipse.m2e.jdt.internal.launch.MavenRuntimeClasspathProvider.disable(MavenRuntimeClasspathProvider.java:409)
	at org.eclipse.m2e.jdt.internal.launch.MavenRuntimeClasspathProvider.disable(MavenRuntimeClasspathProvider.java:435)
	at org.eclipse.m2e.jdt.internal.launch.MavenLaunchConfigurationListener.mavenProjectChanged(MavenLaunchConfigurationListener.java:137)
	at org.eclipse.m2e.core.internal.project.registry.ProjectRegistryManager.notifyProjectChangeListeners(ProjectRegistryManager.java:892)
	at org.eclipse.m2e.core.internal.project.registry.ProjectRegistryManager.applyMutableProjectRegistry(ProjectRegistryManager.java:1042)
	at org.eclipse.m2e.core.internal.project.registry.ProjectRegistryRefreshJob.lambda$0(ProjectRegistryRefreshJob.java:162)
	at org.eclipse.m2e.core.internal.embedder.MavenExecutionContext.executeBare(MavenExecutionContext.java:458)
	at org.eclipse.m2e.core.internal.embedder.MavenExecutionContext.execute(MavenExecutionContext.java:339)
	at org.eclipse.m2e.core.internal.embedder.MavenExecutionContext.execute(MavenExecutionContext.java:278)
	at org.eclipse.m2e.core.internal.project.registry.ProjectRegistryRefreshJob.run(ProjectRegistryRefreshJob.java:106)
	at org.eclipse.core.internal.jobs.Worker.run(Worker.java:63)
2025-03-02 02:23:03,369 [Worker-32: Updating Maven Dependencies] ERROR o.e.m.j.i.l.MavenLaunchConfigurationListener - Launch configuration New_configuration references non-existing project Netmeds.
org.eclipse.core.runtime.CoreException: Launch configuration New_configuration references non-existing project Netmeds.
	at org.eclipse.jdt.launching.JavaRuntime.abort(JavaRuntime.java:1870)
	at org.eclipse.jdt.launching.JavaRuntime.getJavaProject(JavaRuntime.java:1747)
	at org.eclipse.m2e.jdt.internal.launch.MavenLaunchConfigurationListener.updateLaunchConfiguration(MavenLaunchConfigurationListener.java:66)
	at org.eclipse.m2e.jdt.internal.launch.MavenLaunchConfigurationListener.launchConfigurationChanged(MavenLaunchConfigurationListener.java:52)
	at org.eclipse.debug.internal.core.LaunchManager$ConfigurationNotifier.run(LaunchManager.java:220)
	at org.eclipse.core.runtime.SafeRunner.run(SafeRunner.java:47)
	at org.eclipse.debug.internal.core.LaunchManager$ConfigurationNotifier.notify(LaunchManager.java:204)
	at org.eclipse.debug.internal.core.LaunchConfigurationWorkingCopy.setDirty(LaunchConfigurationWorkingCopy.java:527)
	at org.eclipse.debug.internal.core.LaunchConfigurationWorkingCopy.setAttribute(LaunchConfigurationWorkingCopy.java:415)
	at org.eclipse.m2e.jdt.internal.launch.MavenRuntimeClasspathProvider.disable(MavenRuntimeClasspathProvider.java:410)
	at org.eclipse.m2e.jdt.internal.launch.MavenRuntimeClasspathProvider.disable(MavenRuntimeClasspathProvider.java:435)
	at org.eclipse.m2e.jdt.internal.launch.MavenLaunchConfigurationListener.mavenProjectChanged(MavenLaunchConfigurationListener.java:137)
	at org.eclipse.m2e.core.internal.project.registry.ProjectRegistryManager.notifyProjectChangeListeners(ProjectRegistryManager.java:892)
	at org.eclipse.m2e.core.internal.project.registry.ProjectRegistryManager.applyMutableProjectRegistry(ProjectRegistryManager.java:1042)
	at org.eclipse.m2e.core.internal.project.registry.ProjectRegistryRefreshJob.lambda$0(ProjectRegistryRefreshJob.java:162)
	at org.eclipse.m2e.core.internal.embedder.MavenExecutionContext.executeBare(MavenExecutionContext.java:458)
	at org.eclipse.m2e.core.internal.embedder.MavenExecutionContext.execute(MavenExecutionContext.java:339)
	at org.eclipse.m2e.core.internal.embedder.MavenExecutionContext.execute(MavenExecutionContext.java:278)
	at org.eclipse.m2e.core.internal.project.registry.ProjectRegistryRefreshJob.run(ProjectRegistryRefreshJob.java:106)
	at org.eclipse.core.internal.jobs.Worker.run(Worker.java:63)
2025-03-02 02:23:03,382 [Worker-32: Updating Maven Dependencies] ERROR o.e.m.j.i.l.MavenLaunchConfigurationListener - Launch configuration New_configuration references non-existing project Netmeds.
org.eclipse.core.runtime.CoreException: Launch configuration New_configuration references non-existing project Netmeds.
	at org.eclipse.jdt.launching.JavaRuntime.abort(JavaRuntime.java:1870)
	at org.eclipse.jdt.launching.JavaRuntime.getJavaProject(JavaRuntime.java:1747)
	at org.eclipse.m2e.jdt.internal.launch.MavenLaunchConfigurationListener.updateLaunchConfiguration(MavenLaunchConfigurationListener.java:66)
	at org.eclipse.m2e.jdt.internal.launch.MavenLaunchConfigurationListener.launchConfigurationChanged(MavenLaunchConfigurationListener.java:52)
	at org.eclipse.debug.internal.core.LaunchManager$ConfigurationNotifier.run(LaunchManager.java:220)
	at org.eclipse.core.runtime.SafeRunner.run(SafeRunner.java:47)
	at org.eclipse.debug.internal.core.LaunchManager$ConfigurationNotifier.notify(LaunchManager.java:204)
	at org.eclipse.debug.internal.core.LaunchManager.launchConfigurationChanged(LaunchManager.java:2010)
	at org.eclipse.debug.internal.core.LaunchConfigurationWorkingCopy.writeNewFile(LaunchConfigurationWorkingCopy.java:380)
	at org.eclipse.debug.internal.core.LaunchConfigurationWorkingCopy.doSave0(LaunchConfigurationWorkingCopy.java:259)
	at org.eclipse.debug.internal.core.LaunchConfigurationWorkingCopy.doSave(LaunchConfigurationWorkingCopy.java:229)
	at org.eclipse.debug.internal.core.LaunchConfigurationWorkingCopy.doSave(LaunchConfigurationWorkingCopy.java:187)
	at org.eclipse.m2e.jdt.internal.launch.MavenRuntimeClasspathProvider.disable(MavenRuntimeClasspathProvider.java:411)
	at org.eclipse.m2e.jdt.internal.launch.MavenRuntimeClasspathProvider.disable(MavenRuntimeClasspathProvider.java:435)
	at org.eclipse.m2e.jdt.internal.launch.MavenLaunchConfigurationListener.mavenProjectChanged(MavenLaunchConfigurationListener.java:137)
	at org.eclipse.m2e.core.internal.project.registry.ProjectRegistryManager.notifyProjectChangeListeners(ProjectRegistryManager.java:892)
	at org.eclipse.m2e.core.internal.project.registry.ProjectRegistryManager.applyMutableProjectRegistry(ProjectRegistryManager.java:1042)
	at org.eclipse.m2e.core.internal.project.registry.ProjectRegistryRefreshJob.lambda$0(ProjectRegistryRefreshJob.java:162)
	at org.eclipse.m2e.core.internal.embedder.MavenExecutionContext.executeBare(MavenExecutionContext.java:458)
	at org.eclipse.m2e.core.internal.embedder.MavenExecutionContext.execute(MavenExecutionContext.java:339)
	at org.eclipse.m2e.core.internal.embedder.MavenExecutionContext.execute(MavenExecutionContext.java:278)
	at org.eclipse.m2e.core.internal.project.registry.ProjectRegistryRefreshJob.run(ProjectRegistryRefreshJob.java:106)
	at org.eclipse.core.internal.jobs.Worker.run(Worker.java:63)
2025-03-02 02:23:03,483 [Worker-32: Updating Maven Dependencies] ERROR o.e.m.j.i.l.MavenLaunchConfigurationListener - Launch configuration TestDemo references non-existing project Netmeds.
org.eclipse.core.runtime.CoreException: Launch configuration TestDemo references non-existing project Netmeds.
	at org.eclipse.jdt.launching.JavaRuntime.abort(JavaRuntime.java:1870)
	at org.eclipse.jdt.launching.JavaRuntime.getJavaProject(JavaRuntime.java:1747)
	at org.eclipse.m2e.jdt.internal.launch.MavenLaunchConfigurationListener.updateLaunchConfiguration(MavenLaunchConfigurationListener.java:66)
	at org.eclipse.m2e.jdt.internal.launch.MavenLaunchConfigurationListener.launchConfigurationChanged(MavenLaunchConfigurationListener.java:52)
	at org.eclipse.debug.internal.core.LaunchManager$ConfigurationNotifier.run(LaunchManager.java:220)
	at org.eclipse.core.runtime.SafeRunner.run(SafeRunner.java:47)
	at org.eclipse.debug.internal.core.LaunchManager$ConfigurationNotifier.notify(LaunchManager.java:204)
	at org.eclipse.debug.internal.core.LaunchConfigurationWorkingCopy.setDirty(LaunchConfigurationWorkingCopy.java:527)
	at org.eclipse.debug.internal.core.LaunchConfigurationWorkingCopy.setAttribute(LaunchConfigurationWorkingCopy.java:415)
	at org.eclipse.m2e.jdt.internal.launch.MavenRuntimeClasspathProvider.disable(MavenRuntimeClasspathProvider.java:409)
	at org.eclipse.m2e.jdt.internal.launch.MavenRuntimeClasspathProvider.disable(MavenRuntimeClasspathProvider.java:435)
	at org.eclipse.m2e.jdt.internal.launch.MavenLaunchConfigurationListener.mavenProjectChanged(MavenLaunchConfigurationListener.java:137)
	at org.eclipse.m2e.core.internal.project.registry.ProjectRegistryManager.notifyProjectChangeListeners(ProjectRegistryManager.java:892)
	at org.eclipse.m2e.core.internal.project.registry.ProjectRegistryManager.applyMutableProjectRegistry(ProjectRegistryManager.java:1042)
	at org.eclipse.m2e.core.internal.project.registry.ProjectRegistryRefreshJob.lambda$0(ProjectRegistryRefreshJob.java:162)
	at org.eclipse.m2e.core.internal.embedder.MavenExecutionContext.executeBare(MavenExecutionContext.java:458)
	at org.eclipse.m2e.core.internal.embedder.MavenExecutionContext.execute(MavenExecutionContext.java:339)
	at org.eclipse.m2e.core.internal.embedder.MavenExecutionContext.execute(MavenExecutionContext.java:278)
	at org.eclipse.m2e.core.internal.project.registry.ProjectRegistryRefreshJob.run(ProjectRegistryRefreshJob.java:106)
	at org.eclipse.core.internal.jobs.Worker.run(Worker.java:63)
2025-03-02 02:23:03,688 [Worker-32: Updating Maven Dependencies] ERROR o.e.m.j.i.l.MavenLaunchConfigurationListener - Launch configuration TestDemo references non-existing project Netmeds.
org.eclipse.core.runtime.CoreException: Launch configuration TestDemo references non-existing project Netmeds.
	at org.eclipse.jdt.launching.JavaRuntime.abort(JavaRuntime.java:1870)
	at org.eclipse.jdt.launching.JavaRuntime.getJavaProject(JavaRuntime.java:1747)
	at org.eclipse.m2e.jdt.internal.launch.MavenLaunchConfigurationListener.updateLaunchConfiguration(MavenLaunchConfigurationListener.java:66)
	at org.eclipse.m2e.jdt.internal.launch.MavenLaunchConfigurationListener.launchConfigurationChanged(MavenLaunchConfigurationListener.java:52)
	at org.eclipse.debug.internal.core.LaunchManager$ConfigurationNotifier.run(LaunchManager.java:220)
	at org.eclipse.core.runtime.SafeRunner.run(SafeRunner.java:47)
	at org.eclipse.debug.internal.core.LaunchManager$ConfigurationNotifier.notify(LaunchManager.java:204)
	at org.eclipse.debug.internal.core.LaunchConfigurationWorkingCopy.setDirty(LaunchConfigurationWorkingCopy.java:527)
	at org.eclipse.debug.internal.core.LaunchConfigurationWorkingCopy.setAttribute(LaunchConfigurationWorkingCopy.java:415)
	at org.eclipse.m2e.jdt.internal.launch.MavenRuntimeClasspathProvider.disable(MavenRuntimeClasspathProvider.java:410)
	at org.eclipse.m2e.jdt.internal.launch.MavenRuntimeClasspathProvider.disable(MavenRuntimeClasspathProvider.java:435)
	at org.eclipse.m2e.jdt.internal.launch.MavenLaunchConfigurationListener.mavenProjectChanged(MavenLaunchConfigurationListener.java:137)
	at org.eclipse.m2e.core.internal.project.registry.ProjectRegistryManager.notifyProjectChangeListeners(ProjectRegistryManager.java:892)
	at org.eclipse.m2e.core.internal.project.registry.ProjectRegistryManager.applyMutableProjectRegistry(ProjectRegistryManager.java:1042)
	at org.eclipse.m2e.core.internal.project.registry.ProjectRegistryRefreshJob.lambda$0(ProjectRegistryRefreshJob.java:162)
	at org.eclipse.m2e.core.internal.embedder.MavenExecutionContext.executeBare(MavenExecutionContext.java:458)
	at org.eclipse.m2e.core.internal.embedder.MavenExecutionContext.execute(MavenExecutionContext.java:339)
	at org.eclipse.m2e.core.internal.embedder.MavenExecutionContext.execute(MavenExecutionContext.java:278)
	at org.eclipse.m2e.core.internal.project.registry.ProjectRegistryRefreshJob.run(ProjectRegistryRefreshJob.java:106)
	at org.eclipse.core.internal.jobs.Worker.run(Worker.java:63)
2025-03-02 02:23:03,783 [Worker-32: Updating Maven Dependencies] ERROR o.e.m.j.i.l.MavenLaunchConfigurationListener - Launch configuration TestDemo references non-existing project Netmeds.
org.eclipse.core.runtime.CoreException: Launch configuration TestDemo references non-existing project Netmeds.
	at org.eclipse.jdt.launching.JavaRuntime.abort(JavaRuntime.java:1870)
	at org.eclipse.jdt.launching.JavaRuntime.getJavaProject(JavaRuntime.java:1747)
	at org.eclipse.m2e.jdt.internal.launch.MavenLaunchConfigurationListener.updateLaunchConfiguration(MavenLaunchConfigurationListener.java:66)
	at org.eclipse.m2e.jdt.internal.launch.MavenLaunchConfigurationListener.launchConfigurationChanged(MavenLaunchConfigurationListener.java:52)
	at org.eclipse.debug.internal.core.LaunchManager$ConfigurationNotifier.run(LaunchManager.java:220)
	at org.eclipse.core.runtime.SafeRunner.run(SafeRunner.java:47)
	at org.eclipse.debug.internal.core.LaunchManager$ConfigurationNotifier.notify(LaunchManager.java:204)
	at org.eclipse.debug.internal.core.LaunchManager.launchConfigurationChanged(LaunchManager.java:2010)
	at org.eclipse.debug.internal.core.LaunchConfigurationWorkingCopy.writeNewFile(LaunchConfigurationWorkingCopy.java:380)
	at org.eclipse.debug.internal.core.LaunchConfigurationWorkingCopy.doSave0(LaunchConfigurationWorkingCopy.java:259)
	at org.eclipse.debug.internal.core.LaunchConfigurationWorkingCopy.doSave(LaunchConfigurationWorkingCopy.java:229)
	at org.eclipse.debug.internal.core.LaunchConfigurationWorkingCopy.doSave(LaunchConfigurationWorkingCopy.java:187)
	at org.eclipse.m2e.jdt.internal.launch.MavenRuntimeClasspathProvider.disable(MavenRuntimeClasspathProvider.java:411)
	at org.eclipse.m2e.jdt.internal.launch.MavenRuntimeClasspathProvider.disable(MavenRuntimeClasspathProvider.java:435)
	at org.eclipse.m2e.jdt.internal.launch.MavenLaunchConfigurationListener.mavenProjectChanged(MavenLaunchConfigurationListener.java:137)
	at org.eclipse.m2e.core.internal.project.registry.ProjectRegistryManager.notifyProjectChangeListeners(ProjectRegistryManager.java:892)
	at org.eclipse.m2e.core.internal.project.registry.ProjectRegistryManager.applyMutableProjectRegistry(ProjectRegistryManager.java:1042)
	at org.eclipse.m2e.core.internal.project.registry.ProjectRegistryRefreshJob.lambda$0(ProjectRegistryRefreshJob.java:162)
	at org.eclipse.m2e.core.internal.embedder.MavenExecutionContext.executeBare(MavenExecutionContext.java:458)
	at org.eclipse.m2e.core.internal.embedder.MavenExecutionContext.execute(MavenExecutionContext.java:339)
	at org.eclipse.m2e.core.internal.embedder.MavenExecutionContext.execute(MavenExecutionContext.java:278)
	at org.eclipse.m2e.core.internal.project.registry.ProjectRegistryRefreshJob.run(ProjectRegistryRefreshJob.java:106)
	at org.eclipse.core.internal.jobs.Worker.run(Worker.java:63)
2025-03-02 02:23:05,020 [Worker-31: Building] INFO  o.e.m.c.i.l.LifecycleMappingFactory - Using org.eclipse.m2e.jdt.JarLifecycleMapping lifecycle mapping for MavenProject: com.vc:test:0.0.1-SNAPSHOT @ C:\Users\ADMIN\eclipse-workspace\Practo\pom.xml.
2025-03-02 02:23:07,012 [Worker-31: Building] INFO  o.a.m.s.f.DefaultMavenResourcesFiltering - skip non existing resourceDirectory C:\Users\ADMIN\eclipse-workspace\Practo\src\main\resources
2025-03-02 02:23:07,017 [Worker-31: Building] INFO  o.a.m.s.f.DefaultMavenResourcesFiltering - skip non existing resourceDirectory C:\Users\ADMIN\eclipse-workspace\Practo\src\test\resources
2025-03-02 02:23:09,504 [Worker-31: Building] INFO  o.a.m.s.f.DefaultMavenResourcesFiltering - skip non existing resourceDirectory C:\Users\ADMIN\eclipse-workspace\Practo\src\main\resources
2025-03-02 02:23:09,507 [Worker-31: Building] INFO  o.a.m.s.f.DefaultMavenResourcesFiltering - skip non existing resourceDirectory C:\Users\ADMIN\eclipse-workspace\Practo\src\test\resources
2025-03-02 02:23:46,242 [Worker-28: Building] INFO  o.a.m.s.f.DefaultMavenResourcesFiltering - skip non existing resourceDirectory C:\Users\ADMIN\eclipse-workspace\Practo\src\main\resources
2025-03-02 02:23:46,247 [Worker-28: Building] INFO  o.a.m.s.f.DefaultMavenResourcesFiltering - skip non existing resourceDirectory C:\Users\ADMIN\eclipse-workspace\Practo\src\test\resources
2025-03-02 02:24:00,474 [main] INFO  o.e.m.jdt.internal.UnitTestSupport - Updating PractoTestngRunner from maven configuration
2025-03-02 02:25:09,131 [Worker-34: Building] INFO  o.a.m.s.f.DefaultMavenResourcesFiltering - skip non existing resourceDirectory C:\Users\ADMIN\eclipse-workspace\Practo\src\main\resources
2025-03-02 02:25:09,136 [Worker-34: Building] INFO  o.a.m.s.f.DefaultMavenResourcesFiltering - skip non existing resourceDirectory C:\Users\ADMIN\eclipse-workspace\Practo\src\test\resources
2025-03-02 02:31:53,512 [Worker-38: Building] INFO  o.a.m.s.f.DefaultMavenResourcesFiltering - skip non existing resourceDirectory C:\Users\ADMIN\eclipse-workspace\Practo\src\main\resources
2025-03-02 02:31:53,517 [Worker-38: Building] INFO  o.a.m.s.f.DefaultMavenResourcesFiltering - skip non existing resourceDirectory C:\Users\ADMIN\eclipse-workspace\Practo\src\test\resources
2025-03-02 02:34:15,852 [Worker-42: Building] INFO  o.a.m.s.f.DefaultMavenResourcesFiltering - skip non existing resourceDirectory C:\Users\ADMIN\eclipse-workspace\Practo\src\main\resources
2025-03-02 02:34:15,855 [Worker-42: Building] INFO  o.a.m.s.f.DefaultMavenResourcesFiltering - skip non existing resourceDirectory C:\Users\ADMIN\eclipse-workspace\Practo\src\test\resources
2025-03-02 02:48:09,636 [Worker-39: Building] INFO  o.a.m.s.f.DefaultMavenResourcesFiltering - skip non existing resourceDirectory C:\Users\ADMIN\eclipse-workspace\Practo\src\main\resources
2025-03-02 02:48:09,641 [Worker-39: Building] INFO  o.a.m.s.f.DefaultMavenResourcesFiltering - skip non existing resourceDirectory C:\Users\ADMIN\eclipse-workspace\Practo\src\test\resources
2025-03-02 02:52:29,425 [Worker-43: Building] INFO  o.a.m.s.f.DefaultMavenResourcesFiltering - skip non existing resourceDirectory C:\Users\ADMIN\eclipse-workspace\Practo\src\main\resources
2025-03-02 02:52:29,429 [Worker-43: Building] INFO  o.a.m.s.f.DefaultMavenResourcesFiltering - skip non existing resourceDirectory C:\Users\ADMIN\eclipse-workspace\Practo\src\test\resources
2025-03-02 03:00:55,328 [Worker-46: Building] INFO  o.a.m.s.f.DefaultMavenResourcesFiltering - skip non existing resourceDirectory C:\Users\ADMIN\eclipse-workspace\Practo\src\main\resources
2025-03-02 03:00:55,332 [Worker-46: Building] INFO  o.a.m.s.f.DefaultMavenResourcesFiltering - skip non existing resourceDirectory C:\Users\ADMIN\eclipse-workspace\Practo\src\test\resources
2025-03-02 03:02:10,698 [Worker-47: Building] INFO  o.a.m.s.f.DefaultMavenResourcesFiltering - skip non existing resourceDirectory C:\Users\ADMIN\eclipse-workspace\Practo\src\main\resources
2025-03-02 03:02:10,703 [Worker-47: Building] INFO  o.a.m.s.f.DefaultMavenResourcesFiltering - skip non existing resourceDirectory C:\Users\ADMIN\eclipse-workspace\Practo\src\test\resources
2025-03-02 03:02:39,967 [Worker-39: Building] INFO  o.a.m.s.f.DefaultMavenResourcesFiltering - skip non existing resourceDirectory C:\Users\ADMIN\eclipse-workspace\Practo\src\main\resources
2025-03-02 03:02:39,970 [Worker-39: Building] INFO  o.a.m.s.f.DefaultMavenResourcesFiltering - skip non existing resourceDirectory C:\Users\ADMIN\eclipse-workspace\Practo\src\test\resources
2025-03-02 03:05:53,015 [Worker-49: Building] INFO  o.a.m.s.f.DefaultMavenResourcesFiltering - skip non existing resourceDirectory C:\Users\ADMIN\eclipse-workspace\Practo\src\main\resources
2025-03-02 03:05:53,020 [Worker-49: Building] INFO  o.a.m.s.f.DefaultMavenResourcesFiltering - skip non existing resourceDirectory C:\Users\ADMIN\eclipse-workspace\Practo\src\test\resources
2025-03-02 03:07:00,120 [Worker-50: Building] INFO  o.a.m.s.f.DefaultMavenResourcesFiltering - skip non existing resourceDirectory C:\Users\ADMIN\eclipse-workspace\Practo\src\main\resources
2025-03-02 03:07:00,127 [Worker-50: Building] INFO  o.a.m.s.f.DefaultMavenResourcesFiltering - skip non existing resourceDirectory C:\Users\ADMIN\eclipse-workspace\Practo\src\test\resources
2025-03-02 03:08:18,734 [Worker-46: Building] INFO  o.a.m.s.f.DefaultMavenResourcesFiltering - skip non existing resourceDirectory C:\Users\ADMIN\eclipse-workspace\Practo\src\main\resources
2025-03-02 03:08:18,738 [Worker-46: Building] INFO  o.a.m.s.f.DefaultMavenResourcesFiltering - skip non existing resourceDirectory C:\Users\ADMIN\eclipse-workspace\Practo\src\test\resources
2025-03-02 03:09:36,207 [Worker-51: Building] INFO  o.a.m.s.f.DefaultMavenResourcesFiltering - skip non existing resourceDirectory C:\Users\ADMIN\eclipse-workspace\Practo\src\main\resources
2025-03-02 03:09:36,211 [Worker-51: Building] INFO  o.a.m.s.f.DefaultMavenResourcesFiltering - skip non existing resourceDirectory C:\Users\ADMIN\eclipse-workspace\Practo\src\test\resources
2025-03-02 03:10:09,809 [Worker-43: Building] INFO  o.a.m.s.f.DefaultMavenResourcesFiltering - skip non existing resourceDirectory C:\Users\ADMIN\eclipse-workspace\Practo\src\main\resources
2025-03-02 03:10:09,812 [Worker-43: Building] INFO  o.a.m.s.f.DefaultMavenResourcesFiltering - skip non existing resourceDirectory C:\Users\ADMIN\eclipse-workspace\Practo\src\test\resources
2025-03-02 03:10:55,020 [Worker-46: Building] INFO  o.a.m.s.f.DefaultMavenResourcesFiltering - skip non existing resourceDirectory C:\Users\ADMIN\eclipse-workspace\Practo\src\main\resources
2025-03-02 03:10:55,024 [Worker-46: Building] INFO  o.a.m.s.f.DefaultMavenResourcesFiltering - skip non existing resourceDirectory C:\Users\ADMIN\eclipse-workspace\Practo\src\test\resources
2025-03-02 03:12:47,939 [Worker-51: Building] INFO  o.a.m.s.f.DefaultMavenResourcesFiltering - skip non existing resourceDirectory C:\Users\ADMIN\eclipse-workspace\Practo\src\main\resources
2025-03-02 03:12:47,943 [Worker-51: Building] INFO  o.a.m.s.f.DefaultMavenResourcesFiltering - skip non existing resourceDirectory C:\Users\ADMIN\eclipse-workspace\Practo\src\test\resources
2025-03-02 03:13:00,523 [Worker-51: Building] INFO  o.a.m.s.f.DefaultMavenResourcesFiltering - skip non existing resourceDirectory C:\Users\ADMIN\eclipse-workspace\Practo\src\main\resources
2025-03-02 03:13:00,526 [Worker-51: Building] INFO  o.a.m.s.f.DefaultMavenResourcesFiltering - skip non existing resourceDirectory C:\Users\ADMIN\eclipse-workspace\Practo\src\test\resources
2025-03-02 03:16:42,312 [Worker-52: Building] INFO  o.a.m.s.f.DefaultMavenResourcesFiltering - skip non existing resourceDirectory C:\Users\ADMIN\eclipse-workspace\Practo\src\main\resources
2025-03-02 03:16:42,314 [Worker-52: Building] INFO  o.a.m.s.f.DefaultMavenResourcesFiltering - skip non existing resourceDirectory C:\Users\ADMIN\eclipse-workspace\Practo\src\test\resources
2025-03-02 03:17:40,146 [Worker-53: Building] INFO  o.a.m.s.f.DefaultMavenResourcesFiltering - skip non existing resourceDirectory C:\Users\ADMIN\eclipse-workspace\Practo\src\main\resources
2025-03-02 03:17:40,149 [Worker-53: Building] INFO  o.a.m.s.f.DefaultMavenResourcesFiltering - skip non existing resourceDirectory C:\Users\ADMIN\eclipse-workspace\Practo\src\test\resources
2025-03-02 03:18:39,402 [Worker-53: Building] INFO  o.a.m.s.f.DefaultMavenResourcesFiltering - skip non existing resourceDirectory C:\Users\ADMIN\eclipse-workspace\Practo\src\main\resources
2025-03-02 03:18:39,405 [Worker-53: Building] INFO  o.a.m.s.f.DefaultMavenResourcesFiltering - skip non existing resourceDirectory C:\Users\ADMIN\eclipse-workspace\Practo\src\test\resources
2025-03-02 03:19:37,656 [Worker-50: Building] INFO  o.a.m.s.f.DefaultMavenResourcesFiltering - skip non existing resourceDirectory C:\Users\ADMIN\eclipse-workspace\Practo\src\main\resources
2025-03-02 03:19:37,658 [Worker-50: Building] INFO  o.a.m.s.f.DefaultMavenResourcesFiltering - skip non existing resourceDirectory C:\Users\ADMIN\eclipse-workspace\Practo\src\test\resources
2025-03-02 03:20:19,322 [Worker-46: Building] INFO  o.a.m.s.f.DefaultMavenResourcesFiltering - skip non existing resourceDirectory C:\Users\ADMIN\eclipse-workspace\Practo\src\main\resources
2025-03-02 03:20:19,327 [Worker-46: Building] INFO  o.a.m.s.f.DefaultMavenResourcesFiltering - skip non existing resourceDirectory C:\Users\ADMIN\eclipse-workspace\Practo\src\test\resources
2025-03-02 03:22:06,087 [Worker-52: Building] INFO  o.a.m.s.f.DefaultMavenResourcesFiltering - skip non existing resourceDirectory C:\Users\ADMIN\eclipse-workspace\Practo\src\main\resources
2025-03-02 03:22:06,091 [Worker-52: Building] INFO  o.a.m.s.f.DefaultMavenResourcesFiltering - skip non existing resourceDirectory C:\Users\ADMIN\eclipse-workspace\Practo\src\test\resources
2025-03-02 03:22:41,499 [Worker-53: Building] INFO  o.a.m.s.f.DefaultMavenResourcesFiltering - skip non existing resourceDirectory C:\Users\ADMIN\eclipse-workspace\Practo\src\main\resources
2025-03-02 03:22:41,501 [Worker-53: Building] INFO  o.a.m.s.f.DefaultMavenResourcesFiltering - skip non existing resourceDirectory C:\Users\ADMIN\eclipse-workspace\Practo\src\test\resources
2025-03-02 03:22:48,056 [Worker-53: Building] INFO  o.a.m.s.f.DefaultMavenResourcesFiltering - skip non existing resourceDirectory C:\Users\ADMIN\eclipse-workspace\Practo\src\main\resources
2025-03-02 03:22:48,059 [Worker-53: Building] INFO  o.a.m.s.f.DefaultMavenResourcesFiltering - skip non existing resourceDirectory C:\Users\ADMIN\eclipse-workspace\Practo\src\test\resources
2025-03-02 03:23:01,618 [Worker-54: Building] INFO  o.a.m.s.f.DefaultMavenResourcesFiltering - skip non existing resourceDirectory C:\Users\ADMIN\eclipse-workspace\Practo\src\main\resources
2025-03-02 03:23:01,621 [Worker-54: Building] INFO  o.a.m.s.f.DefaultMavenResourcesFiltering - skip non existing resourceDirectory C:\Users\ADMIN\eclipse-workspace\Practo\src\test\resources
2025-03-02 03:23:15,655 [Worker-53: Building] INFO  o.a.m.s.f.DefaultMavenResourcesFiltering - skip non existing resourceDirectory C:\Users\ADMIN\eclipse-workspace\Practo\src\main\resources
2025-03-02 03:23:15,658 [Worker-53: Building] INFO  o.a.m.s.f.DefaultMavenResourcesFiltering - skip non existing resourceDirectory C:\Users\ADMIN\eclipse-workspace\Practo\src\test\resources
2025-03-02 03:25:19,024 [Worker-55: Building] INFO  o.a.m.s.f.DefaultMavenResourcesFiltering - skip non existing resourceDirectory C:\Users\ADMIN\eclipse-workspace\Practo\src\main\resources
2025-03-02 03:25:19,029 [Worker-55: Building] INFO  o.a.m.s.f.DefaultMavenResourcesFiltering - skip non existing resourceDirectory C:\Users\ADMIN\eclipse-workspace\Practo\src\test\resources
2025-03-02 03:25:50,238 [Worker-56: Building] INFO  o.a.m.s.f.DefaultMavenResourcesFiltering - skip non existing resourceDirectory C:\Users\ADMIN\eclipse-workspace\Practo\src\main\resources
2025-03-02 03:25:50,241 [Worker-56: Building] INFO  o.a.m.s.f.DefaultMavenResourcesFiltering - skip non existing resourceDirectory C:\Users\ADMIN\eclipse-workspace\Practo\src\test\resources
2025-03-02 03:29:46,556 [Worker-58: Building] INFO  o.a.m.s.f.DefaultMavenResourcesFiltering - skip non existing resourceDirectory C:\Users\ADMIN\eclipse-workspace\Practo\src\main\resources
2025-03-02 03:29:46,559 [Worker-58: Building] INFO  o.a.m.s.f.DefaultMavenResourcesFiltering - skip non existing resourceDirectory C:\Users\ADMIN\eclipse-workspace\Practo\src\test\resources
2025-03-02 03:30:01,113 [Worker-52: Building] INFO  o.a.m.s.f.DefaultMavenResourcesFiltering - skip non existing resourceDirectory C:\Users\ADMIN\eclipse-workspace\Practo\src\main\resources
2025-03-02 03:30:01,117 [Worker-52: Building] INFO  o.a.m.s.f.DefaultMavenResourcesFiltering - skip non existing resourceDirectory C:\Users\ADMIN\eclipse-workspace\Practo\src\test\resources
2025-03-02 03:30:21,001 [Worker-54: Building] INFO  o.a.m.s.f.DefaultMavenResourcesFiltering - skip non existing resourceDirectory C:\Users\ADMIN\eclipse-workspace\Practo\src\main\resources
2025-03-02 03:30:21,005 [Worker-54: Building] INFO  o.a.m.s.f.DefaultMavenResourcesFiltering - skip non existing resourceDirectory C:\Users\ADMIN\eclipse-workspace\Practo\src\test\resources
2025-03-02 03:30:27,732 [Worker-54: Building] INFO  o.a.m.s.f.DefaultMavenResourcesFiltering - skip non existing resourceDirectory C:\Users\ADMIN\eclipse-workspace\Practo\src\main\resources
2025-03-02 03:30:27,736 [Worker-54: Building] INFO  o.a.m.s.f.DefaultMavenResourcesFiltering - skip non existing resourceDirectory C:\Users\ADMIN\eclipse-workspace\Practo\src\test\resources
2025-03-02 03:32:29,460 [Worker-58: Building] INFO  o.a.m.s.f.DefaultMavenResourcesFiltering - skip non existing resourceDirectory C:\Users\ADMIN\eclipse-workspace\Practo\src\main\resources
2025-03-02 03:32:29,463 [Worker-58: Building] INFO  o.a.m.s.f.DefaultMavenResourcesFiltering - skip non existing resourceDirectory C:\Users\ADMIN\eclipse-workspace\Practo\src\test\resources
2025-03-02 03:32:40,869 [Worker-58: Building] INFO  o.a.m.s.f.DefaultMavenResourcesFiltering - skip non existing resourceDirectory C:\Users\ADMIN\eclipse-workspace\Practo\src\main\resources
2025-03-02 03:32:40,870 [Worker-58: Building] INFO  o.a.m.s.f.DefaultMavenResourcesFiltering - skip non existing resourceDirectory C:\Users\ADMIN\eclipse-workspace\Practo\src\test\resources
2025-03-02 03:33:49,898 [Worker-55: Building] INFO  o.a.m.s.f.DefaultMavenResourcesFiltering - skip non existing resourceDirectory C:\Users\ADMIN\eclipse-workspace\Practo\src\main\resources
2025-03-02 03:33:49,902 [Worker-55: Building] INFO  o.a.m.s.f.DefaultMavenResourcesFiltering - skip non existing resourceDirectory C:\Users\ADMIN\eclipse-workspace\Practo\src\test\resources
2025-03-02 03:34:56,739 [Worker-57: Building] INFO  o.a.m.s.f.DefaultMavenResourcesFiltering - skip non existing resourceDirectory C:\Users\ADMIN\eclipse-workspace\Practo\src\main\resources
2025-03-02 03:34:56,742 [Worker-57: Building] INFO  o.a.m.s.f.DefaultMavenResourcesFiltering - skip non existing resourceDirectory C:\Users\ADMIN\eclipse-workspace\Practo\src\test\resources
2025-03-02 03:35:33,838 [Worker-59: Building] INFO  o.a.m.s.f.DefaultMavenResourcesFiltering - skip non existing resourceDirectory C:\Users\ADMIN\eclipse-workspace\Practo\src\main\resources
2025-03-02 03:35:33,842 [Worker-59: Building] INFO  o.a.m.s.f.DefaultMavenResourcesFiltering - skip non existing resourceDirectory C:\Users\ADMIN\eclipse-workspace\Practo\src\test\resources
2025-03-02 03:37:50,247 [Worker-55: Building] INFO  o.a.m.s.f.DefaultMavenResourcesFiltering - skip non existing resourceDirectory C:\Users\ADMIN\eclipse-workspace\Practo\src\main\resources
2025-03-02 03:37:50,251 [Worker-55: Building] INFO  o.a.m.s.f.DefaultMavenResourcesFiltering - skip non existing resourceDirectory C:\Users\ADMIN\eclipse-workspace\Practo\src\test\resources
2025-03-02 03:39:03,002 [Worker-61: Building] INFO  o.a.m.s.f.DefaultMavenResourcesFiltering - skip non existing resourceDirectory C:\Users\ADMIN\eclipse-workspace\Practo\src\main\resources
2025-03-02 03:39:03,005 [Worker-61: Building] INFO  o.a.m.s.f.DefaultMavenResourcesFiltering - skip non existing resourceDirectory C:\Users\ADMIN\eclipse-workspace\Practo\src\test\resources
2025-03-02 03:39:47,380 [Worker-54: Building] INFO  o.a.m.s.f.DefaultMavenResourcesFiltering - skip non existing resourceDirectory C:\Users\ADMIN\eclipse-workspace\Practo\src\main\resources
2025-03-02 03:39:47,383 [Worker-54: Building] INFO  o.a.m.s.f.DefaultMavenResourcesFiltering - skip non existing resourceDirectory C:\Users\ADMIN\eclipse-workspace\Practo\src\test\resources
2025-03-02 03:40:02,422 [Worker-58: Building] INFO  o.a.m.s.f.DefaultMavenResourcesFiltering - skip non existing resourceDirectory C:\Users\ADMIN\eclipse-workspace\Practo\src\main\resources
2025-03-02 03:40:02,424 [Worker-58: Building] INFO  o.a.m.s.f.DefaultMavenResourcesFiltering - skip non existing resourceDirectory C:\Users\ADMIN\eclipse-workspace\Practo\src\test\resources
2025-03-02 03:42:12,164 [Worker-62: Building] INFO  o.a.m.s.f.DefaultMavenResourcesFiltering - skip non existing resourceDirectory C:\Users\ADMIN\eclipse-workspace\Practo\src\main\resources
2025-03-02 03:42:12,168 [Worker-62: Building] INFO  o.a.m.s.f.DefaultMavenResourcesFiltering - skip non existing resourceDirectory C:\Users\ADMIN\eclipse-workspace\Practo\src\test\resources
2025-03-02 03:44:25,639 [Worker-52: Building] INFO  o.a.m.s.f.DefaultMavenResourcesFiltering - skip non existing resourceDirectory C:\Users\ADMIN\eclipse-workspace\Practo\src\main\resources
2025-03-02 03:44:25,642 [Worker-52: Building] INFO  o.a.m.s.f.DefaultMavenResourcesFiltering - skip non existing resourceDirectory C:\Users\ADMIN\eclipse-workspace\Practo\src\test\resources
2025-03-02 03:48:12,358 [Worker-69: Building] INFO  o.a.m.s.f.DefaultMavenResourcesFiltering - skip non existing resourceDirectory C:\Users\ADMIN\eclipse-workspace\Practo\src\main\resources
2025-03-02 03:48:12,362 [Worker-69: Building] INFO  o.a.m.s.f.DefaultMavenResourcesFiltering - skip non existing resourceDirectory C:\Users\ADMIN\eclipse-workspace\Practo\src\test\resources
2025-03-02 03:50:52,826 [Worker-73: Building] INFO  o.a.m.s.f.DefaultMavenResourcesFiltering - skip non existing resourceDirectory C:\Users\ADMIN\eclipse-workspace\Practo\src\main\resources
2025-03-02 03:50:52,830 [Worker-73: Building] INFO  o.a.m.s.f.DefaultMavenResourcesFiltering - skip non existing resourceDirectory C:\Users\ADMIN\eclipse-workspace\Practo\src\test\resources
2025-03-02 03:51:02,021 [Worker-69: Building] INFO  o.a.m.s.f.DefaultMavenResourcesFiltering - skip non existing resourceDirectory C:\Users\ADMIN\eclipse-workspace\Practo\src\main\resources
2025-03-02 03:51:02,024 [Worker-69: Building] INFO  o.a.m.s.f.DefaultMavenResourcesFiltering - skip non existing resourceDirectory C:\Users\ADMIN\eclipse-workspace\Practo\src\test\resources
2025-03-02 03:52:18,275 [Worker-73: Building] INFO  o.a.m.s.f.DefaultMavenResourcesFiltering - skip non existing resourceDirectory C:\Users\ADMIN\eclipse-workspace\Practo\src\main\resources
2025-03-02 03:52:18,279 [Worker-73: Building] INFO  o.a.m.s.f.DefaultMavenResourcesFiltering - skip non existing resourceDirectory C:\Users\ADMIN\eclipse-workspace\Practo\src\test\resources
2025-03-02 03:54:26,325 [Worker-76: Building] INFO  o.a.m.s.f.DefaultMavenResourcesFiltering - skip non existing resourceDirectory C:\Users\ADMIN\eclipse-workspace\Practo\src\main\resources
2025-03-02 03:54:26,329 [Worker-76: Building] INFO  o.a.m.s.f.DefaultMavenResourcesFiltering - skip non existing resourceDirectory C:\Users\ADMIN\eclipse-workspace\Practo\src\test\resources
2025-03-02 03:57:42,181 [Worker-69: Building] INFO  o.a.m.s.f.DefaultMavenResourcesFiltering - skip non existing resourceDirectory C:\Users\ADMIN\eclipse-workspace\Practo\src\main\resources
2025-03-02 03:57:42,183 [Worker-69: Building] INFO  o.a.m.s.f.DefaultMavenResourcesFiltering - skip non existing resourceDirectory C:\Users\ADMIN\eclipse-workspace\Practo\src\test\resources
2025-03-02 03:58:35,046 [Worker-69: Building] INFO  o.a.m.s.f.DefaultMavenResourcesFiltering - skip non existing resourceDirectory C:\Users\ADMIN\eclipse-workspace\Practo\src\main\resources
2025-03-02 03:58:35,049 [Worker-69: Building] INFO  o.a.m.s.f.DefaultMavenResourcesFiltering - skip non existing resourceDirectory C:\Users\ADMIN\eclipse-workspace\Practo\src\test\resources
2025-03-02 04:00:09,296 [Worker-69: Building] INFO  o.a.m.s.f.DefaultMavenResourcesFiltering - skip non existing resourceDirectory C:\Users\ADMIN\eclipse-workspace\Practo\src\main\resources
2025-03-02 04:00:09,298 [Worker-69: Building] INFO  o.a.m.s.f.DefaultMavenResourcesFiltering - skip non existing resourceDirectory C:\Users\ADMIN\eclipse-workspace\Practo\src\test\resources
2025-03-02 04:00:15,770 [Worker-78: Building] INFO  o.a.m.s.f.DefaultMavenResourcesFiltering - skip non existing resourceDirectory C:\Users\ADMIN\eclipse-workspace\Practo\src\main\resources
2025-03-02 04:00:15,772 [Worker-78: Building] INFO  o.a.m.s.f.DefaultMavenResourcesFiltering - skip non existing resourceDirectory C:\Users\ADMIN\eclipse-workspace\Practo\src\test\resources
2025-03-02 04:00:47,415 [Worker-74: Building] INFO  o.a.m.s.f.DefaultMavenResourcesFiltering - skip non existing resourceDirectory C:\Users\ADMIN\eclipse-workspace\Practo\src\main\resources
2025-03-02 04:00:47,512 [Worker-74: Building] INFO  o.a.m.s.f.DefaultMavenResourcesFiltering - skip non existing resourceDirectory C:\Users\ADMIN\eclipse-workspace\Practo\src\test\resources
2025-03-02 04:01:18,106 [Worker-74: Building] INFO  o.a.m.s.f.DefaultMavenResourcesFiltering - skip non existing resourceDirectory C:\Users\ADMIN\eclipse-workspace\Practo\src\main\resources
2025-03-02 04:01:18,110 [Worker-74: Building] INFO  o.a.m.s.f.DefaultMavenResourcesFiltering - skip non existing resourceDirectory C:\Users\ADMIN\eclipse-workspace\Practo\src\test\resources
2025-03-02 04:02:55,525 [Worker-69: Building] INFO  o.a.m.s.f.DefaultMavenResourcesFiltering - skip non existing resourceDirectory C:\Users\ADMIN\eclipse-workspace\Practo\src\main\resources
2025-03-02 04:02:55,527 [Worker-69: Building] INFO  o.a.m.s.f.DefaultMavenResourcesFiltering - skip non existing resourceDirectory C:\Users\ADMIN\eclipse-workspace\Practo\src\test\resources
2025-03-02 04:03:14,134 [Worker-69: Building] INFO  o.a.m.s.f.DefaultMavenResourcesFiltering - skip non existing resourceDirectory C:\Users\ADMIN\eclipse-workspace\Practo\src\main\resources
2025-03-02 04:03:14,136 [Worker-69: Building] INFO  o.a.m.s.f.DefaultMavenResourcesFiltering - skip non existing resourceDirectory C:\Users\ADMIN\eclipse-workspace\Practo\src\test\resources
2025-03-02 04:03:48,879 [Worker-69: Building] INFO  o.a.m.s.f.DefaultMavenResourcesFiltering - skip non existing resourceDirectory C:\Users\ADMIN\eclipse-workspace\Practo\src\main\resources
2025-03-02 04:03:48,881 [Worker-69: Building] INFO  o.a.m.s.f.DefaultMavenResourcesFiltering - skip non existing resourceDirectory C:\Users\ADMIN\eclipse-workspace\Practo\src\test\resources
2025-03-02 04:03:56,267 [Worker-74: Building] INFO  o.a.m.s.f.DefaultMavenResourcesFiltering - skip non existing resourceDirectory C:\Users\ADMIN\eclipse-workspace\Practo\src\main\resources
2025-03-02 04:03:56,270 [Worker-74: Building] INFO  o.a.m.s.f.DefaultMavenResourcesFiltering - skip non existing resourceDirectory C:\Users\ADMIN\eclipse-workspace\Practo\src\test\resources
2025-03-02 04:04:51,612 [Worker-65: Building] INFO  o.a.m.s.f.DefaultMavenResourcesFiltering - skip non existing resourceDirectory C:\Users\ADMIN\eclipse-workspace\Practo\src\main\resources
2025-03-02 04:04:51,615 [Worker-65: Building] INFO  o.a.m.s.f.DefaultMavenResourcesFiltering - skip non existing resourceDirectory C:\Users\ADMIN\eclipse-workspace\Practo\src\test\resources
2025-03-02 04:05:41,003 [Worker-65: Building] INFO  o.a.m.s.f.DefaultMavenResourcesFiltering - skip non existing resourceDirectory C:\Users\ADMIN\eclipse-workspace\Practo\src\main\resources
2025-03-02 04:05:41,007 [Worker-65: Building] INFO  o.a.m.s.f.DefaultMavenResourcesFiltering - skip non existing resourceDirectory C:\Users\ADMIN\eclipse-workspace\Practo\src\test\resources
2025-03-02 04:09:00,944 [Worker-69: Building] INFO  o.a.m.s.f.DefaultMavenResourcesFiltering - skip non existing resourceDirectory C:\Users\ADMIN\eclipse-workspace\Practo\src\main\resources
2025-03-02 04:09:00,952 [Worker-69: Building] INFO  o.a.m.s.f.DefaultMavenResourcesFiltering - skip non existing resourceDirectory C:\Users\ADMIN\eclipse-workspace\Practo\src\test\resources
2025-03-02 04:09:20,313 [Worker-80: Building] INFO  o.a.m.s.f.DefaultMavenResourcesFiltering - skip non existing resourceDirectory C:\Users\ADMIN\eclipse-workspace\Practo\src\main\resources
2025-03-02 04:09:20,315 [Worker-80: Building] INFO  o.a.m.s.f.DefaultMavenResourcesFiltering - skip non existing resourceDirectory C:\Users\ADMIN\eclipse-workspace\Practo\src\test\resources
2025-03-02 04:10:47,245 [Worker-82: Building] INFO  o.a.m.s.f.DefaultMavenResourcesFiltering - skip non existing resourceDirectory C:\Users\ADMIN\eclipse-workspace\Practo\src\main\resources
2025-03-02 04:10:47,248 [Worker-82: Building] INFO  o.a.m.s.f.DefaultMavenResourcesFiltering - skip non existing resourceDirectory C:\Users\ADMIN\eclipse-workspace\Practo\src\test\resources
2025-03-02 04:10:58,880 [Worker-82: Building] INFO  o.a.m.s.f.DefaultMavenResourcesFiltering - skip non existing resourceDirectory C:\Users\ADMIN\eclipse-workspace\Practo\src\main\resources
2025-03-02 04:10:58,883 [Worker-82: Building] INFO  o.a.m.s.f.DefaultMavenResourcesFiltering - skip non existing resourceDirectory C:\Users\ADMIN\eclipse-workspace\Practo\src\test\resources
2025-03-02 04:11:46,920 [Worker-80: Building] INFO  o.a.m.s.f.DefaultMavenResourcesFiltering - skip non existing resourceDirectory C:\Users\ADMIN\eclipse-workspace\Practo\src\main\resources
2025-03-02 04:11:46,922 [Worker-80: Building] INFO  o.a.m.s.f.DefaultMavenResourcesFiltering - skip non existing resourceDirectory C:\Users\ADMIN\eclipse-workspace\Practo\src\test\resources
2025-03-02 04:12:05,550 [Worker-82: Building] INFO  o.a.m.s.f.DefaultMavenResourcesFiltering - skip non existing resourceDirectory C:\Users\ADMIN\eclipse-workspace\Practo\src\main\resources
2025-03-02 04:12:05,553 [Worker-82: Building] INFO  o.a.m.s.f.DefaultMavenResourcesFiltering - skip non existing resourceDirectory C:\Users\ADMIN\eclipse-workspace\Practo\src\test\resources
2025-03-02 04:12:32,229 [Worker-84: Building] INFO  o.a.m.s.f.DefaultMavenResourcesFiltering - skip non existing resourceDirectory C:\Users\ADMIN\eclipse-workspace\Practo\src\main\resources
2025-03-02 04:12:32,231 [Worker-84: Building] INFO  o.a.m.s.f.DefaultMavenResourcesFiltering - skip non existing resourceDirectory C:\Users\ADMIN\eclipse-workspace\Practo\src\test\resources
2025-03-02 04:12:42,785 [Worker-69: Building] INFO  o.a.m.s.f.DefaultMavenResourcesFiltering - skip non existing resourceDirectory C:\Users\ADMIN\eclipse-workspace\Practo\src\main\resources
2025-03-02 04:12:42,788 [Worker-69: Building] INFO  o.a.m.s.f.DefaultMavenResourcesFiltering - skip non existing resourceDirectory C:\Users\ADMIN\eclipse-workspace\Practo\src\test\resources
2025-03-02 04:12:54,942 [Worker-69: Building] INFO  o.a.m.s.f.DefaultMavenResourcesFiltering - skip non existing resourceDirectory C:\Users\ADMIN\eclipse-workspace\Practo\src\main\resources
2025-03-02 04:12:54,947 [Worker-69: Building] INFO  o.a.m.s.f.DefaultMavenResourcesFiltering - skip non existing resourceDirectory C:\Users\ADMIN\eclipse-workspace\Practo\src\test\resources
2025-03-03 22:18:57,312 [Worker-0: Loading available Gradle versions] INFO  o.e.b.c.i.u.g.PublishedGradleVersions - Gradle version information cache is out-of-date. Trying to update.
2025-03-03 22:25:55,796 [Worker-1: Building] INFO  o.e.m.c.i.e.AbstractTransferListenerAdapter - Downloading https://repo.maven.apache.org/maven2/io/cucumber/messages/maven-metadata.xml
2025-03-03 22:25:55,840 [Worker-1: Building] INFO  o.e.m.c.i.e.AbstractTransferListenerAdapter - Downloaded https://repo.maven.apache.org/maven2/io/cucumber/messages/maven-metadata.xml
2025-03-03 22:25:57,159 [Worker-1: Building] INFO  o.a.m.s.f.DefaultMavenResourcesFiltering - skip non existing resourceDirectory C:\Users\ADMIN\eclipse-workspace\Practo\src\main\resources
2025-03-03 22:25:57,170 [Worker-1: Building] INFO  o.a.m.s.f.DefaultMavenResourcesFiltering - skip non existing resourceDirectory C:\Users\ADMIN\eclipse-workspace\Practo\src\test\resources
2025-03-03 22:26:50,257 [Worker-13: Building] INFO  o.a.m.s.f.DefaultMavenResourcesFiltering - skip non existing resourceDirectory C:\Users\ADMIN\eclipse-workspace\Practo\src\main\resources
2025-03-03 22:26:50,265 [Worker-13: Building] INFO  o.a.m.s.f.DefaultMavenResourcesFiltering - skip non existing resourceDirectory C:\Users\ADMIN\eclipse-workspace\Practo\src\test\resources
2025-03-03 22:27:33,548 [Worker-12: Building] INFO  o.a.m.s.f.DefaultMavenResourcesFiltering - skip non existing resourceDirectory C:\Users\ADMIN\eclipse-workspace\Practo\src\main\resources
2025-03-03 22:27:33,555 [Worker-12: Building] INFO  o.a.m.s.f.DefaultMavenResourcesFiltering - skip non existing resourceDirectory C:\Users\ADMIN\eclipse-workspace\Practo\src\test\resources
2025-03-03 22:27:55,011 [Worker-12: Building] INFO  o.a.m.s.f.DefaultMavenResourcesFiltering - skip non existing resourceDirectory C:\Users\ADMIN\eclipse-workspace\Practo\src\main\resources
2025-03-03 22:27:55,018 [Worker-12: Building] INFO  o.a.m.s.f.DefaultMavenResourcesFiltering - skip non existing resourceDirectory C:\Users\ADMIN\eclipse-workspace\Practo\src\test\resources
2025-03-03 22:28:41,430 [Worker-12: Building] INFO  o.a.m.s.f.DefaultMavenResourcesFiltering - skip non existing resourceDirectory C:\Users\ADMIN\eclipse-workspace\Practo\src\main\resources
2025-03-03 22:28:41,437 [Worker-12: Building] INFO  o.a.m.s.f.DefaultMavenResourcesFiltering - skip non existing resourceDirectory C:\Users\ADMIN\eclipse-workspace\Practo\src\test\resources
2025-03-03 22:28:59,819 [Worker-4: Building] INFO  o.a.m.s.f.DefaultMavenResourcesFiltering - skip non existing resourceDirectory C:\Users\ADMIN\eclipse-workspace\Practo\src\main\resources
2025-03-03 22:28:59,826 [Worker-4: Building] INFO  o.a.m.s.f.DefaultMavenResourcesFiltering - skip non existing resourceDirectory C:\Users\ADMIN\eclipse-workspace\Practo\src\test\resources
2025-03-03 23:01:38,753 [Worker-26: Building] INFO  o.a.m.s.f.DefaultMavenResourcesFiltering - skip non existing resourceDirectory C:\Users\ADMIN\eclipse-workspace\Practo\src\main\resources
2025-03-03 23:01:38,764 [Worker-26: Building] INFO  o.a.m.s.f.DefaultMavenResourcesFiltering - skip non existing resourceDirectory C:\Users\ADMIN\eclipse-workspace\Practo\src\test\resources
2025-03-03 23:09:49,157 [Worker-29: Building] INFO  o.a.m.s.f.DefaultMavenResourcesFiltering - skip non existing resourceDirectory C:\Users\ADMIN\eclipse-workspace\Practo\src\main\resources
2025-03-03 23:09:49,162 [Worker-29: Building] INFO  o.a.m.s.f.DefaultMavenResourcesFiltering - skip non existing resourceDirectory C:\Users\ADMIN\eclipse-workspace\Practo\src\test\resources
2025-03-03 23:10:23,164 [Worker-32: Building] INFO  o.a.m.s.f.DefaultMavenResourcesFiltering - skip non existing resourceDirectory C:\Users\ADMIN\eclipse-workspace\Practo\src\main\resources
2025-03-03 23:10:23,188 [Worker-32: Building] INFO  o.a.m.s.f.DefaultMavenResourcesFiltering - skip non existing resourceDirectory C:\Users\ADMIN\eclipse-workspace\Practo\src\test\resources
2025-03-03 23:10:49,003 [Worker-30: Building] INFO  o.a.m.s.f.DefaultMavenResourcesFiltering - skip non existing resourceDirectory C:\Users\ADMIN\eclipse-workspace\Practo\src\main\resources
2025-03-03 23:10:49,009 [Worker-30: Building] INFO  o.a.m.s.f.DefaultMavenResourcesFiltering - skip non existing resourceDirectory C:\Users\ADMIN\eclipse-workspace\Practo\src\test\resources
2025-03-03 23:13:56,745 [Worker-31: Building] INFO  o.a.m.s.f.DefaultMavenResourcesFiltering - skip non existing resourceDirectory C:\Users\ADMIN\eclipse-workspace\Practo\src\main\resources
2025-03-03 23:13:56,750 [Worker-31: Building] INFO  o.a.m.s.f.DefaultMavenResourcesFiltering - skip non existing resourceDirectory C:\Users\ADMIN\eclipse-workspace\Practo\src\test\resources
2025-03-03 23:15:04,343 [Worker-34: Building] INFO  o.a.m.s.f.DefaultMavenResourcesFiltering - skip non existing resourceDirectory C:\Users\ADMIN\eclipse-workspace\Practo\src\main\resources
2025-03-03 23:15:04,348 [Worker-34: Building] INFO  o.a.m.s.f.DefaultMavenResourcesFiltering - skip non existing resourceDirectory C:\Users\ADMIN\eclipse-workspace\Practo\src\test\resources
2025-03-03 23:15:12,244 [Worker-33: Building] INFO  o.a.m.s.f.DefaultMavenResourcesFiltering - skip non existing resourceDirectory C:\Users\ADMIN\eclipse-workspace\Practo\src\main\resources
2025-03-03 23:15:12,250 [Worker-33: Building] INFO  o.a.m.s.f.DefaultMavenResourcesFiltering - skip non existing resourceDirectory C:\Users\ADMIN\eclipse-workspace\Practo\src\test\resources
2025-03-03 23:17:13,694 [Worker-29: Building] INFO  o.a.m.s.f.DefaultMavenResourcesFiltering - skip non existing resourceDirectory C:\Users\ADMIN\eclipse-workspace\Practo\src\main\resources
2025-03-03 23:17:13,698 [Worker-29: Building] INFO  o.a.m.s.f.DefaultMavenResourcesFiltering - skip non existing resourceDirectory C:\Users\ADMIN\eclipse-workspace\Practo\src\test\resources
2025-03-03 23:33:04,400 [Worker-1: Loading available Gradle versions] INFO  o.e.b.c.i.u.g.PublishedGradleVersions - Gradle version information cache is up-to-date. Trying to read.
2025-03-10 21:51:57,306 [Worker-1: Loading available Gradle versions] INFO  o.e.b.c.i.u.g.PublishedGradleVersions - Gradle version information cache is out-of-date. Trying to update.
2025-03-10 21:51:59,419 [Worker-1: Loading available Gradle versions] INFO  o.e.b.c.i.u.g.PublishedGradleVersions - Updating Gradle version information cache failed. Using outdated cache.
2025-03-10 21:52:47,416 [Worker-11: Launching PractoTestngRunner] INFO  o.e.m.c.i.e.AbstractTransferListenerAdapter - Downloaded https://repo.maven.apache.org/maven2/io/cucumber/messages/maven-metadata.xml
2025-03-10 21:52:47,420 [Worker-11: Launching PractoTestngRunner] WARN  o.e.m.c.i.embedder.EclipseLogger - Could not transfer metadata io.cucumber:messages/maven-metadata.xml from/to central (https://repo.maven.apache.org/maven2): No such host is known (repo.maven.apache.org)
2025-03-10 21:52:47,512 [Worker-11: Launching PractoTestngRunner] WARN  o.e.m.c.i.embedder.EclipseLogger - io.cucumber:messages/maven-metadata.xml failed to transfer from https://repo.maven.apache.org/maven2 during a previous attempt. This failure was cached in the local repository and resolution will not be reattempted until the update interval of central has elapsed or updates are forced. Original error: Could not transfer metadata io.cucumber:messages/maven-metadata.xml from/to central (https://repo.maven.apache.org/maven2): No such host is known (repo.maven.apache.org)
2025-03-10 21:52:47,571 [Worker-11: Launching PractoTestngRunner] WARN  o.e.m.c.i.embedder.EclipseLogger - io.cucumber:messages/maven-metadata.xml failed to transfer from https://repo.maven.apache.org/maven2 during a previous attempt. This failure was cached in the local repository and resolution will not be reattempted until the update interval of central has elapsed or updates are forced. Original error: Could not transfer metadata io.cucumber:messages/maven-metadata.xml from/to central (https://repo.maven.apache.org/maven2): No such host is known (repo.maven.apache.org)
2025-03-10 21:52:48,340 [Worker-11: Launching PractoTestngRunner] INFO  o.a.m.s.f.DefaultMavenResourcesFiltering - skip non existing resourceDirectory C:\Users\ADMIN\eclipse-workspace\Practo\src\main\resources
2025-03-10 21:52:48,347 [Worker-11: Launching PractoTestngRunner] INFO  o.a.m.s.f.DefaultMavenResourcesFiltering - skip non existing resourceDirectory C:\Users\ADMIN\eclipse-workspace\Practo\src\test\resources
2025-03-10 22:02:53,446 [Worker-2: Building] INFO  o.a.m.s.f.DefaultMavenResourcesFiltering - skip non existing resourceDirectory C:\Users\ADMIN\eclipse-workspace\Practo\src\main\resources
2025-03-10 22:02:53,454 [Worker-2: Building] INFO  o.a.m.s.f.DefaultMavenResourcesFiltering - skip non existing resourceDirectory C:\Users\ADMIN\eclipse-workspace\Practo\src\test\resources
2025-03-10 22:03:50,895 [Worker-16: Building] INFO  o.a.m.s.f.DefaultMavenResourcesFiltering - skip non existing resourceDirectory C:\Users\ADMIN\eclipse-workspace\Practo\src\main\resources
2025-03-10 22:03:50,901 [Worker-16: Building] INFO  o.a.m.s.f.DefaultMavenResourcesFiltering - skip non existing resourceDirectory C:\Users\ADMIN\eclipse-workspace\Practo\src\test\resources
2025-03-10 22:07:04,855 [Worker-17: Building] INFO  o.a.m.s.f.DefaultMavenResourcesFiltering - skip non existing resourceDirectory C:\Users\ADMIN\eclipse-workspace\Practo\src\main\resources
2025-03-10 22:07:04,859 [Worker-17: Building] INFO  o.a.m.s.f.DefaultMavenResourcesFiltering - skip non existing resourceDirectory C:\Users\ADMIN\eclipse-workspace\Practo\src\test\resources
2025-03-10 22:07:52,257 [Worker-9: Building] INFO  o.a.m.s.f.DefaultMavenResourcesFiltering - skip non existing resourceDirectory C:\Users\ADMIN\eclipse-workspace\Practo\src\main\resources
2025-03-10 22:07:52,269 [Worker-9: Building] INFO  o.a.m.s.f.DefaultMavenResourcesFiltering - skip non existing resourceDirectory C:\Users\ADMIN\eclipse-workspace\Practo\src\test\resources
2025-03-10 22:13:06,938 [Worker-17: Building] INFO  o.a.m.s.f.DefaultMavenResourcesFiltering - skip non existing resourceDirectory C:\Users\ADMIN\eclipse-workspace\Practo\src\main\resources
2025-03-10 22:13:06,943 [Worker-17: Building] INFO  o.a.m.s.f.DefaultMavenResourcesFiltering - skip non existing resourceDirectory C:\Users\ADMIN\eclipse-workspace\Practo\src\test\resources
2025-03-10 22:14:03,626 [Worker-20: Building] INFO  o.a.m.s.f.DefaultMavenResourcesFiltering - skip non existing resourceDirectory C:\Users\ADMIN\eclipse-workspace\Practo\src\main\resources
2025-03-10 22:14:03,630 [Worker-20: Building] INFO  o.a.m.s.f.DefaultMavenResourcesFiltering - skip non existing resourceDirectory C:\Users\ADMIN\eclipse-workspace\Practo\src\test\resources
2025-03-10 22:15:11,109 [Worker-21: Building] INFO  o.a.m.s.f.DefaultMavenResourcesFiltering - skip non existing resourceDirectory C:\Users\ADMIN\eclipse-workspace\Practo\src\main\resources
2025-03-10 22:15:11,113 [Worker-21: Building] INFO  o.a.m.s.f.DefaultMavenResourcesFiltering - skip non existing resourceDirectory C:\Users\ADMIN\eclipse-workspace\Practo\src\test\resources
2025-03-10 22:15:49,179 [Worker-17: Building] INFO  o.a.m.s.f.DefaultMavenResourcesFiltering - skip non existing resourceDirectory C:\Users\ADMIN\eclipse-workspace\Practo\src\main\resources
2025-03-10 22:15:49,183 [Worker-17: Building] INFO  o.a.m.s.f.DefaultMavenResourcesFiltering - skip non existing resourceDirectory C:\Users\ADMIN\eclipse-workspace\Practo\src\test\resources
2025-03-10 22:15:59,116 [Worker-19: Building] INFO  o.a.m.s.f.DefaultMavenResourcesFiltering - skip non existing resourceDirectory C:\Users\ADMIN\eclipse-workspace\Practo\src\main\resources
2025-03-10 22:15:59,120 [Worker-19: Building] INFO  o.a.m.s.f.DefaultMavenResourcesFiltering - skip non existing resourceDirectory C:\Users\ADMIN\eclipse-workspace\Practo\src\test\resources
2025-03-10 22:16:05,496 [Worker-19: Building] INFO  o.a.m.s.f.DefaultMavenResourcesFiltering - skip non existing resourceDirectory C:\Users\ADMIN\eclipse-workspace\Practo\src\main\resources
2025-03-10 22:16:05,500 [Worker-19: Building] INFO  o.a.m.s.f.DefaultMavenResourcesFiltering - skip non existing resourceDirectory C:\Users\ADMIN\eclipse-workspace\Practo\src\test\resources
2025-03-10 22:17:36,976 [Worker-17: Building] INFO  o.e.m.c.i.l.LifecycleMappingFactory - Using org.eclipse.m2e.jdt.JarLifecycleMapping lifecycle mapping for MavenProject: com.vc:test:0.0.1-SNAPSHOT @ C:\Users\ADMIN\eclipse-workspace\Practo\pom.xml.
2025-03-10 22:17:38,801 [Worker-17: Building] INFO  o.a.m.s.f.DefaultMavenResourcesFiltering - skip non existing resourceDirectory C:\Users\ADMIN\eclipse-workspace\Practo\src\main\resources
2025-03-10 22:17:38,807 [Worker-17: Building] INFO  o.a.m.s.f.DefaultMavenResourcesFiltering - skip non existing resourceDirectory C:\Users\ADMIN\eclipse-workspace\Practo\src\test\resources
2025-03-10 22:19:01,280 [Worker-20: Building] INFO  o.e.m.c.i.l.LifecycleMappingFactory - Using org.eclipse.m2e.jdt.JarLifecycleMapping lifecycle mapping for MavenProject: com.vc:test:0.0.1-SNAPSHOT @ C:\Users\ADMIN\eclipse-workspace\Practo\pom.xml.
2025-03-10 22:19:02,426 [Worker-20: Building] INFO  o.a.m.s.f.DefaultMavenResourcesFiltering - skip non existing resourceDirectory C:\Users\ADMIN\eclipse-workspace\Practo\src\main\resources
2025-03-10 22:19:02,432 [Worker-20: Building] INFO  o.a.m.s.f.DefaultMavenResourcesFiltering - skip non existing resourceDirectory C:\Users\ADMIN\eclipse-workspace\Practo\src\test\resources
2025-03-10 22:19:36,080 [Worker-17: Building] INFO  o.e.m.c.i.l.LifecycleMappingFactory - Using org.eclipse.m2e.jdt.JarLifecycleMapping lifecycle mapping for MavenProject: com.vc:test:0.0.1-SNAPSHOT @ C:\Users\ADMIN\eclipse-workspace\Practo\pom.xml.
2025-03-10 22:19:36,781 [Worker-17: Building] INFO  o.e.m.c.i.e.AbstractTransferListenerAdapter - Downloading https://repo.maven.apache.org/maven2/org/seleniumhq/selenium/selenium-java/4.10.0/selenium-java-4.10.0.pom
2025-03-10 22:19:36,870 [Worker-17: Building] INFO  o.e.m.c.i.e.AbstractTransferListenerAdapter - Downloaded https://repo.maven.apache.org/maven2/org/seleniumhq/selenium/selenium-java/4.10.0/selenium-java-4.10.0.pom
2025-03-10 22:19:37,056 [Worker-17: Building] INFO  o.e.m.c.i.e.AbstractTransferListenerAdapter - Downloading https://repo.maven.apache.org/maven2/org/seleniumhq/selenium/selenium-api/4.10.0/selenium-api-4.10.0.pom
2025-03-10 22:19:37,077 [Worker-17: Building] INFO  o.e.m.c.i.e.AbstractTransferListenerAdapter - Downloaded https://repo.maven.apache.org/maven2/org/seleniumhq/selenium/selenium-api/4.10.0/selenium-api-4.10.0.pom
2025-03-10 22:19:37,201 [Worker-17: Building] INFO  o.e.m.c.i.e.AbstractTransferListenerAdapter - Downloading https://repo.maven.apache.org/maven2/org/seleniumhq/selenium/selenium-chrome-driver/4.10.0/selenium-chrome-driver-4.10.0.pom
2025-03-10 22:19:37,225 [Worker-17: Building] INFO  o.e.m.c.i.e.AbstractTransferListenerAdapter - Downloaded https://repo.maven.apache.org/maven2/org/seleniumhq/selenium/selenium-chrome-driver/4.10.0/selenium-chrome-driver-4.10.0.pom
2025-03-10 22:19:37,306 [Worker-17: Building] INFO  o.e.m.c.i.e.AbstractTransferListenerAdapter - Downloading https://repo.maven.apache.org/maven2/org/seleniumhq/selenium/selenium-chromium-driver/4.10.0/selenium-chromium-driver-4.10.0.pom
2025-03-10 22:19:37,325 [Worker-17: Building] INFO  o.e.m.c.i.e.AbstractTransferListenerAdapter - Downloaded https://repo.maven.apache.org/maven2/org/seleniumhq/selenium/selenium-chromium-driver/4.10.0/selenium-chromium-driver-4.10.0.pom
2025-03-10 22:19:37,516 [Worker-17: Building] INFO  o.e.m.c.i.e.AbstractTransferListenerAdapter - Downloading https://repo.maven.apache.org/maven2/org/seleniumhq/selenium/selenium-json/4.10.0/selenium-json-4.10.0.pom
2025-03-10 22:19:37,572 [Worker-17: Building] INFO  o.e.m.c.i.e.AbstractTransferListenerAdapter - Downloaded https://repo.maven.apache.org/maven2/org/seleniumhq/selenium/selenium-json/4.10.0/selenium-json-4.10.0.pom
2025-03-10 22:19:37,817 [Worker-17: Building] INFO  o.e.m.c.i.e.AbstractTransferListenerAdapter - Downloading https://repo.maven.apache.org/maven2/org/seleniumhq/selenium/selenium-remote-driver/4.10.0/selenium-remote-driver-4.10.0.pom
2025-03-10 22:19:37,866 [Worker-17: Building] INFO  o.e.m.c.i.e.AbstractTransferListenerAdapter - Downloaded https://repo.maven.apache.org/maven2/org/seleniumhq/selenium/selenium-remote-driver/4.10.0/selenium-remote-driver-4.10.0.pom
2025-03-10 22:19:38,101 [Worker-17: Building] INFO  o.e.m.c.i.e.AbstractTransferListenerAdapter - Downloading https://repo.maven.apache.org/maven2/org/seleniumhq/selenium/selenium-http/4.10.0/selenium-http-4.10.0.pom
2025-03-10 22:19:38,117 [Worker-17: Building] INFO  o.e.m.c.i.e.AbstractTransferListenerAdapter - Downloaded https://repo.maven.apache.org/maven2/org/seleniumhq/selenium/selenium-http/4.10.0/selenium-http-4.10.0.pom
2025-03-10 22:19:38,151 [Worker-17: Building] INFO  o.e.m.c.i.e.AbstractTransferListenerAdapter - Downloading https://repo.maven.apache.org/maven2/org/seleniumhq/selenium/selenium-manager/4.10.0/selenium-manager-4.10.0.pom
2025-03-10 22:19:38,174 [Worker-17: Building] INFO  o.e.m.c.i.e.AbstractTransferListenerAdapter - Downloaded https://repo.maven.apache.org/maven2/org/seleniumhq/selenium/selenium-manager/4.10.0/selenium-manager-4.10.0.pom
2025-03-10 22:19:38,227 [Worker-17: Building] INFO  o.e.m.c.i.e.AbstractTransferListenerAdapter - Downloading https://repo.maven.apache.org/maven2/org/seleniumhq/selenium/selenium-devtools-v112/4.10.0/selenium-devtools-v112-4.10.0.pom
2025-03-10 22:19:38,247 [Worker-17: Building] INFO  o.e.m.c.i.e.AbstractTransferListenerAdapter - Downloaded https://repo.maven.apache.org/maven2/org/seleniumhq/selenium/selenium-devtools-v112/4.10.0/selenium-devtools-v112-4.10.0.pom
2025-03-10 22:19:38,401 [Worker-17: Building] INFO  o.e.m.c.i.e.AbstractTransferListenerAdapter - Downloading https://repo.maven.apache.org/maven2/org/seleniumhq/selenium/selenium-devtools-v113/4.10.0/selenium-devtools-v113-4.10.0.pom
2025-03-10 22:19:38,435 [Worker-17: Building] INFO  o.e.m.c.i.e.AbstractTransferListenerAdapter - Downloaded https://repo.maven.apache.org/maven2/org/seleniumhq/selenium/selenium-devtools-v113/4.10.0/selenium-devtools-v113-4.10.0.pom
2025-03-10 22:19:38,497 [Worker-17: Building] INFO  o.e.m.c.i.e.AbstractTransferListenerAdapter - Downloading https://repo.maven.apache.org/maven2/org/seleniumhq/selenium/selenium-devtools-v114/4.10.0/selenium-devtools-v114-4.10.0.pom
2025-03-10 22:19:38,514 [Worker-17: Building] INFO  o.e.m.c.i.e.AbstractTransferListenerAdapter - Downloaded https://repo.maven.apache.org/maven2/org/seleniumhq/selenium/selenium-devtools-v114/4.10.0/selenium-devtools-v114-4.10.0.pom
2025-03-10 22:19:38,574 [Worker-17: Building] INFO  o.e.m.c.i.e.AbstractTransferListenerAdapter - Downloading https://repo.maven.apache.org/maven2/org/seleniumhq/selenium/selenium-devtools-v85/4.10.0/selenium-devtools-v85-4.10.0.pom
2025-03-10 22:19:38,608 [Worker-17: Building] INFO  o.e.m.c.i.e.AbstractTransferListenerAdapter - Downloaded https://repo.maven.apache.org/maven2/org/seleniumhq/selenium/selenium-devtools-v85/4.10.0/selenium-devtools-v85-4.10.0.pom
2025-03-10 22:19:38,659 [Worker-17: Building] INFO  o.e.m.c.i.e.AbstractTransferListenerAdapter - Downloading https://repo.maven.apache.org/maven2/org/seleniumhq/selenium/selenium-edge-driver/4.10.0/selenium-edge-driver-4.10.0.pom
2025-03-10 22:19:38,673 [Worker-17: Building] INFO  o.e.m.c.i.e.AbstractTransferListenerAdapter - Downloaded https://repo.maven.apache.org/maven2/org/seleniumhq/selenium/selenium-edge-driver/4.10.0/selenium-edge-driver-4.10.0.pom
2025-03-10 22:19:38,726 [Worker-17: Building] INFO  o.e.m.c.i.e.AbstractTransferListenerAdapter - Downloading https://repo.maven.apache.org/maven2/org/seleniumhq/selenium/selenium-firefox-driver/4.10.0/selenium-firefox-driver-4.10.0.pom
2025-03-10 22:19:38,749 [Worker-17: Building] INFO  o.e.m.c.i.e.AbstractTransferListenerAdapter - Downloaded https://repo.maven.apache.org/maven2/org/seleniumhq/selenium/selenium-firefox-driver/4.10.0/selenium-firefox-driver-4.10.0.pom
2025-03-10 22:19:38,824 [Worker-17: Building] INFO  o.e.m.c.i.e.AbstractTransferListenerAdapter - Downloading https://repo.maven.apache.org/maven2/org/seleniumhq/selenium/selenium-ie-driver/4.10.0/selenium-ie-driver-4.10.0.pom
2025-03-10 22:19:38,859 [Worker-17: Building] INFO  o.e.m.c.i.e.AbstractTransferListenerAdapter - Downloaded https://repo.maven.apache.org/maven2/org/seleniumhq/selenium/selenium-ie-driver/4.10.0/selenium-ie-driver-4.10.0.pom
2025-03-10 22:19:38,949 [Worker-17: Building] INFO  o.e.m.c.i.e.AbstractTransferListenerAdapter - Downloading https://repo.maven.apache.org/maven2/org/seleniumhq/selenium/selenium-safari-driver/4.10.0/selenium-safari-driver-4.10.0.pom
2025-03-10 22:19:38,999 [Worker-17: Building] INFO  o.e.m.c.i.e.AbstractTransferListenerAdapter - Downloaded https://repo.maven.apache.org/maven2/org/seleniumhq/selenium/selenium-safari-driver/4.10.0/selenium-safari-driver-4.10.0.pom
2025-03-10 22:19:39,062 [Worker-17: Building] INFO  o.e.m.c.i.e.AbstractTransferListenerAdapter - Downloading https://repo.maven.apache.org/maven2/org/seleniumhq/selenium/selenium-support/4.10.0/selenium-support-4.10.0.pom
2025-03-10 22:19:39,094 [Worker-17: Building] INFO  o.e.m.c.i.e.AbstractTransferListenerAdapter - Downloaded https://repo.maven.apache.org/maven2/org/seleniumhq/selenium/selenium-support/4.10.0/selenium-support-4.10.0.pom
2025-03-10 22:19:39,147 [Worker-17: Building] INFO  o.e.m.c.i.e.AbstractTransferListenerAdapter - Downloading https://repo.maven.apache.org/maven2/io/cucumber/cucumber-java/7.11.0/cucumber-java-7.11.0.pom
2025-03-10 22:19:39,164 [Worker-17: Building] INFO  o.e.m.c.i.e.AbstractTransferListenerAdapter - Downloaded https://repo.maven.apache.org/maven2/io/cucumber/cucumber-java/7.11.0/cucumber-java-7.11.0.pom
2025-03-10 22:19:39,220 [Worker-17: Building] INFO  o.e.m.c.i.e.AbstractTransferListenerAdapter - Downloading https://repo.maven.apache.org/maven2/io/cucumber/cucumber-jvm/7.11.0/cucumber-jvm-7.11.0.pom
2025-03-10 22:19:39,247 [Worker-17: Building] INFO  o.e.m.c.i.e.AbstractTransferListenerAdapter - Downloaded https://repo.maven.apache.org/maven2/io/cucumber/cucumber-jvm/7.11.0/cucumber-jvm-7.11.0.pom
2025-03-10 22:19:39,309 [Worker-17: Building] INFO  o.e.m.c.i.e.AbstractTransferListenerAdapter - Downloading https://repo.maven.apache.org/maven2/io/cucumber/cucumber-bom/7.11.0/cucumber-bom-7.11.0.pom
2025-03-10 22:19:39,323 [Worker-17: Building] INFO  o.e.m.c.i.e.AbstractTransferListenerAdapter - Downloaded https://repo.maven.apache.org/maven2/io/cucumber/cucumber-bom/7.11.0/cucumber-bom-7.11.0.pom
2025-03-10 22:19:39,390 [Worker-17: Building] INFO  o.e.m.c.i.e.AbstractTransferListenerAdapter - Downloading https://repo.maven.apache.org/maven2/io/cucumber/cucumber-core/7.11.0/cucumber-core-7.11.0.pom
2025-03-10 22:19:39,432 [Worker-17: Building] INFO  o.e.m.c.i.e.AbstractTransferListenerAdapter - Downloaded https://repo.maven.apache.org/maven2/io/cucumber/cucumber-core/7.11.0/cucumber-core-7.11.0.pom
2025-03-10 22:19:39,511 [Worker-17: Building] INFO  o.e.m.c.i.e.AbstractTransferListenerAdapter - Downloading https://repo.maven.apache.org/maven2/io/cucumber/cucumber-gherkin/7.11.0/cucumber-gherkin-7.11.0.pom
2025-03-10 22:19:39,529 [Worker-17: Building] INFO  o.e.m.c.i.e.AbstractTransferListenerAdapter - Downloaded https://repo.maven.apache.org/maven2/io/cucumber/cucumber-gherkin/7.11.0/cucumber-gherkin-7.11.0.pom
2025-03-10 22:19:39,581 [Worker-17: Building] INFO  o.e.m.c.i.e.AbstractTransferListenerAdapter - Downloading https://repo.maven.apache.org/maven2/io/cucumber/cucumber-plugin/7.11.0/cucumber-plugin-7.11.0.pom
2025-03-10 22:19:39,598 [Worker-17: Building] INFO  o.e.m.c.i.e.AbstractTransferListenerAdapter - Downloaded https://repo.maven.apache.org/maven2/io/cucumber/cucumber-plugin/7.11.0/cucumber-plugin-7.11.0.pom
2025-03-10 22:19:39,639 [Worker-17: Building] INFO  o.e.m.c.i.e.AbstractTransferListenerAdapter - Downloading https://repo.maven.apache.org/maven2/io/cucumber/cucumber-gherkin-messages/7.11.0/cucumber-gherkin-messages-7.11.0.pom
2025-03-10 22:19:39,657 [Worker-17: Building] INFO  o.e.m.c.i.e.AbstractTransferListenerAdapter - Downloaded https://repo.maven.apache.org/maven2/io/cucumber/cucumber-gherkin-messages/7.11.0/cucumber-gherkin-messages-7.11.0.pom
2025-03-10 22:19:39,701 [Worker-17: Building] INFO  o.e.m.c.i.e.AbstractTransferListenerAdapter - Downloading https://repo.maven.apache.org/maven2/io/cucumber/gherkin/26.0.3/gherkin-26.0.3.pom
2025-03-10 22:19:39,714 [Worker-17: Building] INFO  o.e.m.c.i.e.AbstractTransferListenerAdapter - Downloaded https://repo.maven.apache.org/maven2/io/cucumber/gherkin/26.0.3/gherkin-26.0.3.pom
2025-03-10 22:19:39,824 [Worker-17: Building] INFO  o.e.m.c.i.e.AbstractTransferListenerAdapter - Downloading https://repo.maven.apache.org/maven2/io/cucumber/datatable/7.11.0/datatable-7.11.0.pom
2025-03-10 22:19:39,832 [Worker-17: Building] INFO  o.e.m.c.i.e.AbstractTransferListenerAdapter - Downloaded https://repo.maven.apache.org/maven2/io/cucumber/datatable/7.11.0/datatable-7.11.0.pom
2025-03-10 22:19:39,871 [Worker-17: Building] INFO  o.e.m.c.i.e.AbstractTransferListenerAdapter - Downloading https://repo.maven.apache.org/maven2/io/cucumber/docstring/7.11.0/docstring-7.11.0.pom
2025-03-10 22:19:39,884 [Worker-17: Building] INFO  o.e.m.c.i.e.AbstractTransferListenerAdapter - Downloaded https://repo.maven.apache.org/maven2/io/cucumber/docstring/7.11.0/docstring-7.11.0.pom
2025-03-10 22:19:39,960 [Worker-17: Building] INFO  o.e.m.c.i.e.AbstractTransferListenerAdapter - Downloading https://repo.maven.apache.org/maven2/io/cucumber/html-formatter/20.2.1/html-formatter-20.2.1.pom
2025-03-10 22:19:39,981 [Worker-17: Building] INFO  o.e.m.c.i.e.AbstractTransferListenerAdapter - Downloaded https://repo.maven.apache.org/maven2/io/cucumber/html-formatter/20.2.1/html-formatter-20.2.1.pom
2025-03-10 22:19:40,094 [Worker-17: Building] INFO  o.e.m.c.i.e.AbstractTransferListenerAdapter - Downloading https://repo.maven.apache.org/maven2/io/cucumber/junit-xml-formatter/0.1.0/junit-xml-formatter-0.1.0.pom
2025-03-10 22:19:40,125 [Worker-17: Building] INFO  o.e.m.c.i.e.AbstractTransferListenerAdapter - Downloaded https://repo.maven.apache.org/maven2/io/cucumber/junit-xml-formatter/0.1.0/junit-xml-formatter-0.1.0.pom
2025-03-10 22:19:40,262 [Worker-17: Building] INFO  o.e.m.c.i.e.AbstractTransferListenerAdapter - Downloading https://repo.maven.apache.org/maven2/io/cucumber/cucumber-testng/7.11.0/cucumber-testng-7.11.0.pom
2025-03-10 22:19:40,270 [Worker-17: Building] INFO  o.e.m.c.i.e.AbstractTransferListenerAdapter - Downloaded https://repo.maven.apache.org/maven2/io/cucumber/cucumber-testng/7.11.0/cucumber-testng-7.11.0.pom
2025-03-10 22:19:40,342 [Worker-17: Building] INFO  o.e.m.c.i.e.AbstractTransferListenerAdapter - Downloading https://repo.maven.apache.org/maven2/org/testng/testng/7.7.1/testng-7.7.1.pom
2025-03-10 22:19:40,359 [Worker-17: Building] INFO  o.e.m.c.i.e.AbstractTransferListenerAdapter - Downloaded https://repo.maven.apache.org/maven2/org/testng/testng/7.7.1/testng-7.7.1.pom
2025-03-10 22:19:40,561 [Worker-17: Building] INFO  o.e.m.c.i.e.AbstractTransferListenerAdapter - Downloading https://repo.maven.apache.org/maven2/tech/grasshopper/extentreports-cucumber7-adapter/1.9.0/extentreports-cucumber7-adapter-1.9.0.pom
2025-03-10 22:19:40,618 [Worker-17: Building] INFO  o.e.m.c.i.e.AbstractTransferListenerAdapter - Downloaded https://repo.maven.apache.org/maven2/tech/grasshopper/extentreports-cucumber7-adapter/1.9.0/extentreports-cucumber7-adapter-1.9.0.pom
2025-03-10 22:19:40,707 [Worker-17: Building] INFO  o.e.m.c.i.e.AbstractTransferListenerAdapter - Downloading https://repo.maven.apache.org/maven2/com/aventstack/extentreports/5.0.9/extentreports-5.0.9.pom
2025-03-10 22:19:40,731 [Worker-17: Building] INFO  o.e.m.c.i.e.AbstractTransferListenerAdapter - Downloaded https://repo.maven.apache.org/maven2/com/aventstack/extentreports/5.0.9/extentreports-5.0.9.pom
2025-03-10 22:19:40,786 [Worker-17: Building] INFO  o.e.m.c.i.e.AbstractTransferListenerAdapter - Downloading https://repo.maven.apache.org/maven2/io/reactivex/rxjava3/rxjava/3.0.4/rxjava-3.0.4.pom
2025-03-10 22:19:40,800 [Worker-17: Building] INFO  o.e.m.c.i.e.AbstractTransferListenerAdapter - Downloaded https://repo.maven.apache.org/maven2/io/reactivex/rxjava3/rxjava/3.0.4/rxjava-3.0.4.pom
2025-03-10 22:19:40,849 [Worker-17: Building] INFO  o.e.m.c.i.e.AbstractTransferListenerAdapter - Downloading https://repo.maven.apache.org/maven2/org/freemarker/freemarker/2.3.30/freemarker-2.3.30.pom
2025-03-10 22:19:40,866 [Worker-17: Building] INFO  o.e.m.c.i.e.AbstractTransferListenerAdapter - Downloaded https://repo.maven.apache.org/maven2/org/freemarker/freemarker/2.3.30/freemarker-2.3.30.pom
2025-03-10 22:19:40,905 [Worker-17: Building] INFO  o.e.m.c.i.e.AbstractTransferListenerAdapter - Downloading https://repo.maven.apache.org/maven2/org/apache/apache/17/apache-17.pom
2025-03-10 22:19:40,923 [Worker-17: Building] INFO  o.e.m.c.i.e.AbstractTransferListenerAdapter - Downloaded https://repo.maven.apache.org/maven2/org/apache/apache/17/apache-17.pom
2025-03-10 22:19:40,966 [Worker-17: Building] INFO  o.e.m.c.i.e.AbstractTransferListenerAdapter - Downloading https://repo.maven.apache.org/maven2/org/projectlombok/lombok/1.18.12/lombok-1.18.12.pom
2025-03-10 22:19:41,023 [Worker-17: Building] INFO  o.e.m.c.i.e.AbstractTransferListenerAdapter - Downloaded https://repo.maven.apache.org/maven2/org/projectlombok/lombok/1.18.12/lombok-1.18.12.pom
2025-03-10 22:19:41,062 [Worker-17: Building] INFO  o.e.m.c.i.e.AbstractTransferListenerAdapter - Downloading https://repo.maven.apache.org/maven2/com/google/code/gson/gson/2.8.6/gson-2.8.6.pom
2025-03-10 22:19:41,118 [Worker-17: Building] INFO  o.e.m.c.i.e.AbstractTransferListenerAdapter - Downloaded https://repo.maven.apache.org/maven2/com/google/code/gson/gson/2.8.6/gson-2.8.6.pom
2025-03-10 22:19:41,193 [Worker-17: Building] INFO  o.e.m.c.i.e.AbstractTransferListenerAdapter - Downloading https://repo.maven.apache.org/maven2/com/google/code/gson/gson-parent/2.8.6/gson-parent-2.8.6.pom
2025-03-10 22:19:41,227 [Worker-17: Building] INFO  o.e.m.c.i.e.AbstractTransferListenerAdapter - Downloaded https://repo.maven.apache.org/maven2/com/google/code/gson/gson-parent/2.8.6/gson-parent-2.8.6.pom
2025-03-10 22:19:41,308 [Worker-17: Building] INFO  o.e.m.c.i.e.AbstractTransferListenerAdapter - Downloading https://repo.maven.apache.org/maven2/tech/grasshopper/extent-pdf-report/2.9.0/extent-pdf-report-2.9.0.pom
2025-03-10 22:19:41,328 [Worker-17: Building] INFO  o.e.m.c.i.e.AbstractTransferListenerAdapter - Downloaded https://repo.maven.apache.org/maven2/tech/grasshopper/extent-pdf-report/2.9.0/extent-pdf-report-2.9.0.pom
2025-03-10 22:19:41,387 [Worker-17: Building] INFO  o.e.m.c.i.e.AbstractTransferListenerAdapter - Downloading https://repo.maven.apache.org/maven2/tech/grasshopper/cucumber-pdf-report/2.11.0/cucumber-pdf-report-2.11.0.pom
2025-03-10 22:19:41,396 [Worker-17: Building] INFO  o.e.m.c.i.e.AbstractTransferListenerAdapter - Downloaded https://repo.maven.apache.org/maven2/tech/grasshopper/cucumber-pdf-report/2.11.0/cucumber-pdf-report-2.11.0.pom
2025-03-10 22:19:41,441 [Worker-17: Building] INFO  o.e.m.c.i.e.AbstractTransferListenerAdapter - Downloading https://repo.maven.apache.org/maven2/org/projectlombok/lombok/1.18.18/lombok-1.18.18.pom
2025-03-10 22:19:41,450 [Worker-17: Building] INFO  o.e.m.c.i.e.AbstractTransferListenerAdapter - Downloaded https://repo.maven.apache.org/maven2/org/projectlombok/lombok/1.18.18/lombok-1.18.18.pom
2025-03-10 22:19:41,504 [Worker-17: Building] INFO  o.e.m.c.i.e.AbstractTransferListenerAdapter - Downloading https://repo.maven.apache.org/maven2/org/apache/pdfbox/pdfbox/2.0.26/pdfbox-2.0.26.pom
2025-03-10 22:19:41,596 [Worker-17: Building] INFO  o.e.m.c.i.e.AbstractTransferListenerAdapter - Downloaded https://repo.maven.apache.org/maven2/org/apache/pdfbox/pdfbox/2.0.26/pdfbox-2.0.26.pom
2025-03-10 22:19:41,668 [Worker-17: Building] INFO  o.e.m.c.i.e.AbstractTransferListenerAdapter - Downloading https://repo.maven.apache.org/maven2/org/apache/pdfbox/pdfbox-parent/2.0.26/pdfbox-parent-2.0.26.pom
2025-03-10 22:19:41,704 [Worker-17: Building] INFO  o.e.m.c.i.e.AbstractTransferListenerAdapter - Downloaded https://repo.maven.apache.org/maven2/org/apache/pdfbox/pdfbox-parent/2.0.26/pdfbox-parent-2.0.26.pom
2025-03-10 22:19:41,755 [Worker-17: Building] INFO  o.e.m.c.i.e.AbstractTransferListenerAdapter - Downloading https://repo.maven.apache.org/maven2/org/apache/apache/19/apache-19.pom
2025-03-10 22:19:41,778 [Worker-17: Building] INFO  o.e.m.c.i.e.AbstractTransferListenerAdapter - Downloaded https://repo.maven.apache.org/maven2/org/apache/apache/19/apache-19.pom
2025-03-10 22:19:41,827 [Worker-17: Building] INFO  o.e.m.c.i.e.AbstractTransferListenerAdapter - Downloading https://repo.maven.apache.org/maven2/org/apache/pdfbox/fontbox/2.0.26/fontbox-2.0.26.pom
2025-03-10 22:19:41,871 [Worker-17: Building] INFO  o.e.m.c.i.e.AbstractTransferListenerAdapter - Downloaded https://repo.maven.apache.org/maven2/org/apache/pdfbox/fontbox/2.0.26/fontbox-2.0.26.pom
2025-03-10 22:19:41,953 [Worker-17: Building] INFO  o.e.m.c.i.e.AbstractTransferListenerAdapter - Downloading https://repo.maven.apache.org/maven2/org/knowm/xchart/xchart/3.8.0/xchart-3.8.0.pom
2025-03-10 22:19:41,990 [Worker-17: Building] INFO  o.e.m.c.i.e.AbstractTransferListenerAdapter - Downloaded https://repo.maven.apache.org/maven2/org/knowm/xchart/xchart/3.8.0/xchart-3.8.0.pom
2025-03-10 22:19:42,039 [Worker-17: Building] INFO  o.e.m.c.i.e.AbstractTransferListenerAdapter - Downloading https://repo.maven.apache.org/maven2/org/knowm/xchart/xchart-parent/3.8.0/xchart-parent-3.8.0.pom
2025-03-10 22:19:42,076 [Worker-17: Building] INFO  o.e.m.c.i.e.AbstractTransferListenerAdapter - Downloaded https://repo.maven.apache.org/maven2/org/knowm/xchart/xchart-parent/3.8.0/xchart-parent-3.8.0.pom
2025-03-10 22:19:42,183 [Worker-17: Building] INFO  o.e.m.c.i.e.AbstractTransferListenerAdapter - Downloading https://repo.maven.apache.org/maven2/de/erichseifert/vectorgraphics2d/VectorGraphics2D/0.13/VectorGraphics2D-0.13.pom
2025-03-10 22:19:42,212 [Worker-17: Building] INFO  o.e.m.c.i.e.AbstractTransferListenerAdapter - Downloaded https://repo.maven.apache.org/maven2/de/erichseifert/vectorgraphics2d/VectorGraphics2D/0.13/VectorGraphics2D-0.13.pom
2025-03-10 22:19:42,306 [Worker-17: Building] INFO  o.e.m.c.i.e.AbstractTransferListenerAdapter - Downloading https://repo.maven.apache.org/maven2/de/rototor/pdfbox/graphics2d/0.30/graphics2d-0.30.pom
2025-03-10 22:19:42,318 [Worker-17: Building] INFO  o.e.m.c.i.e.AbstractTransferListenerAdapter - Downloaded https://repo.maven.apache.org/maven2/de/rototor/pdfbox/graphics2d/0.30/graphics2d-0.30.pom
2025-03-10 22:19:42,362 [Worker-17: Building] INFO  o.e.m.c.i.e.AbstractTransferListenerAdapter - Downloading https://repo.maven.apache.org/maven2/de/rototor/pdfbox/pdfboxgraphics2d-parent/0.30/pdfboxgraphics2d-parent-0.30.pom
2025-03-10 22:19:42,392 [Worker-17: Building] INFO  o.e.m.c.i.e.AbstractTransferListenerAdapter - Downloaded https://repo.maven.apache.org/maven2/de/rototor/pdfbox/pdfboxgraphics2d-parent/0.30/pdfboxgraphics2d-parent-0.30.pom
2025-03-10 22:19:42,426 [Worker-17: Building] INFO  o.e.m.c.i.e.AbstractTransferListenerAdapter - Downloading https://repo.maven.apache.org/maven2/org/apache/pdfbox/pdfbox/2.0.22/pdfbox-2.0.22.pom
2025-03-10 22:19:42,460 [Worker-17: Building] INFO  o.e.m.c.i.e.AbstractTransferListenerAdapter - Downloaded https://repo.maven.apache.org/maven2/org/apache/pdfbox/pdfbox/2.0.22/pdfbox-2.0.22.pom
2025-03-10 22:19:42,519 [Worker-17: Building] INFO  o.e.m.c.i.e.AbstractTransferListenerAdapter - Downloading https://repo.maven.apache.org/maven2/org/apache/pdfbox/pdfbox-parent/2.0.22/pdfbox-parent-2.0.22.pom
2025-03-10 22:19:42,538 [Worker-17: Building] INFO  o.e.m.c.i.e.AbstractTransferListenerAdapter - Downloaded https://repo.maven.apache.org/maven2/org/apache/pdfbox/pdfbox-parent/2.0.22/pdfbox-parent-2.0.22.pom
2025-03-10 22:19:42,586 [Worker-17: Building] INFO  o.e.m.c.i.e.AbstractTransferListenerAdapter - Downloading https://repo.maven.apache.org/maven2/org/apache/pdfbox/fontbox/2.0.22/fontbox-2.0.22.pom
2025-03-10 22:19:42,615 [Worker-17: Building] INFO  o.e.m.c.i.e.AbstractTransferListenerAdapter - Downloaded https://repo.maven.apache.org/maven2/org/apache/pdfbox/fontbox/2.0.22/fontbox-2.0.22.pom
2025-03-10 22:19:42,664 [Worker-17: Building] INFO  o.e.m.c.i.e.AbstractTransferListenerAdapter - Downloading https://repo.maven.apache.org/maven2/com/madgag/animated-gif-lib/1.4/animated-gif-lib-1.4.pom
2025-03-10 22:19:42,678 [Worker-17: Building] INFO  o.e.m.c.i.e.AbstractTransferListenerAdapter - Downloaded https://repo.maven.apache.org/maven2/com/madgag/animated-gif-lib/1.4/animated-gif-lib-1.4.pom
2025-03-10 22:19:42,718 [Worker-17: Building] INFO  o.e.m.c.i.e.AbstractTransferListenerAdapter - Downloading https://repo.maven.apache.org/maven2/org/yaml/snakeyaml/1.28/snakeyaml-1.28.pom
2025-03-10 22:19:42,741 [Worker-17: Building] INFO  o.e.m.c.i.e.AbstractTransferListenerAdapter - Downloaded https://repo.maven.apache.org/maven2/org/yaml/snakeyaml/1.28/snakeyaml-1.28.pom
2025-03-10 22:19:42,783 [Worker-17: Building] INFO  o.e.m.c.i.e.AbstractTransferListenerAdapter - Downloading https://repo.maven.apache.org/maven2/tech/grasshopper/table-layout/1.5.1/table-layout-1.5.1.pom
2025-03-10 22:19:42,792 [Worker-17: Building] INFO  o.e.m.c.i.e.AbstractTransferListenerAdapter - Downloaded https://repo.maven.apache.org/maven2/tech/grasshopper/table-layout/1.5.1/table-layout-1.5.1.pom
2025-03-10 22:19:42,833 [Worker-17: Building] INFO  o.e.m.c.i.e.AbstractTransferListenerAdapter - Downloading https://repo.maven.apache.org/maven2/org/jsoup/jsoup/1.14.3/jsoup-1.14.3.pom
2025-03-10 22:19:42,848 [Worker-17: Building] INFO  o.e.m.c.i.e.AbstractTransferListenerAdapter - Downloaded https://repo.maven.apache.org/maven2/org/jsoup/jsoup/1.14.3/jsoup-1.14.3.pom
2025-03-10 22:19:42,898 [Worker-17: Building] INFO  o.e.m.c.i.e.AbstractTransferListenerAdapter - Downloading https://repo.maven.apache.org/maven2/tech/grasshopper/rest-assured-cucumber-pdf-report/1.4.1/rest-assured-cucumber-pdf-report-1.4.1.pom
2025-03-10 22:19:42,960 [Worker-17: Building] INFO  o.e.m.c.i.e.AbstractTransferListenerAdapter - Downloaded https://repo.maven.apache.org/maven2/tech/grasshopper/rest-assured-cucumber-pdf-report/1.4.1/rest-assured-cucumber-pdf-report-1.4.1.pom
2025-03-10 22:19:43,026 [Worker-17: Building] INFO  o.e.m.c.i.e.AbstractTransferListenerAdapter - Downloading https://repo.maven.apache.org/maven2/com/aventstack/klov-reporter/5.0.9/klov-reporter-5.0.9.pom
2025-03-10 22:19:43,064 [Worker-17: Building] INFO  o.e.m.c.i.e.AbstractTransferListenerAdapter - Downloaded https://repo.maven.apache.org/maven2/com/aventstack/klov-reporter/5.0.9/klov-reporter-5.0.9.pom
2025-03-10 22:19:43,113 [Worker-17: Building] INFO  o.e.m.c.i.e.AbstractTransferListenerAdapter - Downloading https://repo.maven.apache.org/maven2/org/mongodb/mongodb-driver/3.6.4/mongodb-driver-3.6.4.pom
2025-03-10 22:19:43,122 [Worker-17: Building] INFO  o.e.m.c.i.e.AbstractTransferListenerAdapter - Downloaded https://repo.maven.apache.org/maven2/org/mongodb/mongodb-driver/3.6.4/mongodb-driver-3.6.4.pom
2025-03-10 22:19:43,161 [Worker-17: Building] INFO  o.e.m.c.i.e.AbstractTransferListenerAdapter - Downloading https://repo.maven.apache.org/maven2/org/mongodb/bson/3.6.4/bson-3.6.4.pom
2025-03-10 22:19:43,168 [Worker-17: Building] INFO  o.e.m.c.i.e.AbstractTransferListenerAdapter - Downloaded https://repo.maven.apache.org/maven2/org/mongodb/bson/3.6.4/bson-3.6.4.pom
2025-03-10 22:19:43,226 [Worker-17: Building] INFO  o.e.m.c.i.e.AbstractTransferListenerAdapter - Downloading https://repo.maven.apache.org/maven2/org/mongodb/mongodb-driver-core/3.6.4/mongodb-driver-core-3.6.4.pom
2025-03-10 22:19:43,284 [Worker-17: Building] INFO  o.e.m.c.i.e.AbstractTransferListenerAdapter - Downloaded https://repo.maven.apache.org/maven2/org/mongodb/mongodb-driver-core/3.6.4/mongodb-driver-core-3.6.4.pom
2025-03-10 22:19:43,350 [Worker-17: Building] INFO  o.e.m.c.i.e.AbstractTransferListenerAdapter - Downloading https://repo.maven.apache.org/maven2/org/apache/httpcomponents/httpclient/4.5.13/httpclient-4.5.13.pom
2025-03-10 22:19:43,377 [Worker-17: Building] INFO  o.e.m.c.i.e.AbstractTransferListenerAdapter - Downloaded https://repo.maven.apache.org/maven2/org/apache/httpcomponents/httpclient/4.5.13/httpclient-4.5.13.pom
2025-03-10 22:19:43,424 [Worker-17: Building] INFO  o.e.m.c.i.e.AbstractTransferListenerAdapter - Downloading https://repo.maven.apache.org/maven2/org/apache/httpcomponents/httpcomponents-client/4.5.13/httpcomponents-client-4.5.13.pom
2025-03-10 22:19:43,457 [Worker-17: Building] INFO  o.e.m.c.i.e.AbstractTransferListenerAdapter - Downloaded https://repo.maven.apache.org/maven2/org/apache/httpcomponents/httpcomponents-client/4.5.13/httpcomponents-client-4.5.13.pom
2025-03-10 22:19:43,506 [Worker-17: Building] INFO  o.e.m.c.i.e.AbstractTransferListenerAdapter - Downloading https://repo.maven.apache.org/maven2/org/apache/httpcomponents/httpcomponents-parent/11/httpcomponents-parent-11.pom
2025-03-10 22:19:43,582 [Worker-17: Building] INFO  o.e.m.c.i.e.AbstractTransferListenerAdapter - Downloaded https://repo.maven.apache.org/maven2/org/apache/httpcomponents/httpcomponents-parent/11/httpcomponents-parent-11.pom
2025-03-10 22:19:43,631 [Worker-17: Building] INFO  o.e.m.c.i.e.AbstractTransferListenerAdapter - Downloading https://repo.maven.apache.org/maven2/org/apache/httpcomponents/httpcore/4.4.13/httpcore-4.4.13.pom
2025-03-10 22:19:43,659 [Worker-17: Building] INFO  o.e.m.c.i.e.AbstractTransferListenerAdapter - Downloaded https://repo.maven.apache.org/maven2/org/apache/httpcomponents/httpcore/4.4.13/httpcore-4.4.13.pom
2025-03-10 22:19:43,746 [Worker-17: Building] INFO  o.e.m.c.i.e.AbstractTransferListenerAdapter - Downloading https://repo.maven.apache.org/maven2/org/apache/httpcomponents/httpcomponents-core/4.4.13/httpcomponents-core-4.4.13.pom
2025-03-10 22:19:43,808 [Worker-17: Building] INFO  o.e.m.c.i.e.AbstractTransferListenerAdapter - Downloaded https://repo.maven.apache.org/maven2/org/apache/httpcomponents/httpcomponents-core/4.4.13/httpcomponents-core-4.4.13.pom
2025-03-10 22:19:43,868 [Worker-17: Building] INFO  o.e.m.c.i.e.AbstractTransferListenerAdapter - Downloading https://repo.maven.apache.org/maven2/commons-codec/commons-codec/1.11/commons-codec-1.11.pom
2025-03-10 22:19:43,925 [Worker-17: Building] INFO  o.e.m.c.i.e.AbstractTransferListenerAdapter - Downloaded https://repo.maven.apache.org/maven2/commons-codec/commons-codec/1.11/commons-codec-1.11.pom
2025-03-10 22:19:43,984 [Worker-17: Building] INFO  o.e.m.c.i.e.AbstractTransferListenerAdapter - Downloading https://repo.maven.apache.org/maven2/org/apache/httpcomponents/httpmime/4.5.13/httpmime-4.5.13.pom
2025-03-10 22:19:44,017 [Worker-17: Building] INFO  o.e.m.c.i.e.AbstractTransferListenerAdapter - Downloaded https://repo.maven.apache.org/maven2/org/apache/httpcomponents/httpmime/4.5.13/httpmime-4.5.13.pom
2025-03-10 22:19:44,064 [Worker-17: Building] INFO  o.e.m.c.i.e.AbstractTransferListenerAdapter - Downloading https://repo.maven.apache.org/maven2/tech/grasshopper/htmlextentreporter/1.0.1/htmlextentreporter-1.0.1.pom
2025-03-10 22:19:44,075 [Worker-17: Building] INFO  o.e.m.c.i.e.AbstractTransferListenerAdapter - Downloaded https://repo.maven.apache.org/maven2/tech/grasshopper/htmlextentreporter/1.0.1/htmlextentreporter-1.0.1.pom
2025-03-10 22:19:44,122 [Worker-17: Building] INFO  o.e.m.c.i.e.AbstractTransferListenerAdapter - Downloading https://repo.maven.apache.org/maven2/io/cucumber/cucumber-java/7.2.3/cucumber-java-7.2.3.pom
2025-03-10 22:19:44,146 [Worker-17: Building] INFO  o.e.m.c.i.e.AbstractTransferListenerAdapter - Downloaded https://repo.maven.apache.org/maven2/io/cucumber/cucumber-java/7.2.3/cucumber-java-7.2.3.pom
2025-03-10 22:19:44,188 [Worker-17: Building] INFO  o.e.m.c.i.e.AbstractTransferListenerAdapter - Downloading https://repo.maven.apache.org/maven2/io/cucumber/cucumber-jvm/7.2.3/cucumber-jvm-7.2.3.pom
2025-03-10 22:19:44,203 [Worker-17: Building] INFO  o.e.m.c.i.e.AbstractTransferListenerAdapter - Downloaded https://repo.maven.apache.org/maven2/io/cucumber/cucumber-jvm/7.2.3/cucumber-jvm-7.2.3.pom
2025-03-10 22:19:44,241 [Worker-17: Building] INFO  o.e.m.c.i.e.AbstractTransferListenerAdapter - Downloading https://repo.maven.apache.org/maven2/io/cucumber/cucumber-bom/7.2.3/cucumber-bom-7.2.3.pom
2025-03-10 22:19:44,252 [Worker-17: Building] INFO  o.e.m.c.i.e.AbstractTransferListenerAdapter - Downloaded https://repo.maven.apache.org/maven2/io/cucumber/cucumber-bom/7.2.3/cucumber-bom-7.2.3.pom
2025-03-10 22:19:44,302 [Worker-17: Building] INFO  o.e.m.c.i.e.AbstractTransferListenerAdapter - Downloading https://repo.maven.apache.org/maven2/io/cucumber/cucumber-core/7.2.3/cucumber-core-7.2.3.pom
2025-03-10 22:19:44,345 [Worker-17: Building] INFO  o.e.m.c.i.e.AbstractTransferListenerAdapter - Downloaded https://repo.maven.apache.org/maven2/io/cucumber/cucumber-core/7.2.3/cucumber-core-7.2.3.pom
2025-03-10 22:19:44,424 [Worker-17: Building] INFO  o.e.m.c.i.e.AbstractTransferListenerAdapter - Downloading https://repo.maven.apache.org/maven2/io/cucumber/cucumber-gherkin/7.2.3/cucumber-gherkin-7.2.3.pom
2025-03-10 22:19:44,436 [Worker-17: Building] INFO  o.e.m.c.i.e.AbstractTransferListenerAdapter - Downloaded https://repo.maven.apache.org/maven2/io/cucumber/cucumber-gherkin/7.2.3/cucumber-gherkin-7.2.3.pom
2025-03-10 22:19:44,481 [Worker-17: Building] INFO  o.e.m.c.i.e.AbstractTransferListenerAdapter - Downloading https://repo.maven.apache.org/maven2/io/cucumber/cucumber-plugin/7.2.3/cucumber-plugin-7.2.3.pom
2025-03-10 22:19:44,490 [Worker-17: Building] INFO  o.e.m.c.i.e.AbstractTransferListenerAdapter - Downloaded https://repo.maven.apache.org/maven2/io/cucumber/cucumber-plugin/7.2.3/cucumber-plugin-7.2.3.pom
2025-03-10 22:19:44,555 [Worker-17: Building] INFO  o.e.m.c.i.e.AbstractTransferListenerAdapter - Downloading https://repo.maven.apache.org/maven2/io/cucumber/cucumber-gherkin-messages/7.2.3/cucumber-gherkin-messages-7.2.3.pom
2025-03-10 22:19:44,569 [Worker-17: Building] INFO  o.e.m.c.i.e.AbstractTransferListenerAdapter - Downloaded https://repo.maven.apache.org/maven2/io/cucumber/cucumber-gherkin-messages/7.2.3/cucumber-gherkin-messages-7.2.3.pom
2025-03-10 22:19:44,623 [Worker-17: Building] INFO  o.e.m.c.i.e.AbstractTransferListenerAdapter - Downloading https://repo.maven.apache.org/maven2/io/cucumber/messages/17.1.1/messages-17.1.1.pom
2025-03-10 22:19:44,645 [Worker-17: Building] INFO  o.e.m.c.i.e.AbstractTransferListenerAdapter - Downloaded https://repo.maven.apache.org/maven2/io/cucumber/messages/17.1.1/messages-17.1.1.pom
2025-03-10 22:19:44,688 [Worker-17: Building] INFO  o.e.m.c.i.e.AbstractTransferListenerAdapter - Downloading https://repo.maven.apache.org/maven2/org/junit/junit-bom/5.8.0/junit-bom-5.8.0.pom
2025-03-10 22:19:44,701 [Worker-17: Building] INFO  o.e.m.c.i.e.AbstractTransferListenerAdapter - Downloaded https://repo.maven.apache.org/maven2/org/junit/junit-bom/5.8.0/junit-bom-5.8.0.pom
2025-03-10 22:19:44,781 [Worker-17: Building] INFO  o.e.m.c.i.e.AbstractTransferListenerAdapter - Downloading https://repo.maven.apache.org/maven2/io/cucumber/cucumber-expressions/15.0.1/cucumber-expressions-15.0.1.pom
2025-03-10 22:19:44,792 [Worker-17: Building] INFO  o.e.m.c.i.e.AbstractTransferListenerAdapter - Downloaded https://repo.maven.apache.org/maven2/io/cucumber/cucumber-expressions/15.0.1/cucumber-expressions-15.0.1.pom
2025-03-10 22:19:44,826 [Worker-17: Building] INFO  o.e.m.c.i.e.AbstractTransferListenerAdapter - Downloading https://repo.maven.apache.org/maven2/com/fasterxml/jackson/jackson-bom/2.13.1/jackson-bom-2.13.1.pom
2025-03-10 22:19:44,842 [Worker-17: Building] INFO  o.e.m.c.i.e.AbstractTransferListenerAdapter - Downloaded https://repo.maven.apache.org/maven2/com/fasterxml/jackson/jackson-bom/2.13.1/jackson-bom-2.13.1.pom
2025-03-10 22:19:44,885 [Worker-17: Building] INFO  o.e.m.c.i.e.AbstractTransferListenerAdapter - Downloading https://repo.maven.apache.org/maven2/io/cucumber/datatable/7.2.3/datatable-7.2.3.pom
2025-03-10 22:19:44,894 [Worker-17: Building] INFO  o.e.m.c.i.e.AbstractTransferListenerAdapter - Downloaded https://repo.maven.apache.org/maven2/io/cucumber/datatable/7.2.3/datatable-7.2.3.pom
2025-03-10 22:19:44,944 [Worker-17: Building] INFO  o.e.m.c.i.e.AbstractTransferListenerAdapter - Downloading https://repo.maven.apache.org/maven2/io/cucumber/docstring/7.2.3/docstring-7.2.3.pom
2025-03-10 22:19:44,961 [Worker-17: Building] INFO  o.e.m.c.i.e.AbstractTransferListenerAdapter - Downloaded https://repo.maven.apache.org/maven2/io/cucumber/docstring/7.2.3/docstring-7.2.3.pom
2025-03-10 22:19:45,053 [Worker-17: Building] INFO  o.e.m.c.i.e.AbstractTransferListenerAdapter - Downloading https://repo.maven.apache.org/maven2/io/cucumber/html-formatter/17.0.0/html-formatter-17.0.0.pom
2025-03-10 22:19:45,093 [Worker-17: Building] INFO  o.e.m.c.i.e.AbstractTransferListenerAdapter - Downloaded https://repo.maven.apache.org/maven2/io/cucumber/html-formatter/17.0.0/html-formatter-17.0.0.pom
2025-03-10 22:19:45,149 [Worker-17: Building] INFO  o.e.m.c.i.e.AbstractTransferListenerAdapter - Downloading https://repo.maven.apache.org/maven2/io/cucumber/messages/17.1.0/messages-17.1.0.pom
2025-03-10 22:19:45,218 [Worker-17: Building] INFO  o.e.m.c.i.e.AbstractTransferListenerAdapter - Downloaded https://repo.maven.apache.org/maven2/io/cucumber/messages/17.1.0/messages-17.1.0.pom
2025-03-10 22:19:45,279 [Worker-17: Building] INFO  o.e.m.c.i.e.AbstractTransferListenerAdapter - Downloading https://repo.maven.apache.org/maven2/io/cucumber/ci-environment/8.1.0/ci-environment-8.1.0.pom
2025-03-10 22:19:45,313 [Worker-17: Building] INFO  o.e.m.c.i.e.AbstractTransferListenerAdapter - Downloaded https://repo.maven.apache.org/maven2/io/cucumber/ci-environment/8.1.0/ci-environment-8.1.0.pom
2025-03-10 22:19:45,401 [Worker-17: Building] INFO  o.e.m.c.i.e.AbstractTransferListenerAdapter - Downloading https://repo.maven.apache.org/maven2/commons-io/commons-io/2.8.0/commons-io-2.8.0.pom
2025-03-10 22:19:45,438 [Worker-17: Building] INFO  o.e.m.c.i.e.AbstractTransferListenerAdapter - Downloaded https://repo.maven.apache.org/maven2/commons-io/commons-io/2.8.0/commons-io-2.8.0.pom
2025-03-10 22:19:45,819 [Worker-17: Building] INFO  o.e.m.c.i.e.AbstractTransferListenerAdapter - Downloading https://repo.maven.apache.org/maven2/org/seleniumhq/selenium/selenium-java/4.10.0/selenium-java-4.10.0.jar
2025-03-10 22:19:45,838 [Worker-17: Building] INFO  o.e.m.c.i.e.AbstractTransferListenerAdapter - Downloaded https://repo.maven.apache.org/maven2/org/seleniumhq/selenium/selenium-java/4.10.0/selenium-java-4.10.0.jar
2025-03-10 22:19:45,987 [BasicRepositoryConnector-repo.maven.apache.org-0-0] INFO  o.e.m.c.i.e.AbstractTransferListenerAdapter - Downloading https://repo.maven.apache.org/maven2/org/seleniumhq/selenium/selenium-api/4.10.0/selenium-api-4.10.0.jar
2025-03-10 22:19:46,303 [BasicRepositoryConnector-repo.maven.apache.org-0-0] INFO  o.e.m.c.i.e.AbstractTransferListenerAdapter - Downloaded https://repo.maven.apache.org/maven2/org/seleniumhq/selenium/selenium-api/4.10.0/selenium-api-4.10.0.jar
2025-03-10 22:19:46,373 [BasicRepositoryConnector-repo.maven.apache.org-0-2] INFO  o.e.m.c.i.e.AbstractTransferListenerAdapter - Downloading https://repo.maven.apache.org/maven2/org/seleniumhq/selenium/selenium-chromium-driver/4.10.0/selenium-chromium-driver-4.10.0.jar
2025-03-10 22:19:46,395 [BasicRepositoryConnector-repo.maven.apache.org-0-3] INFO  o.e.m.c.i.e.AbstractTransferListenerAdapter - Downloading https://repo.maven.apache.org/maven2/org/seleniumhq/selenium/selenium-json/4.10.0/selenium-json-4.10.0.jar
2025-03-10 22:19:46,434 [BasicRepositoryConnector-repo.maven.apache.org-0-4] INFO  o.e.m.c.i.e.AbstractTransferListenerAdapter - Downloading https://repo.maven.apache.org/maven2/org/seleniumhq/selenium/selenium-manager/4.10.0/selenium-manager-4.10.0.jar
2025-03-10 22:19:46,437 [BasicRepositoryConnector-repo.maven.apache.org-0-1] INFO  o.e.m.c.i.e.AbstractTransferListenerAdapter - Downloading https://repo.maven.apache.org/maven2/org/seleniumhq/selenium/selenium-chrome-driver/4.10.0/selenium-chrome-driver-4.10.0.jar
2025-03-10 22:19:46,502 [BasicRepositoryConnector-repo.maven.apache.org-0-1] INFO  o.e.m.c.i.e.AbstractTransferListenerAdapter - Downloaded https://repo.maven.apache.org/maven2/org/seleniumhq/selenium/selenium-chrome-driver/4.10.0/selenium-chrome-driver-4.10.0.jar
2025-03-10 22:19:46,506 [BasicRepositoryConnector-repo.maven.apache.org-0-2] INFO  o.e.m.c.i.e.AbstractTransferListenerAdapter - Downloaded https://repo.maven.apache.org/maven2/org/seleniumhq/selenium/selenium-chromium-driver/4.10.0/selenium-chromium-driver-4.10.0.jar
2025-03-10 22:19:46,522 [BasicRepositoryConnector-repo.maven.apache.org-0-0] INFO  o.e.m.c.i.e.AbstractTransferListenerAdapter - Downloading https://repo.maven.apache.org/maven2/org/seleniumhq/selenium/selenium-devtools-v112/4.10.0/selenium-devtools-v112-4.10.0.jar
2025-03-10 22:19:46,660 [BasicRepositoryConnector-repo.maven.apache.org-0-3] INFO  o.e.m.c.i.e.AbstractTransferListenerAdapter - Downloaded https://repo.maven.apache.org/maven2/org/seleniumhq/selenium/selenium-json/4.10.0/selenium-json-4.10.0.jar
2025-03-10 22:19:46,671 [BasicRepositoryConnector-repo.maven.apache.org-0-2] INFO  o.e.m.c.i.e.AbstractTransferListenerAdapter - Downloading https://repo.maven.apache.org/maven2/org/seleniumhq/selenium/selenium-devtools-v114/4.10.0/selenium-devtools-v114-4.10.0.jar
2025-03-10 22:19:46,677 [BasicRepositoryConnector-repo.maven.apache.org-0-1] INFO  o.e.m.c.i.e.AbstractTransferListenerAdapter - Downloading https://repo.maven.apache.org/maven2/org/seleniumhq/selenium/selenium-devtools-v113/4.10.0/selenium-devtools-v113-4.10.0.jar
2025-03-10 22:19:46,891 [BasicRepositoryConnector-repo.maven.apache.org-0-3] INFO  o.e.m.c.i.e.AbstractTransferListenerAdapter - Downloading https://repo.maven.apache.org/maven2/org/seleniumhq/selenium/selenium-devtools-v85/4.10.0/selenium-devtools-v85-4.10.0.jar
2025-03-10 22:19:47,277 [BasicRepositoryConnector-repo.maven.apache.org-0-0] INFO  o.e.m.c.i.e.AbstractTransferListenerAdapter - Downloaded https://repo.maven.apache.org/maven2/org/seleniumhq/selenium/selenium-devtools-v112/4.10.0/selenium-devtools-v112-4.10.0.jar
2025-03-10 22:19:47,456 [BasicRepositoryConnector-repo.maven.apache.org-0-0] INFO  o.e.m.c.i.e.AbstractTransferListenerAdapter - Downloading https://repo.maven.apache.org/maven2/org/seleniumhq/selenium/selenium-edge-driver/4.10.0/selenium-edge-driver-4.10.0.jar
2025-03-10 22:19:47,483 [BasicRepositoryConnector-repo.maven.apache.org-0-0] INFO  o.e.m.c.i.e.AbstractTransferListenerAdapter - Downloaded https://repo.maven.apache.org/maven2/org/seleniumhq/selenium/selenium-edge-driver/4.10.0/selenium-edge-driver-4.10.0.jar
2025-03-10 22:19:47,710 [BasicRepositoryConnector-repo.maven.apache.org-0-0] INFO  o.e.m.c.i.e.AbstractTransferListenerAdapter - Downloading https://repo.maven.apache.org/maven2/org/seleniumhq/selenium/selenium-firefox-driver/4.10.0/selenium-firefox-driver-4.10.0.jar
2025-03-10 22:19:47,791 [BasicRepositoryConnector-repo.maven.apache.org-0-0] INFO  o.e.m.c.i.e.AbstractTransferListenerAdapter - Downloaded https://repo.maven.apache.org/maven2/org/seleniumhq/selenium/selenium-firefox-driver/4.10.0/selenium-firefox-driver-4.10.0.jar
2025-03-10 22:19:48,165 [BasicRepositoryConnector-repo.maven.apache.org-0-0] INFO  o.e.m.c.i.e.AbstractTransferListenerAdapter - Downloading https://repo.maven.apache.org/maven2/org/seleniumhq/selenium/selenium-http/4.10.0/selenium-http-4.10.0.jar
2025-03-10 22:19:48,258 [BasicRepositoryConnector-repo.maven.apache.org-0-0] INFO  o.e.m.c.i.e.AbstractTransferListenerAdapter - Downloaded https://repo.maven.apache.org/maven2/org/seleniumhq/selenium/selenium-http/4.10.0/selenium-http-4.10.0.jar
2025-03-10 22:19:48,316 [BasicRepositoryConnector-repo.maven.apache.org-0-1] INFO  o.e.m.c.i.e.AbstractTransferListenerAdapter - Downloaded https://repo.maven.apache.org/maven2/org/seleniumhq/selenium/selenium-devtools-v113/4.10.0/selenium-devtools-v113-4.10.0.jar
2025-03-10 22:19:48,588 [BasicRepositoryConnector-repo.maven.apache.org-0-0] INFO  o.e.m.c.i.e.AbstractTransferListenerAdapter - Downloading https://repo.maven.apache.org/maven2/org/seleniumhq/selenium/selenium-ie-driver/4.10.0/selenium-ie-driver-4.10.0.jar
2025-03-10 22:19:48,647 [BasicRepositoryConnector-repo.maven.apache.org-0-0] INFO  o.e.m.c.i.e.AbstractTransferListenerAdapter - Downloaded https://repo.maven.apache.org/maven2/org/seleniumhq/selenium/selenium-ie-driver/4.10.0/selenium-ie-driver-4.10.0.jar
2025-03-10 22:19:48,648 [BasicRepositoryConnector-repo.maven.apache.org-0-1] INFO  o.e.m.c.i.e.AbstractTransferListenerAdapter - Downloading https://repo.maven.apache.org/maven2/org/seleniumhq/selenium/selenium-remote-driver/4.10.0/selenium-remote-driver-4.10.0.jar
2025-03-10 22:19:49,166 [BasicRepositoryConnector-repo.maven.apache.org-0-0] INFO  o.e.m.c.i.e.AbstractTransferListenerAdapter - Downloading https://repo.maven.apache.org/maven2/org/seleniumhq/selenium/selenium-safari-driver/4.10.0/selenium-safari-driver-4.10.0.jar
2025-03-10 22:19:49,237 [BasicRepositoryConnector-repo.maven.apache.org-0-0] INFO  o.e.m.c.i.e.AbstractTransferListenerAdapter - Downloaded https://repo.maven.apache.org/maven2/org/seleniumhq/selenium/selenium-safari-driver/4.10.0/selenium-safari-driver-4.10.0.jar
2025-03-10 22:19:49,260 [BasicRepositoryConnector-repo.maven.apache.org-0-3] INFO  o.e.m.c.i.e.AbstractTransferListenerAdapter - Downloaded https://repo.maven.apache.org/maven2/org/seleniumhq/selenium/selenium-devtools-v85/4.10.0/selenium-devtools-v85-4.10.0.jar
2025-03-10 22:19:49,327 [BasicRepositoryConnector-repo.maven.apache.org-0-1] INFO  o.e.m.c.i.e.AbstractTransferListenerAdapter - Downloaded https://repo.maven.apache.org/maven2/org/seleniumhq/selenium/selenium-remote-driver/4.10.0/selenium-remote-driver-4.10.0.jar
2025-03-10 22:19:49,488 [BasicRepositoryConnector-repo.maven.apache.org-0-0] INFO  o.e.m.c.i.e.AbstractTransferListenerAdapter - Downloading https://repo.maven.apache.org/maven2/org/seleniumhq/selenium/selenium-support/4.10.0/selenium-support-4.10.0.jar
2025-03-10 22:19:49,526 [BasicRepositoryConnector-repo.maven.apache.org-0-3] INFO  o.e.m.c.i.e.AbstractTransferListenerAdapter - Downloading https://repo.maven.apache.org/maven2/io/cucumber/cucumber-java/7.11.0/cucumber-java-7.11.0.jar
2025-03-10 22:19:49,595 [BasicRepositoryConnector-repo.maven.apache.org-0-1] INFO  o.e.m.c.i.e.AbstractTransferListenerAdapter - Downloading https://repo.maven.apache.org/maven2/io/cucumber/cucumber-core/7.11.0/cucumber-core-7.11.0.jar
2025-03-10 22:19:49,684 [BasicRepositoryConnector-repo.maven.apache.org-0-0] INFO  o.e.m.c.i.e.AbstractTransferListenerAdapter - Downloaded https://repo.maven.apache.org/maven2/org/seleniumhq/selenium/selenium-support/4.10.0/selenium-support-4.10.0.jar
2025-03-10 22:19:49,802 [BasicRepositoryConnector-repo.maven.apache.org-0-4] INFO  o.e.m.c.i.e.AbstractTransferListenerAdapter - Downloaded https://repo.maven.apache.org/maven2/org/seleniumhq/selenium/selenium-manager/4.10.0/selenium-manager-4.10.0.jar
2025-03-10 22:19:49,880 [BasicRepositoryConnector-repo.maven.apache.org-0-2] INFO  o.e.m.c.i.e.AbstractTransferListenerAdapter - Downloaded https://repo.maven.apache.org/maven2/org/seleniumhq/selenium/selenium-devtools-v114/4.10.0/selenium-devtools-v114-4.10.0.jar
2025-03-10 22:19:49,987 [BasicRepositoryConnector-repo.maven.apache.org-0-0] INFO  o.e.m.c.i.e.AbstractTransferListenerAdapter - Downloading https://repo.maven.apache.org/maven2/io/cucumber/cucumber-gherkin/7.11.0/cucumber-gherkin-7.11.0.jar
2025-03-10 22:19:50,015 [BasicRepositoryConnector-repo.maven.apache.org-0-0] INFO  o.e.m.c.i.e.AbstractTransferListenerAdapter - Downloaded https://repo.maven.apache.org/maven2/io/cucumber/cucumber-gherkin/7.11.0/cucumber-gherkin-7.11.0.jar
2025-03-10 22:19:50,061 [BasicRepositoryConnector-repo.maven.apache.org-0-4] INFO  o.e.m.c.i.e.AbstractTransferListenerAdapter - Downloading https://repo.maven.apache.org/maven2/io/cucumber/cucumber-gherkin-messages/7.11.0/cucumber-gherkin-messages-7.11.0.jar
2025-03-10 22:19:50,115 [BasicRepositoryConnector-repo.maven.apache.org-0-4] INFO  o.e.m.c.i.e.AbstractTransferListenerAdapter - Downloaded https://repo.maven.apache.org/maven2/io/cucumber/cucumber-gherkin-messages/7.11.0/cucumber-gherkin-messages-7.11.0.jar
2025-03-10 22:19:50,152 [BasicRepositoryConnector-repo.maven.apache.org-0-2] INFO  o.e.m.c.i.e.AbstractTransferListenerAdapter - Downloading https://repo.maven.apache.org/maven2/io/cucumber/gherkin/26.0.3/gherkin-26.0.3.jar
2025-03-10 22:19:50,285 [BasicRepositoryConnector-repo.maven.apache.org-0-0] INFO  o.e.m.c.i.e.AbstractTransferListenerAdapter - Downloading https://repo.maven.apache.org/maven2/io/cucumber/messages/21.0.1/messages-21.0.1.jar
2025-03-10 22:19:50,443 [BasicRepositoryConnector-repo.maven.apache.org-0-0] INFO  o.e.m.c.i.e.AbstractTransferListenerAdapter - Downloaded https://repo.maven.apache.org/maven2/io/cucumber/messages/21.0.1/messages-21.0.1.jar
2025-03-10 22:19:50,448 [BasicRepositoryConnector-repo.maven.apache.org-0-2] INFO  o.e.m.c.i.e.AbstractTransferListenerAdapter - Downloaded https://repo.maven.apache.org/maven2/io/cucumber/gherkin/26.0.3/gherkin-26.0.3.jar
2025-03-10 22:19:50,488 [BasicRepositoryConnector-repo.maven.apache.org-0-4] INFO  o.e.m.c.i.e.AbstractTransferListenerAdapter - Downloading https://repo.maven.apache.org/maven2/io/cucumber/datatable/7.11.0/datatable-7.11.0.jar
2025-03-10 22:19:50,580 [BasicRepositoryConnector-repo.maven.apache.org-0-4] INFO  o.e.m.c.i.e.AbstractTransferListenerAdapter - Downloaded https://repo.maven.apache.org/maven2/io/cucumber/datatable/7.11.0/datatable-7.11.0.jar
2025-03-10 22:19:50,654 [BasicRepositoryConnector-repo.maven.apache.org-0-1] INFO  o.e.m.c.i.e.AbstractTransferListenerAdapter - Downloaded https://repo.maven.apache.org/maven2/io/cucumber/cucumber-core/7.11.0/cucumber-core-7.11.0.jar
2025-03-10 22:19:50,661 [BasicRepositoryConnector-repo.maven.apache.org-0-0] INFO  o.e.m.c.i.e.AbstractTransferListenerAdapter - Downloading https://repo.maven.apache.org/maven2/io/cucumber/cucumber-plugin/7.11.0/cucumber-plugin-7.11.0.jar
2025-03-10 22:19:50,665 [BasicRepositoryConnector-repo.maven.apache.org-0-2] INFO  o.e.m.c.i.e.AbstractTransferListenerAdapter - Downloading https://repo.maven.apache.org/maven2/io/cucumber/docstring/7.11.0/docstring-7.11.0.jar
2025-03-10 22:19:50,689 [BasicRepositoryConnector-repo.maven.apache.org-0-2] INFO  o.e.m.c.i.e.AbstractTransferListenerAdapter - Downloaded https://repo.maven.apache.org/maven2/io/cucumber/docstring/7.11.0/docstring-7.11.0.jar
2025-03-10 22:19:50,725 [BasicRepositoryConnector-repo.maven.apache.org-0-0] INFO  o.e.m.c.i.e.AbstractTransferListenerAdapter - Downloaded https://repo.maven.apache.org/maven2/io/cucumber/cucumber-plugin/7.11.0/cucumber-plugin-7.11.0.jar
2025-03-10 22:19:50,748 [BasicRepositoryConnector-repo.maven.apache.org-0-3] INFO  o.e.m.c.i.e.AbstractTransferListenerAdapter - Downloaded https://repo.maven.apache.org/maven2/io/cucumber/cucumber-java/7.11.0/cucumber-java-7.11.0.jar
2025-03-10 22:19:50,764 [BasicRepositoryConnector-repo.maven.apache.org-0-4] INFO  o.e.m.c.i.e.AbstractTransferListenerAdapter - Downloading https://repo.maven.apache.org/maven2/io/cucumber/html-formatter/20.2.1/html-formatter-20.2.1.jar
2025-03-10 22:19:50,847 [BasicRepositoryConnector-repo.maven.apache.org-0-1] INFO  o.e.m.c.i.e.AbstractTransferListenerAdapter - Downloading https://repo.maven.apache.org/maven2/io/cucumber/junit-xml-formatter/0.1.0/junit-xml-formatter-0.1.0.jar
2025-03-10 22:19:50,875 [BasicRepositoryConnector-repo.maven.apache.org-0-1] INFO  o.e.m.c.i.e.AbstractTransferListenerAdapter - Downloaded https://repo.maven.apache.org/maven2/io/cucumber/junit-xml-formatter/0.1.0/junit-xml-formatter-0.1.0.jar
2025-03-10 22:19:50,951 [BasicRepositoryConnector-repo.maven.apache.org-0-0] INFO  o.e.m.c.i.e.AbstractTransferListenerAdapter - Downloading https://repo.maven.apache.org/maven2/tech/grasshopper/extentreports-cucumber7-adapter/1.9.0/extentreports-cucumber7-adapter-1.9.0.jar
2025-03-10 22:19:51,027 [BasicRepositoryConnector-repo.maven.apache.org-0-3] INFO  o.e.m.c.i.e.AbstractTransferListenerAdapter - Downloading https://repo.maven.apache.org/maven2/com/aventstack/extentreports/5.0.9/extentreports-5.0.9.jar
2025-03-10 22:19:51,042 [BasicRepositoryConnector-repo.maven.apache.org-0-2] INFO  o.e.m.c.i.e.AbstractTransferListenerAdapter - Downloading https://repo.maven.apache.org/maven2/io/cucumber/cucumber-testng/7.11.0/cucumber-testng-7.11.0.jar
2025-03-10 22:19:51,072 [BasicRepositoryConnector-repo.maven.apache.org-0-4] INFO  o.e.m.c.i.e.AbstractTransferListenerAdapter - Downloaded https://repo.maven.apache.org/maven2/io/cucumber/html-formatter/20.2.1/html-formatter-20.2.1.jar
2025-03-10 22:19:51,132 [BasicRepositoryConnector-repo.maven.apache.org-0-2] INFO  o.e.m.c.i.e.AbstractTransferListenerAdapter - Downloaded https://repo.maven.apache.org/maven2/io/cucumber/cucumber-testng/7.11.0/cucumber-testng-7.11.0.jar
2025-03-10 22:19:51,199 [BasicRepositoryConnector-repo.maven.apache.org-0-1] INFO  o.e.m.c.i.e.AbstractTransferListenerAdapter - Downloading https://repo.maven.apache.org/maven2/io/reactivex/rxjava3/rxjava/3.0.4/rxjava-3.0.4.jar
2025-03-10 22:19:51,588 [BasicRepositoryConnector-repo.maven.apache.org-0-4] INFO  o.e.m.c.i.e.AbstractTransferListenerAdapter - Downloading https://repo.maven.apache.org/maven2/org/freemarker/freemarker/2.3.30/freemarker-2.3.30.jar
2025-03-10 22:19:51,722 [BasicRepositoryConnector-repo.maven.apache.org-0-2] INFO  o.e.m.c.i.e.AbstractTransferListenerAdapter - Downloading https://repo.maven.apache.org/maven2/org/projectlombok/lombok/1.18.12/lombok-1.18.12.jar
2025-03-10 22:19:51,834 [BasicRepositoryConnector-repo.maven.apache.org-0-0] INFO  o.e.m.c.i.e.AbstractTransferListenerAdapter - Downloaded https://repo.maven.apache.org/maven2/tech/grasshopper/extentreports-cucumber7-adapter/1.9.0/extentreports-cucumber7-adapter-1.9.0.jar
2025-03-10 22:19:51,992 [BasicRepositoryConnector-repo.maven.apache.org-0-3] INFO  o.e.m.c.i.e.AbstractTransferListenerAdapter - Downloaded https://repo.maven.apache.org/maven2/com/aventstack/extentreports/5.0.9/extentreports-5.0.9.jar
2025-03-10 22:19:52,384 [BasicRepositoryConnector-repo.maven.apache.org-0-1] INFO  o.e.m.c.i.e.AbstractTransferListenerAdapter - Downloaded https://repo.maven.apache.org/maven2/io/reactivex/rxjava3/rxjava/3.0.4/rxjava-3.0.4.jar
2025-03-10 22:19:52,456 [BasicRepositoryConnector-repo.maven.apache.org-0-0] INFO  o.e.m.c.i.e.AbstractTransferListenerAdapter - Downloading https://repo.maven.apache.org/maven2/tech/grasshopper/extent-pdf-report/2.9.0/extent-pdf-report-2.9.0.jar
2025-03-10 22:19:52,506 [BasicRepositoryConnector-repo.maven.apache.org-0-3] INFO  o.e.m.c.i.e.AbstractTransferListenerAdapter - Downloading https://repo.maven.apache.org/maven2/tech/grasshopper/cucumber-pdf-report/2.11.0/cucumber-pdf-report-2.11.0.jar
2025-03-10 22:19:52,509 [BasicRepositoryConnector-repo.maven.apache.org-0-0] INFO  o.e.m.c.i.e.AbstractTransferListenerAdapter - Downloaded https://repo.maven.apache.org/maven2/tech/grasshopper/extent-pdf-report/2.9.0/extent-pdf-report-2.9.0.jar
2025-03-10 22:19:52,576 [BasicRepositoryConnector-repo.maven.apache.org-0-4] INFO  o.e.m.c.i.e.AbstractTransferListenerAdapter - Downloaded https://repo.maven.apache.org/maven2/org/freemarker/freemarker/2.3.30/freemarker-2.3.30.jar
2025-03-10 22:19:52,678 [BasicRepositoryConnector-repo.maven.apache.org-0-1] INFO  o.e.m.c.i.e.AbstractTransferListenerAdapter - Downloading https://repo.maven.apache.org/maven2/org/apache/pdfbox/pdfbox/2.0.26/pdfbox-2.0.26.jar
2025-03-10 22:19:52,914 [BasicRepositoryConnector-repo.maven.apache.org-0-0] INFO  o.e.m.c.i.e.AbstractTransferListenerAdapter - Downloading https://repo.maven.apache.org/maven2/org/apache/pdfbox/fontbox/2.0.26/fontbox-2.0.26.jar
2025-03-10 22:19:52,983 [BasicRepositoryConnector-repo.maven.apache.org-0-4] INFO  o.e.m.c.i.e.AbstractTransferListenerAdapter - Downloading https://repo.maven.apache.org/maven2/org/knowm/xchart/xchart/3.8.0/xchart-3.8.0.jar
2025-03-10 22:19:53,198 [BasicRepositoryConnector-repo.maven.apache.org-0-3] INFO  o.e.m.c.i.e.AbstractTransferListenerAdapter - Downloaded https://repo.maven.apache.org/maven2/tech/grasshopper/cucumber-pdf-report/2.11.0/cucumber-pdf-report-2.11.0.jar
2025-03-10 22:19:53,299 [BasicRepositoryConnector-repo.maven.apache.org-0-4] INFO  o.e.m.c.i.e.AbstractTransferListenerAdapter - Downloaded https://repo.maven.apache.org/maven2/org/knowm/xchart/xchart/3.8.0/xchart-3.8.0.jar
2025-03-10 22:19:53,488 [BasicRepositoryConnector-repo.maven.apache.org-0-1] INFO  o.e.m.c.i.e.AbstractTransferListenerAdapter - Downloaded https://repo.maven.apache.org/maven2/org/apache/pdfbox/pdfbox/2.0.26/pdfbox-2.0.26.jar
2025-03-10 22:19:53,548 [BasicRepositoryConnector-repo.maven.apache.org-0-3] INFO  o.e.m.c.i.e.AbstractTransferListenerAdapter - Downloading https://repo.maven.apache.org/maven2/de/erichseifert/vectorgraphics2d/VectorGraphics2D/0.13/VectorGraphics2D-0.13.jar
2025-03-10 22:19:53,594 [BasicRepositoryConnector-repo.maven.apache.org-0-4] INFO  o.e.m.c.i.e.AbstractTransferListenerAdapter - Downloading https://repo.maven.apache.org/maven2/de/rototor/pdfbox/graphics2d/0.30/graphics2d-0.30.jar
2025-03-10 22:19:53,613 [BasicRepositoryConnector-repo.maven.apache.org-0-3] INFO  o.e.m.c.i.e.AbstractTransferListenerAdapter - Downloaded https://repo.maven.apache.org/maven2/de/erichseifert/vectorgraphics2d/VectorGraphics2D/0.13/VectorGraphics2D-0.13.jar
2025-03-10 22:19:53,668 [BasicRepositoryConnector-repo.maven.apache.org-0-4] INFO  o.e.m.c.i.e.AbstractTransferListenerAdapter - Downloaded https://repo.maven.apache.org/maven2/de/rototor/pdfbox/graphics2d/0.30/graphics2d-0.30.jar
2025-03-10 22:19:53,690 [BasicRepositoryConnector-repo.maven.apache.org-0-1] INFO  o.e.m.c.i.e.AbstractTransferListenerAdapter - Downloading https://repo.maven.apache.org/maven2/com/madgag/animated-gif-lib/1.4/animated-gif-lib-1.4.jar
2025-03-10 22:19:53,708 [BasicRepositoryConnector-repo.maven.apache.org-0-1] INFO  o.e.m.c.i.e.AbstractTransferListenerAdapter - Downloaded https://repo.maven.apache.org/maven2/com/madgag/animated-gif-lib/1.4/animated-gif-lib-1.4.jar
2025-03-10 22:19:53,763 [BasicRepositoryConnector-repo.maven.apache.org-0-3] INFO  o.e.m.c.i.e.AbstractTransferListenerAdapter - Downloading https://repo.maven.apache.org/maven2/org/yaml/snakeyaml/1.28/snakeyaml-1.28.jar
2025-03-10 22:19:53,847 [BasicRepositoryConnector-repo.maven.apache.org-0-4] INFO  o.e.m.c.i.e.AbstractTransferListenerAdapter - Downloading https://repo.maven.apache.org/maven2/tech/grasshopper/table-layout/1.5.1/table-layout-1.5.1.jar
2025-03-10 22:19:53,922 [BasicRepositoryConnector-repo.maven.apache.org-0-1] INFO  o.e.m.c.i.e.AbstractTransferListenerAdapter - Downloading https://repo.maven.apache.org/maven2/tech/grasshopper/rest-assured-cucumber-pdf-report/1.4.1/rest-assured-cucumber-pdf-report-1.4.1.jar
2025-03-10 22:19:53,967 [BasicRepositoryConnector-repo.maven.apache.org-0-1] INFO  o.e.m.c.i.e.AbstractTransferListenerAdapter - Downloaded https://repo.maven.apache.org/maven2/tech/grasshopper/rest-assured-cucumber-pdf-report/1.4.1/rest-assured-cucumber-pdf-report-1.4.1.jar
2025-03-10 22:19:54,178 [BasicRepositoryConnector-repo.maven.apache.org-0-3] INFO  o.e.m.c.i.e.AbstractTransferListenerAdapter - Downloaded https://repo.maven.apache.org/maven2/org/yaml/snakeyaml/1.28/snakeyaml-1.28.jar
2025-03-10 22:19:54,396 [BasicRepositoryConnector-repo.maven.apache.org-0-1] INFO  o.e.m.c.i.e.AbstractTransferListenerAdapter - Downloading https://repo.maven.apache.org/maven2/org/jsoup/jsoup/1.14.3/jsoup-1.14.3.jar
2025-03-10 22:19:54,450 [BasicRepositoryConnector-repo.maven.apache.org-0-4] INFO  o.e.m.c.i.e.AbstractTransferListenerAdapter - Downloaded https://repo.maven.apache.org/maven2/tech/grasshopper/table-layout/1.5.1/table-layout-1.5.1.jar
2025-03-10 22:19:54,692 [BasicRepositoryConnector-repo.maven.apache.org-0-3] INFO  o.e.m.c.i.e.AbstractTransferListenerAdapter - Downloading https://repo.maven.apache.org/maven2/com/aventstack/klov-reporter/5.0.9/klov-reporter-5.0.9.jar
2025-03-10 22:19:54,742 [BasicRepositoryConnector-repo.maven.apache.org-0-3] INFO  o.e.m.c.i.e.AbstractTransferListenerAdapter - Downloaded https://repo.maven.apache.org/maven2/com/aventstack/klov-reporter/5.0.9/klov-reporter-5.0.9.jar
2025-03-10 22:19:54,830 [BasicRepositoryConnector-repo.maven.apache.org-0-4] INFO  o.e.m.c.i.e.AbstractTransferListenerAdapter - Downloading https://repo.maven.apache.org/maven2/org/mongodb/mongodb-driver/3.6.4/mongodb-driver-3.6.4.jar
2025-03-10 22:19:54,909 [BasicRepositoryConnector-repo.maven.apache.org-0-1] INFO  o.e.m.c.i.e.AbstractTransferListenerAdapter - Downloaded https://repo.maven.apache.org/maven2/org/jsoup/jsoup/1.14.3/jsoup-1.14.3.jar
2025-03-10 22:19:55,131 [BasicRepositoryConnector-repo.maven.apache.org-0-3] INFO  o.e.m.c.i.e.AbstractTransferListenerAdapter - Downloading https://repo.maven.apache.org/maven2/org/mongodb/mongodb-driver-core/3.6.4/mongodb-driver-core-3.6.4.jar
2025-03-10 22:19:55,145 [BasicRepositoryConnector-repo.maven.apache.org-0-2] INFO  o.e.m.c.i.e.AbstractTransferListenerAdapter - Downloaded https://repo.maven.apache.org/maven2/org/projectlombok/lombok/1.18.12/lombok-1.18.12.jar
2025-03-10 22:19:55,294 [BasicRepositoryConnector-repo.maven.apache.org-0-1] INFO  o.e.m.c.i.e.AbstractTransferListenerAdapter - Downloading https://repo.maven.apache.org/maven2/org/mongodb/bson/3.6.4/bson-3.6.4.jar
2025-03-10 22:19:55,326 [BasicRepositoryConnector-repo.maven.apache.org-0-0] INFO  o.e.m.c.i.e.AbstractTransferListenerAdapter - Downloaded https://repo.maven.apache.org/maven2/org/apache/pdfbox/fontbox/2.0.26/fontbox-2.0.26.jar
2025-03-10 22:19:55,349 [BasicRepositoryConnector-repo.maven.apache.org-0-4] INFO  o.e.m.c.i.e.AbstractTransferListenerAdapter - Downloaded https://repo.maven.apache.org/maven2/org/mongodb/mongodb-driver/3.6.4/mongodb-driver-3.6.4.jar
2025-03-10 22:19:55,521 [BasicRepositoryConnector-repo.maven.apache.org-0-2] INFO  o.e.m.c.i.e.AbstractTransferListenerAdapter - Downloading https://repo.maven.apache.org/maven2/org/apache/httpcomponents/httpclient/4.5.13/httpclient-4.5.13.jar
2025-03-10 22:19:55,568 [BasicRepositoryConnector-repo.maven.apache.org-0-3] INFO  o.e.m.c.i.e.AbstractTransferListenerAdapter - Downloaded https://repo.maven.apache.org/maven2/org/mongodb/mongodb-driver-core/3.6.4/mongodb-driver-core-3.6.4.jar
2025-03-10 22:19:55,584 [BasicRepositoryConnector-repo.maven.apache.org-0-4] INFO  o.e.m.c.i.e.AbstractTransferListenerAdapter - Downloading https://repo.maven.apache.org/maven2/org/apache/httpcomponents/httpmime/4.5.13/httpmime-4.5.13.jar
2025-03-10 22:19:55,586 [BasicRepositoryConnector-repo.maven.apache.org-0-0] INFO  o.e.m.c.i.e.AbstractTransferListenerAdapter - Downloading https://repo.maven.apache.org/maven2/org/apache/httpcomponents/httpcore/4.4.13/httpcore-4.4.13.jar
2025-03-10 22:19:55,711 [BasicRepositoryConnector-repo.maven.apache.org-0-3] INFO  o.e.m.c.i.e.AbstractTransferListenerAdapter - Downloading https://repo.maven.apache.org/maven2/tech/grasshopper/htmlextentreporter/1.0.1/htmlextentreporter-1.0.1.jar
2025-03-10 22:19:55,728 [BasicRepositoryConnector-repo.maven.apache.org-0-1] INFO  o.e.m.c.i.e.AbstractTransferListenerAdapter - Downloaded https://repo.maven.apache.org/maven2/org/mongodb/bson/3.6.4/bson-3.6.4.jar
2025-03-10 22:19:55,748 [BasicRepositoryConnector-repo.maven.apache.org-0-4] INFO  o.e.m.c.i.e.AbstractTransferListenerAdapter - Downloaded https://repo.maven.apache.org/maven2/org/apache/httpcomponents/httpmime/4.5.13/httpmime-4.5.13.jar
2025-03-10 22:19:56,057 [BasicRepositoryConnector-repo.maven.apache.org-0-1] INFO  o.e.m.c.i.e.AbstractTransferListenerAdapter - Downloading https://repo.maven.apache.org/maven2/commons-io/commons-io/2.8.0/commons-io-2.8.0.jar
2025-03-10 22:19:56,075 [BasicRepositoryConnector-repo.maven.apache.org-0-0] INFO  o.e.m.c.i.e.AbstractTransferListenerAdapter - Downloaded https://repo.maven.apache.org/maven2/org/apache/httpcomponents/httpcore/4.4.13/httpcore-4.4.13.jar
2025-03-10 22:19:56,335 [BasicRepositoryConnector-repo.maven.apache.org-0-3] INFO  o.e.m.c.i.e.AbstractTransferListenerAdapter - Downloaded https://repo.maven.apache.org/maven2/tech/grasshopper/htmlextentreporter/1.0.1/htmlextentreporter-1.0.1.jar
2025-03-10 22:19:56,379 [BasicRepositoryConnector-repo.maven.apache.org-0-1] INFO  o.e.m.c.i.e.AbstractTransferListenerAdapter - Downloaded https://repo.maven.apache.org/maven2/commons-io/commons-io/2.8.0/commons-io-2.8.0.jar
2025-03-10 22:19:56,388 [BasicRepositoryConnector-repo.maven.apache.org-0-2] INFO  o.e.m.c.i.e.AbstractTransferListenerAdapter - Downloaded https://repo.maven.apache.org/maven2/org/apache/httpcomponents/httpclient/4.5.13/httpclient-4.5.13.jar
2025-03-10 22:19:58,449 [Worker-17: Building] INFO  o.a.m.s.f.DefaultMavenResourcesFiltering - skip non existing resourceDirectory C:\Users\ADMIN\eclipse-workspace\Practo\src\main\resources
2025-03-10 22:19:58,456 [Worker-17: Building] INFO  o.a.m.s.f.DefaultMavenResourcesFiltering - skip non existing resourceDirectory C:\Users\ADMIN\eclipse-workspace\Practo\src\test\resources
2025-03-10 22:19:59,382 [Worker-25: Download sources and javadoc] INFO  o.e.m.c.i.e.AbstractTransferListenerAdapter - Downloading https://repo.maven.apache.org/maven2/org/seleniumhq/selenium/selenium-java/4.10.0/selenium-java-4.10.0-sources.jar
2025-03-10 22:19:59,608 [Worker-25: Download sources and javadoc] INFO  o.e.m.c.i.e.AbstractTransferListenerAdapter - Downloaded https://repo.maven.apache.org/maven2/org/seleniumhq/selenium/selenium-java/4.10.0/selenium-java-4.10.0-sources.jar
2025-03-10 22:19:59,889 [Worker-25: Download sources and javadoc] INFO  o.e.m.j.internal.DownloadSourcesJob - Downloaded sources for org.seleniumhq.selenium:selenium-java:4.10.0
2025-03-10 22:20:00,156 [Worker-21: Launching PractoTestngRunner] INFO  o.a.m.s.f.DefaultMavenResourcesFiltering - skip non existing resourceDirectory C:\Users\ADMIN\eclipse-workspace\Practo\src\main\resources
2025-03-10 22:20:00,160 [Worker-21: Launching PractoTestngRunner] INFO  o.a.m.s.f.DefaultMavenResourcesFiltering - skip non existing resourceDirectory C:\Users\ADMIN\eclipse-workspace\Practo\src\test\resources
2025-03-10 22:20:00,262 [Worker-25: Download sources and javadoc] INFO  o.e.m.c.i.e.AbstractTransferListenerAdapter - Downloading https://repo.maven.apache.org/maven2/org/seleniumhq/selenium/selenium-api/4.10.0/selenium-api-4.10.0-sources.jar
2025-03-10 22:20:04,481 [Worker-25: Download sources and javadoc] INFO  o.e.m.c.i.e.AbstractTransferListenerAdapter - Downloaded https://repo.maven.apache.org/maven2/org/seleniumhq/selenium/selenium-api/4.10.0/selenium-api-4.10.0-sources.jar
2025-03-10 22:20:04,488 [Worker-25: Download sources and javadoc] INFO  o.e.m.j.internal.DownloadSourcesJob - Downloaded sources for org.seleniumhq.selenium:selenium-api:4.10.0
2025-03-10 22:20:04,885 [Worker-25: Download sources and javadoc] INFO  o.e.m.c.i.e.AbstractTransferListenerAdapter - Downloading https://repo.maven.apache.org/maven2/org/seleniumhq/selenium/selenium-chrome-driver/4.10.0/selenium-chrome-driver-4.10.0-sources.jar
2025-03-10 22:20:04,932 [Worker-25: Download sources and javadoc] INFO  o.e.m.c.i.e.AbstractTransferListenerAdapter - Downloaded https://repo.maven.apache.org/maven2/org/seleniumhq/selenium/selenium-chrome-driver/4.10.0/selenium-chrome-driver-4.10.0-sources.jar
2025-03-10 22:20:05,078 [Worker-25: Download sources and javadoc] INFO  o.e.m.j.internal.DownloadSourcesJob - Downloaded sources for org.seleniumhq.selenium:selenium-chrome-driver:4.10.0
2025-03-10 22:20:05,680 [Worker-25: Download sources and javadoc] INFO  o.e.m.c.i.e.AbstractTransferListenerAdapter - Downloading https://repo.maven.apache.org/maven2/org/seleniumhq/selenium/selenium-chromium-driver/4.10.0/selenium-chromium-driver-4.10.0-sources.jar
2025-03-10 22:20:06,482 [Worker-25: Download sources and javadoc] INFO  o.e.m.c.i.e.AbstractTransferListenerAdapter - Downloaded https://repo.maven.apache.org/maven2/org/seleniumhq/selenium/selenium-chromium-driver/4.10.0/selenium-chromium-driver-4.10.0-sources.jar
2025-03-10 22:20:06,514 [Worker-25: Download sources and javadoc] INFO  o.e.m.j.internal.DownloadSourcesJob - Downloaded sources for org.seleniumhq.selenium:selenium-chromium-driver:4.10.0
2025-03-10 22:20:07,506 [Worker-25: Download sources and javadoc] INFO  o.e.m.c.i.e.AbstractTransferListenerAdapter - Downloading https://repo.maven.apache.org/maven2/org/seleniumhq/selenium/selenium-json/4.10.0/selenium-json-4.10.0-sources.jar
2025-03-10 22:20:08,147 [Worker-25: Download sources and javadoc] INFO  o.e.m.c.i.e.AbstractTransferListenerAdapter - Downloaded https://repo.maven.apache.org/maven2/org/seleniumhq/selenium/selenium-json/4.10.0/selenium-json-4.10.0-sources.jar
2025-03-10 22:20:08,398 [Worker-25: Download sources and javadoc] INFO  o.e.m.j.internal.DownloadSourcesJob - Downloaded sources for org.seleniumhq.selenium:selenium-json:4.10.0
2025-03-10 22:20:08,802 [Worker-25: Download sources and javadoc] INFO  o.e.m.c.i.e.AbstractTransferListenerAdapter - Downloading https://repo.maven.apache.org/maven2/org/seleniumhq/selenium/selenium-manager/4.10.0/selenium-manager-4.10.0-sources.jar
2025-03-10 22:20:09,278 [Worker-25: Download sources and javadoc] INFO  o.e.m.c.i.e.AbstractTransferListenerAdapter - Downloaded https://repo.maven.apache.org/maven2/org/seleniumhq/selenium/selenium-manager/4.10.0/selenium-manager-4.10.0-sources.jar
2025-03-10 22:20:09,284 [Worker-25: Download sources and javadoc] INFO  o.e.m.j.internal.DownloadSourcesJob - Downloaded sources for org.seleniumhq.selenium:selenium-manager:4.10.0
2025-03-10 22:20:09,514 [Worker-25: Download sources and javadoc] INFO  o.e.m.c.i.e.AbstractTransferListenerAdapter - Downloading https://repo.maven.apache.org/maven2/org/seleniumhq/selenium/selenium-devtools-v112/4.10.0/selenium-devtools-v112-4.10.0-sources.jar
2025-03-10 22:20:09,882 [Worker-25: Download sources and javadoc] INFO  o.e.m.c.i.e.AbstractTransferListenerAdapter - Downloaded https://repo.maven.apache.org/maven2/org/seleniumhq/selenium/selenium-devtools-v112/4.10.0/selenium-devtools-v112-4.10.0-sources.jar
2025-03-10 22:20:09,903 [Worker-25: Download sources and javadoc] INFO  o.e.m.j.internal.DownloadSourcesJob - Downloaded sources for org.seleniumhq.selenium:selenium-devtools-v112:4.10.0
2025-03-10 22:20:10,144 [Worker-25: Download sources and javadoc] INFO  o.e.m.c.i.e.AbstractTransferListenerAdapter - Downloading https://repo.maven.apache.org/maven2/org/seleniumhq/selenium/selenium-devtools-v113/4.10.0/selenium-devtools-v113-4.10.0-sources.jar
2025-03-10 22:20:10,546 [Worker-25: Download sources and javadoc] INFO  o.e.m.c.i.e.AbstractTransferListenerAdapter - Downloaded https://repo.maven.apache.org/maven2/org/seleniumhq/selenium/selenium-devtools-v113/4.10.0/selenium-devtools-v113-4.10.0-sources.jar
2025-03-10 22:20:10,554 [Worker-25: Download sources and javadoc] INFO  o.e.m.j.internal.DownloadSourcesJob - Downloaded sources for org.seleniumhq.selenium:selenium-devtools-v113:4.10.0
2025-03-10 22:20:10,706 [Worker-25: Download sources and javadoc] INFO  o.e.m.c.i.e.AbstractTransferListenerAdapter - Downloading https://repo.maven.apache.org/maven2/org/seleniumhq/selenium/selenium-devtools-v114/4.10.0/selenium-devtools-v114-4.10.0-sources.jar
2025-03-10 22:20:11,005 [Worker-25: Download sources and javadoc] INFO  o.e.m.c.i.e.AbstractTransferListenerAdapter - Downloaded https://repo.maven.apache.org/maven2/org/seleniumhq/selenium/selenium-devtools-v114/4.10.0/selenium-devtools-v114-4.10.0-sources.jar
2025-03-10 22:20:11,387 [Worker-25: Download sources and javadoc] INFO  o.e.m.j.internal.DownloadSourcesJob - Downloaded sources for org.seleniumhq.selenium:selenium-devtools-v114:4.10.0
2025-03-10 22:20:11,621 [Worker-25: Download sources and javadoc] INFO  o.e.m.c.i.e.AbstractTransferListenerAdapter - Downloading https://repo.maven.apache.org/maven2/org/seleniumhq/selenium/selenium-devtools-v85/4.10.0/selenium-devtools-v85-4.10.0-sources.jar
2025-03-10 22:20:15,457 [Worker-25: Download sources and javadoc] INFO  o.e.m.c.i.e.AbstractTransferListenerAdapter - Downloaded https://repo.maven.apache.org/maven2/org/seleniumhq/selenium/selenium-devtools-v85/4.10.0/selenium-devtools-v85-4.10.0-sources.jar
2025-03-10 22:20:15,495 [Worker-25: Download sources and javadoc] INFO  o.e.m.j.internal.DownloadSourcesJob - Downloaded sources for org.seleniumhq.selenium:selenium-devtools-v85:4.10.0
2025-03-10 22:20:16,281 [Worker-25: Download sources and javadoc] INFO  o.e.m.c.i.e.AbstractTransferListenerAdapter - Downloading https://repo.maven.apache.org/maven2/org/seleniumhq/selenium/selenium-edge-driver/4.10.0/selenium-edge-driver-4.10.0-sources.jar
2025-03-10 22:20:16,334 [Worker-25: Download sources and javadoc] INFO  o.e.m.c.i.e.AbstractTransferListenerAdapter - Downloaded https://repo.maven.apache.org/maven2/org/seleniumhq/selenium/selenium-edge-driver/4.10.0/selenium-edge-driver-4.10.0-sources.jar
2025-03-10 22:20:16,341 [Worker-25: Download sources and javadoc] INFO  o.e.m.j.internal.DownloadSourcesJob - Downloaded sources for org.seleniumhq.selenium:selenium-edge-driver:4.10.0
2025-03-10 22:20:16,696 [Worker-25: Download sources and javadoc] INFO  o.e.m.c.i.e.AbstractTransferListenerAdapter - Downloading https://repo.maven.apache.org/maven2/org/seleniumhq/selenium/selenium-firefox-driver/4.10.0/selenium-firefox-driver-4.10.0-sources.jar
2025-03-10 22:20:17,260 [Worker-25: Download sources and javadoc] INFO  o.e.m.c.i.e.AbstractTransferListenerAdapter - Downloaded https://repo.maven.apache.org/maven2/org/seleniumhq/selenium/selenium-firefox-driver/4.10.0/selenium-firefox-driver-4.10.0-sources.jar
2025-03-10 22:20:17,313 [Worker-25: Download sources and javadoc] INFO  o.e.m.j.internal.DownloadSourcesJob - Downloaded sources for org.seleniumhq.selenium:selenium-firefox-driver:4.10.0
2025-03-10 22:20:17,925 [Worker-25: Download sources and javadoc] INFO  o.e.m.c.i.e.AbstractTransferListenerAdapter - Downloading https://repo.maven.apache.org/maven2/org/seleniumhq/selenium/selenium-http/4.10.0/selenium-http-4.10.0-sources.jar
2025-03-10 22:20:18,930 [Worker-25: Download sources and javadoc] INFO  o.e.m.c.i.e.AbstractTransferListenerAdapter - Downloaded https://repo.maven.apache.org/maven2/org/seleniumhq/selenium/selenium-http/4.10.0/selenium-http-4.10.0-sources.jar
2025-03-10 22:20:19,083 [Worker-25: Download sources and javadoc] INFO  o.e.m.j.internal.DownloadSourcesJob - Downloaded sources for org.seleniumhq.selenium:selenium-http:4.10.0
2025-03-10 22:20:19,233 [Worker-25: Download sources and javadoc] INFO  o.e.m.c.i.e.AbstractTransferListenerAdapter - Downloading https://repo.maven.apache.org/maven2/org/seleniumhq/selenium/selenium-ie-driver/4.10.0/selenium-ie-driver-4.10.0-sources.jar
2025-03-10 22:20:19,364 [Worker-25: Download sources and javadoc] INFO  o.e.m.c.i.e.AbstractTransferListenerAdapter - Downloaded https://repo.maven.apache.org/maven2/org/seleniumhq/selenium/selenium-ie-driver/4.10.0/selenium-ie-driver-4.10.0-sources.jar
2025-03-10 22:20:19,611 [Worker-25: Download sources and javadoc] INFO  o.e.m.j.internal.DownloadSourcesJob - Downloaded sources for org.seleniumhq.selenium:selenium-ie-driver:4.10.0
2025-03-10 22:20:19,795 [Worker-25: Download sources and javadoc] INFO  o.e.m.c.i.e.AbstractTransferListenerAdapter - Downloading https://repo.maven.apache.org/maven2/org/seleniumhq/selenium/selenium-remote-driver/4.10.0/selenium-remote-driver-4.10.0-sources.jar
2025-03-10 22:20:21,313 [Worker-25: Download sources and javadoc] INFO  o.e.m.c.i.e.AbstractTransferListenerAdapter - Downloaded https://repo.maven.apache.org/maven2/org/seleniumhq/selenium/selenium-remote-driver/4.10.0/selenium-remote-driver-4.10.0-sources.jar
2025-03-10 22:20:21,838 [Worker-25: Download sources and javadoc] INFO  o.e.m.j.internal.DownloadSourcesJob - Downloaded sources for org.seleniumhq.selenium:selenium-remote-driver:4.10.0
2025-03-10 22:20:22,111 [Worker-25: Download sources and javadoc] INFO  o.e.m.c.i.e.AbstractTransferListenerAdapter - Downloading https://repo.maven.apache.org/maven2/org/seleniumhq/selenium/selenium-safari-driver/4.10.0/selenium-safari-driver-4.10.0-sources.jar
2025-03-10 22:20:23,214 [Worker-25: Download sources and javadoc] INFO  o.e.m.c.i.e.AbstractTransferListenerAdapter - Downloaded https://repo.maven.apache.org/maven2/org/seleniumhq/selenium/selenium-safari-driver/4.10.0/selenium-safari-driver-4.10.0-sources.jar
2025-03-10 22:20:23,389 [Worker-25: Download sources and javadoc] INFO  o.e.m.j.internal.DownloadSourcesJob - Downloaded sources for org.seleniumhq.selenium:selenium-safari-driver:4.10.0
2025-03-10 22:20:23,559 [Worker-25: Download sources and javadoc] INFO  o.e.m.c.i.e.AbstractTransferListenerAdapter - Downloading https://repo.maven.apache.org/maven2/org/seleniumhq/selenium/selenium-support/4.10.0/selenium-support-4.10.0-sources.jar
2025-03-10 22:20:24,322 [Worker-25: Download sources and javadoc] INFO  o.e.m.c.i.e.AbstractTransferListenerAdapter - Downloaded https://repo.maven.apache.org/maven2/org/seleniumhq/selenium/selenium-support/4.10.0/selenium-support-4.10.0-sources.jar
2025-03-10 22:20:24,334 [Worker-25: Download sources and javadoc] INFO  o.e.m.j.internal.DownloadSourcesJob - Downloaded sources for org.seleniumhq.selenium:selenium-support:4.10.0
2025-03-10 22:20:24,525 [Worker-25: Download sources and javadoc] INFO  o.e.m.c.i.e.AbstractTransferListenerAdapter - Downloading https://repo.maven.apache.org/maven2/io/cucumber/cucumber-java/7.11.0/cucumber-java-7.11.0-sources.jar
2025-03-10 22:20:25,955 [Worker-25: Download sources and javadoc] INFO  o.e.m.c.i.e.AbstractTransferListenerAdapter - Downloaded https://repo.maven.apache.org/maven2/io/cucumber/cucumber-java/7.11.0/cucumber-java-7.11.0-sources.jar
2025-03-10 22:20:26,075 [Worker-25: Download sources and javadoc] INFO  o.e.m.j.internal.DownloadSourcesJob - Downloaded sources for io.cucumber:cucumber-java:7.11.0
2025-03-10 22:20:26,252 [Worker-25: Download sources and javadoc] INFO  o.e.m.c.i.e.AbstractTransferListenerAdapter - Downloading https://repo.maven.apache.org/maven2/io/cucumber/cucumber-core/7.11.0/cucumber-core-7.11.0-sources.jar
2025-03-10 22:20:27,214 [Worker-25: Download sources and javadoc] INFO  o.e.m.c.i.e.AbstractTransferListenerAdapter - Downloaded https://repo.maven.apache.org/maven2/io/cucumber/cucumber-core/7.11.0/cucumber-core-7.11.0-sources.jar
2025-03-10 22:20:27,225 [Worker-25: Download sources and javadoc] INFO  o.e.m.j.internal.DownloadSourcesJob - Downloaded sources for io.cucumber:cucumber-core:7.11.0
2025-03-10 22:20:27,402 [Worker-25: Download sources and javadoc] INFO  o.e.m.c.i.e.AbstractTransferListenerAdapter - Downloading https://repo.maven.apache.org/maven2/io/cucumber/cucumber-gherkin/7.11.0/cucumber-gherkin-7.11.0-sources.jar
2025-03-10 22:20:27,469 [Worker-25: Download sources and javadoc] INFO  o.e.m.c.i.e.AbstractTransferListenerAdapter - Downloaded https://repo.maven.apache.org/maven2/io/cucumber/cucumber-gherkin/7.11.0/cucumber-gherkin-7.11.0-sources.jar
2025-03-10 22:20:27,481 [Worker-25: Download sources and javadoc] INFO  o.e.m.j.internal.DownloadSourcesJob - Downloaded sources for io.cucumber:cucumber-gherkin:7.11.0
2025-03-10 22:20:27,625 [Worker-25: Download sources and javadoc] INFO  o.e.m.c.i.e.AbstractTransferListenerAdapter - Downloading https://repo.maven.apache.org/maven2/io/cucumber/cucumber-gherkin-messages/7.11.0/cucumber-gherkin-messages-7.11.0-sources.jar
2025-03-10 22:20:27,699 [Worker-25: Download sources and javadoc] INFO  o.e.m.c.i.e.AbstractTransferListenerAdapter - Downloaded https://repo.maven.apache.org/maven2/io/cucumber/cucumber-gherkin-messages/7.11.0/cucumber-gherkin-messages-7.11.0-sources.jar
2025-03-10 22:20:27,706 [Worker-25: Download sources and javadoc] INFO  o.e.m.j.internal.DownloadSourcesJob - Downloaded sources for io.cucumber:cucumber-gherkin-messages:7.11.0
2025-03-10 22:20:27,884 [Worker-25: Download sources and javadoc] INFO  o.e.m.c.i.e.AbstractTransferListenerAdapter - Downloading https://repo.maven.apache.org/maven2/io/cucumber/gherkin/26.0.3/gherkin-26.0.3-sources.jar
2025-03-10 22:20:28,027 [Worker-25: Download sources and javadoc] INFO  o.e.m.c.i.e.AbstractTransferListenerAdapter - Downloaded https://repo.maven.apache.org/maven2/io/cucumber/gherkin/26.0.3/gherkin-26.0.3-sources.jar
2025-03-10 22:20:28,035 [Worker-25: Download sources and javadoc] INFO  o.e.m.j.internal.DownloadSourcesJob - Downloaded sources for io.cucumber:gherkin:26.0.3
2025-03-10 22:20:28,182 [Worker-25: Download sources and javadoc] INFO  o.e.m.c.i.e.AbstractTransferListenerAdapter - Downloading https://repo.maven.apache.org/maven2/io/cucumber/messages/21.0.1/messages-21.0.1-sources.jar
2025-03-10 22:20:28,447 [Worker-25: Download sources and javadoc] INFO  o.e.m.c.i.e.AbstractTransferListenerAdapter - Downloaded https://repo.maven.apache.org/maven2/io/cucumber/messages/21.0.1/messages-21.0.1-sources.jar
2025-03-10 22:20:28,455 [Worker-25: Download sources and javadoc] INFO  o.e.m.j.internal.DownloadSourcesJob - Downloaded sources for io.cucumber:messages:21.0.1
2025-03-10 22:20:28,562 [Worker-25: Download sources and javadoc] INFO  o.e.m.c.i.e.AbstractTransferListenerAdapter - Downloading https://repo.maven.apache.org/maven2/io/cucumber/datatable/7.11.0/datatable-7.11.0-sources.jar
2025-03-10 22:20:28,747 [Worker-25: Download sources and javadoc] INFO  o.e.m.c.i.e.AbstractTransferListenerAdapter - Downloaded https://repo.maven.apache.org/maven2/io/cucumber/datatable/7.11.0/datatable-7.11.0-sources.jar
2025-03-10 22:20:28,818 [Worker-25: Download sources and javadoc] INFO  o.e.m.j.internal.DownloadSourcesJob - Downloaded sources for io.cucumber:datatable:7.11.0
2025-03-10 22:20:28,942 [Worker-25: Download sources and javadoc] INFO  o.e.m.c.i.e.AbstractTransferListenerAdapter - Downloading https://repo.maven.apache.org/maven2/io/cucumber/cucumber-plugin/7.11.0/cucumber-plugin-7.11.0-sources.jar
2025-03-10 22:20:28,998 [Worker-25: Download sources and javadoc] INFO  o.e.m.c.i.e.AbstractTransferListenerAdapter - Downloaded https://repo.maven.apache.org/maven2/io/cucumber/cucumber-plugin/7.11.0/cucumber-plugin-7.11.0-sources.jar
2025-03-10 22:20:29,009 [Worker-25: Download sources and javadoc] INFO  o.e.m.j.internal.DownloadSourcesJob - Downloaded sources for io.cucumber:cucumber-plugin:7.11.0
2025-03-10 22:20:29,156 [Worker-25: Download sources and javadoc] INFO  o.e.m.c.i.e.AbstractTransferListenerAdapter - Downloading https://repo.maven.apache.org/maven2/io/cucumber/docstring/7.11.0/docstring-7.11.0-sources.jar
2025-03-10 22:20:29,190 [Worker-25: Download sources and javadoc] INFO  o.e.m.c.i.e.AbstractTransferListenerAdapter - Downloaded https://repo.maven.apache.org/maven2/io/cucumber/docstring/7.11.0/docstring-7.11.0-sources.jar
2025-03-10 22:20:29,194 [Worker-25: Download sources and javadoc] INFO  o.e.m.j.internal.DownloadSourcesJob - Downloaded sources for io.cucumber:docstring:7.11.0
2025-03-10 22:20:29,385 [Worker-25: Download sources and javadoc] INFO  o.e.m.c.i.e.AbstractTransferListenerAdapter - Downloading https://repo.maven.apache.org/maven2/io/cucumber/html-formatter/20.2.1/html-formatter-20.2.1-sources.jar
2025-03-10 22:20:29,417 [Worker-25: Download sources and javadoc] INFO  o.e.m.c.i.e.AbstractTransferListenerAdapter - Downloaded https://repo.maven.apache.org/maven2/io/cucumber/html-formatter/20.2.1/html-formatter-20.2.1-sources.jar
2025-03-10 22:20:29,427 [Worker-25: Download sources and javadoc] INFO  o.e.m.j.internal.DownloadSourcesJob - Downloaded sources for io.cucumber:html-formatter:20.2.1
2025-03-10 22:20:29,598 [Worker-25: Download sources and javadoc] INFO  o.e.m.c.i.e.AbstractTransferListenerAdapter - Downloading https://repo.maven.apache.org/maven2/io/cucumber/junit-xml-formatter/0.1.0/junit-xml-formatter-0.1.0-sources.jar
2025-03-10 22:20:29,657 [Worker-25: Download sources and javadoc] INFO  o.e.m.c.i.e.AbstractTransferListenerAdapter - Downloaded https://repo.maven.apache.org/maven2/io/cucumber/junit-xml-formatter/0.1.0/junit-xml-formatter-0.1.0-sources.jar
2025-03-10 22:20:29,712 [Worker-25: Download sources and javadoc] INFO  o.e.m.j.internal.DownloadSourcesJob - Downloaded sources for io.cucumber:junit-xml-formatter:0.1.0
2025-03-10 22:20:29,908 [Worker-25: Download sources and javadoc] INFO  o.e.m.c.i.e.AbstractTransferListenerAdapter - Downloading https://repo.maven.apache.org/maven2/io/cucumber/cucumber-testng/7.11.0/cucumber-testng-7.11.0-sources.jar
2025-03-10 22:20:30,438 [Worker-25: Download sources and javadoc] INFO  o.e.m.c.i.e.AbstractTransferListenerAdapter - Downloaded https://repo.maven.apache.org/maven2/io/cucumber/cucumber-testng/7.11.0/cucumber-testng-7.11.0-sources.jar
2025-03-10 22:20:30,474 [Worker-25: Download sources and javadoc] INFO  o.e.m.j.internal.DownloadSourcesJob - Downloaded sources for io.cucumber:cucumber-testng:7.11.0
2025-03-10 22:20:30,638 [Worker-25: Download sources and javadoc] INFO  o.e.m.c.i.e.AbstractTransferListenerAdapter - Downloading https://repo.maven.apache.org/maven2/tech/grasshopper/extentreports-cucumber7-adapter/1.9.0/extentreports-cucumber7-adapter-1.9.0-sources.jar
2025-03-10 22:20:30,736 [Worker-25: Download sources and javadoc] INFO  o.e.m.c.i.e.AbstractTransferListenerAdapter - Downloaded https://repo.maven.apache.org/maven2/tech/grasshopper/extentreports-cucumber7-adapter/1.9.0/extentreports-cucumber7-adapter-1.9.0-sources.jar
2025-03-10 22:20:30,748 [Worker-25: Download sources and javadoc] INFO  o.e.m.j.internal.DownloadSourcesJob - Downloaded sources for tech.grasshopper:extentreports-cucumber7-adapter:1.9.0
2025-03-10 22:20:31,055 [Worker-25: Download sources and javadoc] INFO  o.e.m.c.i.e.AbstractTransferListenerAdapter - Downloading https://repo.maven.apache.org/maven2/com/aventstack/extentreports/5.0.9/extentreports-5.0.9-sources.jar
2025-03-10 22:20:31,360 [Worker-25: Download sources and javadoc] INFO  o.e.m.c.i.e.AbstractTransferListenerAdapter - Downloaded https://repo.maven.apache.org/maven2/com/aventstack/extentreports/5.0.9/extentreports-5.0.9-sources.jar
2025-03-10 22:20:31,375 [Worker-25: Download sources and javadoc] INFO  o.e.m.j.internal.DownloadSourcesJob - Downloaded sources for com.aventstack:extentreports:5.0.9
2025-03-10 22:20:31,555 [Worker-25: Download sources and javadoc] INFO  o.e.m.c.i.e.AbstractTransferListenerAdapter - Downloading https://repo.maven.apache.org/maven2/io/reactivex/rxjava3/rxjava/3.0.4/rxjava-3.0.4-sources.jar
2025-03-10 22:20:32,068 [Worker-25: Download sources and javadoc] INFO  o.e.m.c.i.e.AbstractTransferListenerAdapter - Downloaded https://repo.maven.apache.org/maven2/io/reactivex/rxjava3/rxjava/3.0.4/rxjava-3.0.4-sources.jar
2025-03-10 22:20:32,088 [Worker-25: Download sources and javadoc] INFO  o.e.m.j.internal.DownloadSourcesJob - Downloaded sources for io.reactivex.rxjava3:rxjava:3.0.4
2025-03-10 22:20:32,226 [Worker-25: Download sources and javadoc] INFO  o.e.m.c.i.e.AbstractTransferListenerAdapter - Downloading https://repo.maven.apache.org/maven2/org/freemarker/freemarker/2.3.30/freemarker-2.3.30-sources.jar
2025-03-10 22:20:32,596 [Worker-25: Download sources and javadoc] INFO  o.e.m.c.i.e.AbstractTransferListenerAdapter - Downloaded https://repo.maven.apache.org/maven2/org/freemarker/freemarker/2.3.30/freemarker-2.3.30-sources.jar
2025-03-10 22:20:32,605 [Worker-25: Download sources and javadoc] INFO  o.e.m.j.internal.DownloadSourcesJob - Downloaded sources for org.freemarker:freemarker:2.3.30
2025-03-10 22:20:32,740 [Worker-25: Download sources and javadoc] INFO  o.e.m.c.i.e.AbstractTransferListenerAdapter - Downloading https://repo.maven.apache.org/maven2/org/projectlombok/lombok/1.18.12/lombok-1.18.12-sources.jar
2025-03-10 22:20:33,142 [Worker-25: Download sources and javadoc] INFO  o.e.m.c.i.e.AbstractTransferListenerAdapter - Downloaded https://repo.maven.apache.org/maven2/org/projectlombok/lombok/1.18.12/lombok-1.18.12-sources.jar
2025-03-10 22:20:33,158 [Worker-25: Download sources and javadoc] INFO  o.e.m.j.internal.DownloadSourcesJob - Downloaded sources for org.projectlombok:lombok:1.18.12
2025-03-10 22:20:33,508 [Worker-25: Download sources and javadoc] INFO  o.e.m.c.i.e.AbstractTransferListenerAdapter - Downloading https://repo.maven.apache.org/maven2/tech/grasshopper/extent-pdf-report/2.9.0/extent-pdf-report-2.9.0-sources.jar
2025-03-10 22:20:33,964 [Worker-25: Download sources and javadoc] INFO  o.e.m.c.i.e.AbstractTransferListenerAdapter - Downloaded https://repo.maven.apache.org/maven2/tech/grasshopper/extent-pdf-report/2.9.0/extent-pdf-report-2.9.0-sources.jar
2025-03-10 22:20:34,018 [Worker-25: Download sources and javadoc] INFO  o.e.m.j.internal.DownloadSourcesJob - Downloaded sources for tech.grasshopper:extent-pdf-report:2.9.0
2025-03-10 22:20:34,137 [Worker-25: Download sources and javadoc] INFO  o.e.m.c.i.e.AbstractTransferListenerAdapter - Downloading https://repo.maven.apache.org/maven2/tech/grasshopper/cucumber-pdf-report/2.11.0/cucumber-pdf-report-2.11.0-sources.jar
2025-03-10 22:20:34,491 [Worker-25: Download sources and javadoc] INFO  o.e.m.c.i.e.AbstractTransferListenerAdapter - Downloaded https://repo.maven.apache.org/maven2/tech/grasshopper/cucumber-pdf-report/2.11.0/cucumber-pdf-report-2.11.0-sources.jar
2025-03-10 22:20:34,508 [Worker-25: Download sources and javadoc] INFO  o.e.m.j.internal.DownloadSourcesJob - Downloaded sources for tech.grasshopper:cucumber-pdf-report:2.11.0
2025-03-10 22:20:34,674 [Worker-25: Download sources and javadoc] INFO  o.e.m.c.i.e.AbstractTransferListenerAdapter - Downloading https://repo.maven.apache.org/maven2/org/apache/pdfbox/pdfbox/2.0.26/pdfbox-2.0.26-sources.jar
2025-03-10 22:20:35,529 [Worker-25: Download sources and javadoc] INFO  o.e.m.c.i.e.AbstractTransferListenerAdapter - Downloaded https://repo.maven.apache.org/maven2/org/apache/pdfbox/pdfbox/2.0.26/pdfbox-2.0.26-sources.jar
2025-03-10 22:20:35,542 [Worker-25: Download sources and javadoc] INFO  o.e.m.j.internal.DownloadSourcesJob - Downloaded sources for org.apache.pdfbox:pdfbox:2.0.26
2025-03-10 22:20:35,894 [Worker-25: Download sources and javadoc] INFO  o.e.m.c.i.e.AbstractTransferListenerAdapter - Downloading https://repo.maven.apache.org/maven2/org/apache/pdfbox/fontbox/2.0.26/fontbox-2.0.26-sources.jar
2025-03-10 22:20:36,490 [Worker-25: Download sources and javadoc] INFO  o.e.m.c.i.e.AbstractTransferListenerAdapter - Downloaded https://repo.maven.apache.org/maven2/org/apache/pdfbox/fontbox/2.0.26/fontbox-2.0.26-sources.jar
2025-03-10 22:20:36,508 [Worker-25: Download sources and javadoc] INFO  o.e.m.j.internal.DownloadSourcesJob - Downloaded sources for org.apache.pdfbox:fontbox:2.0.26
2025-03-10 22:20:36,725 [Worker-25: Download sources and javadoc] INFO  o.e.m.c.i.e.AbstractTransferListenerAdapter - Downloading https://repo.maven.apache.org/maven2/org/knowm/xchart/xchart/3.8.0/xchart-3.8.0-sources.jar
2025-03-10 22:20:37,531 [Worker-25: Download sources and javadoc] INFO  o.e.m.c.i.e.AbstractTransferListenerAdapter - Downloaded https://repo.maven.apache.org/maven2/org/knowm/xchart/xchart/3.8.0/xchart-3.8.0-sources.jar
2025-03-10 22:20:37,629 [Worker-25: Download sources and javadoc] INFO  o.e.m.j.internal.DownloadSourcesJob - Downloaded sources for org.knowm.xchart:xchart:3.8.0
2025-03-10 22:20:37,819 [Worker-25: Download sources and javadoc] INFO  o.e.m.c.i.e.AbstractTransferListenerAdapter - Downloading https://repo.maven.apache.org/maven2/de/erichseifert/vectorgraphics2d/VectorGraphics2D/0.13/VectorGraphics2D-0.13-sources.jar
2025-03-10 22:20:38,243 [Worker-25: Download sources and javadoc] INFO  o.e.m.c.i.e.AbstractTransferListenerAdapter - Downloaded https://repo.maven.apache.org/maven2/de/erichseifert/vectorgraphics2d/VectorGraphics2D/0.13/VectorGraphics2D-0.13-sources.jar
2025-03-10 22:20:38,282 [Worker-25: Download sources and javadoc] INFO  o.e.m.j.internal.DownloadSourcesJob - Downloaded sources for de.erichseifert.vectorgraphics2d:VectorGraphics2D:0.13
2025-03-10 22:20:38,548 [Worker-25: Download sources and javadoc] INFO  o.e.m.c.i.e.AbstractTransferListenerAdapter - Downloading https://repo.maven.apache.org/maven2/de/rototor/pdfbox/graphics2d/0.30/graphics2d-0.30-sources.jar
2025-03-10 22:20:38,819 [Worker-25: Download sources and javadoc] INFO  o.e.m.c.i.e.AbstractTransferListenerAdapter - Downloaded https://repo.maven.apache.org/maven2/de/rototor/pdfbox/graphics2d/0.30/graphics2d-0.30-sources.jar
2025-03-10 22:20:38,854 [Worker-25: Download sources and javadoc] INFO  o.e.m.j.internal.DownloadSourcesJob - Downloaded sources for de.rototor.pdfbox:graphics2d:0.30
2025-03-10 22:20:39,015 [Worker-25: Download sources and javadoc] INFO  o.e.m.c.i.e.AbstractTransferListenerAdapter - Downloading https://repo.maven.apache.org/maven2/com/madgag/animated-gif-lib/1.4/animated-gif-lib-1.4-sources.jar
2025-03-10 22:20:39,102 [Worker-25: Download sources and javadoc] INFO  o.e.m.c.i.e.AbstractTransferListenerAdapter - Downloaded https://repo.maven.apache.org/maven2/com/madgag/animated-gif-lib/1.4/animated-gif-lib-1.4-sources.jar
2025-03-10 22:20:39,114 [Worker-25: Download sources and javadoc] INFO  o.e.m.j.internal.DownloadSourcesJob - Downloaded sources for com.madgag:animated-gif-lib:1.4
2025-03-10 22:20:39,265 [Worker-25: Download sources and javadoc] INFO  o.e.m.c.i.e.AbstractTransferListenerAdapter - Downloading https://repo.maven.apache.org/maven2/org/yaml/snakeyaml/1.28/snakeyaml-1.28-sources.jar
2025-03-10 22:20:40,382 [Worker-25: Download sources and javadoc] INFO  o.e.m.c.i.e.AbstractTransferListenerAdapter - Downloaded https://repo.maven.apache.org/maven2/org/yaml/snakeyaml/1.28/snakeyaml-1.28-sources.jar
2025-03-10 22:20:40,400 [Worker-25: Download sources and javadoc] INFO  o.e.m.j.internal.DownloadSourcesJob - Downloaded sources for org.yaml:snakeyaml:1.28
2025-03-10 22:20:40,582 [Worker-25: Download sources and javadoc] INFO  o.e.m.c.i.e.AbstractTransferListenerAdapter - Downloading https://repo.maven.apache.org/maven2/tech/grasshopper/table-layout/1.5.1/table-layout-1.5.1-sources.jar
2025-03-10 22:20:41,087 [Worker-25: Download sources and javadoc] INFO  o.e.m.c.i.e.AbstractTransferListenerAdapter - Downloaded https://repo.maven.apache.org/maven2/tech/grasshopper/table-layout/1.5.1/table-layout-1.5.1-sources.jar
2025-03-10 22:20:41,115 [Worker-25: Download sources and javadoc] INFO  o.e.m.j.internal.DownloadSourcesJob - Downloaded sources for tech.grasshopper:table-layout:1.5.1
2025-03-10 22:20:41,307 [Worker-25: Download sources and javadoc] INFO  o.e.m.c.i.e.AbstractTransferListenerAdapter - Downloading https://repo.maven.apache.org/maven2/tech/grasshopper/rest-assured-cucumber-pdf-report/1.4.1/rest-assured-cucumber-pdf-report-1.4.1-sources.jar
2025-03-10 22:20:41,430 [Worker-25: Download sources and javadoc] INFO  o.e.m.c.i.e.AbstractTransferListenerAdapter - Downloaded https://repo.maven.apache.org/maven2/tech/grasshopper/rest-assured-cucumber-pdf-report/1.4.1/rest-assured-cucumber-pdf-report-1.4.1-sources.jar
2025-03-10 22:20:41,453 [Worker-25: Download sources and javadoc] INFO  o.e.m.j.internal.DownloadSourcesJob - Downloaded sources for tech.grasshopper:rest-assured-cucumber-pdf-report:1.4.1
2025-03-10 22:20:41,621 [Worker-25: Download sources and javadoc] INFO  o.e.m.c.i.e.AbstractTransferListenerAdapter - Downloading https://repo.maven.apache.org/maven2/org/jsoup/jsoup/1.14.3/jsoup-1.14.3-sources.jar
2025-03-10 22:20:42,563 [Worker-25: Download sources and javadoc] INFO  o.e.m.c.i.e.AbstractTransferListenerAdapter - Downloaded https://repo.maven.apache.org/maven2/org/jsoup/jsoup/1.14.3/jsoup-1.14.3-sources.jar
2025-03-10 22:20:42,581 [Worker-25: Download sources and javadoc] INFO  o.e.m.j.internal.DownloadSourcesJob - Downloaded sources for org.jsoup:jsoup:1.14.3
2025-03-10 22:20:42,736 [Worker-25: Download sources and javadoc] INFO  o.e.m.c.i.e.AbstractTransferListenerAdapter - Downloading https://repo.maven.apache.org/maven2/com/aventstack/klov-reporter/5.0.9/klov-reporter-5.0.9-sources.jar
2025-03-10 22:20:42,867 [Worker-25: Download sources and javadoc] INFO  o.e.m.c.i.e.AbstractTransferListenerAdapter - Downloaded https://repo.maven.apache.org/maven2/com/aventstack/klov-reporter/5.0.9/klov-reporter-5.0.9-sources.jar
2025-03-10 22:20:42,881 [Worker-25: Download sources and javadoc] INFO  o.e.m.j.internal.DownloadSourcesJob - Downloaded sources for com.aventstack:klov-reporter:5.0.9
2025-03-10 22:20:43,064 [Worker-25: Download sources and javadoc] INFO  o.e.m.c.i.e.AbstractTransferListenerAdapter - Downloading https://repo.maven.apache.org/maven2/org/mongodb/mongodb-driver/3.6.4/mongodb-driver-3.6.4-sources.jar
2025-03-10 22:20:45,652 [Worker-25: Download sources and javadoc] INFO  o.e.m.c.i.e.AbstractTransferListenerAdapter - Downloaded https://repo.maven.apache.org/maven2/org/mongodb/mongodb-driver/3.6.4/mongodb-driver-3.6.4-sources.jar
2025-03-10 22:20:45,722 [Worker-25: Download sources and javadoc] INFO  o.e.m.j.internal.DownloadSourcesJob - Downloaded sources for org.mongodb:mongodb-driver:3.6.4
2025-03-10 22:20:46,019 [Worker-25: Download sources and javadoc] INFO  o.e.m.c.i.e.AbstractTransferListenerAdapter - Downloading https://repo.maven.apache.org/maven2/org/mongodb/mongodb-driver-core/3.6.4/mongodb-driver-core-3.6.4-sources.jar
2025-03-10 22:20:46,449 [Worker-25: Download sources and javadoc] INFO  o.e.m.c.i.e.AbstractTransferListenerAdapter - Downloaded https://repo.maven.apache.org/maven2/org/mongodb/mongodb-driver-core/3.6.4/mongodb-driver-core-3.6.4-sources.jar
2025-03-10 22:20:46,525 [Worker-25: Download sources and javadoc] INFO  o.e.m.j.internal.DownloadSourcesJob - Downloaded sources for org.mongodb:mongodb-driver-core:3.6.4
2025-03-10 22:20:46,698 [Worker-25: Download sources and javadoc] INFO  o.e.m.c.i.e.AbstractTransferListenerAdapter - Downloading https://repo.maven.apache.org/maven2/org/mongodb/bson/3.6.4/bson-3.6.4-sources.jar
2025-03-10 22:20:48,588 [Worker-25: Download sources and javadoc] INFO  o.e.m.c.i.e.AbstractTransferListenerAdapter - Downloaded https://repo.maven.apache.org/maven2/org/mongodb/bson/3.6.4/bson-3.6.4-sources.jar
2025-03-10 22:20:48,607 [Worker-25: Download sources and javadoc] INFO  o.e.m.j.internal.DownloadSourcesJob - Downloaded sources for org.mongodb:bson:3.6.4
2025-03-10 22:20:48,803 [Worker-25: Download sources and javadoc] INFO  o.e.m.c.i.e.AbstractTransferListenerAdapter - Downloading https://repo.maven.apache.org/maven2/org/apache/httpcomponents/httpclient/4.5.13/httpclient-4.5.13-sources.jar
2025-03-10 22:20:49,407 [Worker-25: Download sources and javadoc] INFO  o.e.m.c.i.e.AbstractTransferListenerAdapter - Downloaded https://repo.maven.apache.org/maven2/org/apache/httpcomponents/httpclient/4.5.13/httpclient-4.5.13-sources.jar
2025-03-10 22:20:49,430 [Worker-25: Download sources and javadoc] INFO  o.e.m.j.internal.DownloadSourcesJob - Downloaded sources for org.apache.httpcomponents:httpclient:4.5.13
2025-03-10 22:20:49,578 [Worker-25: Download sources and javadoc] INFO  o.e.m.c.i.e.AbstractTransferListenerAdapter - Downloading https://repo.maven.apache.org/maven2/org/apache/httpcomponents/httpcore/4.4.13/httpcore-4.4.13-sources.jar
2025-03-10 22:20:50,855 [Worker-25: Download sources and javadoc] INFO  o.e.m.c.i.e.AbstractTransferListenerAdapter - Downloaded https://repo.maven.apache.org/maven2/org/apache/httpcomponents/httpcore/4.4.13/httpcore-4.4.13-sources.jar
2025-03-10 22:20:50,859 [Worker-25: Download sources and javadoc] INFO  o.e.m.j.internal.DownloadSourcesJob - Downloaded sources for org.apache.httpcomponents:httpcore:4.4.13
2025-03-10 22:20:51,063 [Worker-25: Download sources and javadoc] INFO  o.e.m.c.i.e.AbstractTransferListenerAdapter - Downloading https://repo.maven.apache.org/maven2/org/apache/httpcomponents/httpmime/4.5.13/httpmime-4.5.13-sources.jar
2025-03-10 22:20:51,251 [Worker-25: Download sources and javadoc] INFO  o.e.m.c.i.e.AbstractTransferListenerAdapter - Downloaded https://repo.maven.apache.org/maven2/org/apache/httpcomponents/httpmime/4.5.13/httpmime-4.5.13-sources.jar
2025-03-10 22:20:51,361 [Worker-25: Download sources and javadoc] INFO  o.e.m.j.internal.DownloadSourcesJob - Downloaded sources for org.apache.httpcomponents:httpmime:4.5.13
2025-03-10 22:20:51,582 [Worker-25: Download sources and javadoc] INFO  o.e.m.c.i.e.AbstractTransferListenerAdapter - Downloading https://repo.maven.apache.org/maven2/tech/grasshopper/htmlextentreporter/1.0.1/htmlextentreporter-1.0.1-sources.jar
2025-03-10 22:20:51,935 [Worker-25: Download sources and javadoc] INFO  o.e.m.c.i.e.AbstractTransferListenerAdapter - Downloaded https://repo.maven.apache.org/maven2/tech/grasshopper/htmlextentreporter/1.0.1/htmlextentreporter-1.0.1-sources.jar
2025-03-10 22:20:51,948 [Worker-25: Download sources and javadoc] INFO  o.e.m.j.internal.DownloadSourcesJob - Downloaded sources for tech.grasshopper:htmlextentreporter:1.0.1
2025-03-10 22:20:52,162 [Worker-25: Download sources and javadoc] INFO  o.e.m.c.i.e.AbstractTransferListenerAdapter - Downloading https://repo.maven.apache.org/maven2/commons-io/commons-io/2.8.0/commons-io-2.8.0-sources.jar
2025-03-10 22:20:54,941 [Worker-25: Download sources and javadoc] INFO  o.e.m.c.i.e.AbstractTransferListenerAdapter - Downloaded https://repo.maven.apache.org/maven2/commons-io/commons-io/2.8.0/commons-io-2.8.0-sources.jar
2025-03-10 22:20:54,950 [Worker-25: Download sources and javadoc] INFO  o.e.m.j.internal.DownloadSourcesJob - Downloaded sources for commons-io:commons-io:2.8.0
2025-03-10 22:21:26,907 [Worker-19: Building] INFO  o.a.m.s.f.DefaultMavenResourcesFiltering - skip non existing resourceDirectory C:\Users\ADMIN\eclipse-workspace\Practo\src\main\resources
2025-03-10 22:21:26,914 [Worker-19: Building] INFO  o.a.m.s.f.DefaultMavenResourcesFiltering - skip non existing resourceDirectory C:\Users\ADMIN\eclipse-workspace\Practo\src\test\resources
2025-03-10 22:23:21,547 [Worker-1: Loading available Gradle versions] INFO  o.e.b.c.i.u.g.PublishedGradleVersions - Gradle version information cache is out-of-date. Trying to update.
2025-03-10 22:49:41,011 [Worker-13: Building] INFO  o.a.m.s.f.DefaultMavenResourcesFiltering - skip non existing resourceDirectory C:\Users\ADMIN\eclipse-workspace\Practo\src\main\resources
2025-03-10 22:49:41,102 [Worker-13: Building] INFO  o.a.m.s.f.DefaultMavenResourcesFiltering - skip non existing resourceDirectory C:\Users\ADMIN\eclipse-workspace\Practo\src\test\resources
2025-03-10 22:49:44,007 [Worker-17: Building] INFO  o.a.m.s.f.DefaultMavenResourcesFiltering - skip non existing resourceDirectory C:\Users\ADMIN\eclipse-workspace\Practo\src\main\resources
2025-03-10 22:49:44,013 [Worker-17: Building] INFO  o.a.m.s.f.DefaultMavenResourcesFiltering - skip non existing resourceDirectory C:\Users\ADMIN\eclipse-workspace\Practo\src\test\resources
2025-03-10 22:50:45,842 [Worker-17: Building] INFO  o.a.m.s.f.DefaultMavenResourcesFiltering - skip non existing resourceDirectory C:\Users\ADMIN\eclipse-workspace\Practo\src\main\resources
2025-03-10 22:50:45,848 [Worker-17: Building] INFO  o.a.m.s.f.DefaultMavenResourcesFiltering - skip non existing resourceDirectory C:\Users\ADMIN\eclipse-workspace\Practo\src\test\resources
2025-03-10 22:55:48,272 [Worker-15: Building] INFO  o.a.m.s.f.DefaultMavenResourcesFiltering - skip non existing resourceDirectory C:\Users\ADMIN\eclipse-workspace\Practo\src\main\resources
2025-03-10 22:55:48,277 [Worker-15: Building] INFO  o.a.m.s.f.DefaultMavenResourcesFiltering - skip non existing resourceDirectory C:\Users\ADMIN\eclipse-workspace\Practo\src\test\resources
2025-03-10 22:56:40,308 [Worker-15: Building] INFO  o.a.m.s.f.DefaultMavenResourcesFiltering - skip non existing resourceDirectory C:\Users\ADMIN\eclipse-workspace\Practo\src\main\resources
2025-03-10 22:56:40,315 [Worker-15: Building] INFO  o.a.m.s.f.DefaultMavenResourcesFiltering - skip non existing resourceDirectory C:\Users\ADMIN\eclipse-workspace\Practo\src\test\resources
2025-03-10 22:59:58,284 [Worker-19: Building] INFO  o.a.m.s.f.DefaultMavenResourcesFiltering - skip non existing resourceDirectory C:\Users\ADMIN\eclipse-workspace\Practo\src\main\resources
2025-03-10 22:59:58,288 [Worker-19: Building] INFO  o.a.m.s.f.DefaultMavenResourcesFiltering - skip non existing resourceDirectory C:\Users\ADMIN\eclipse-workspace\Practo\src\test\resources
2025-03-10 23:05:29,946 [Worker-23: Building] INFO  o.a.m.s.f.DefaultMavenResourcesFiltering - skip non existing resourceDirectory C:\Users\ADMIN\eclipse-workspace\Practo\src\main\resources
2025-03-10 23:05:29,951 [Worker-23: Building] INFO  o.a.m.s.f.DefaultMavenResourcesFiltering - skip non existing resourceDirectory C:\Users\ADMIN\eclipse-workspace\Practo\src\test\resources
2025-03-10 23:06:13,943 [Worker-20: Building] INFO  o.a.m.s.f.DefaultMavenResourcesFiltering - skip non existing resourceDirectory C:\Users\ADMIN\eclipse-workspace\Practo\src\main\resources
2025-03-10 23:06:13,947 [Worker-20: Building] INFO  o.a.m.s.f.DefaultMavenResourcesFiltering - skip non existing resourceDirectory C:\Users\ADMIN\eclipse-workspace\Practo\src\test\resources
2025-03-10 23:12:23,684 [Worker-23: Building] INFO  o.a.m.s.f.DefaultMavenResourcesFiltering - skip non existing resourceDirectory C:\Users\ADMIN\eclipse-workspace\Practo\src\main\resources
2025-03-10 23:12:23,690 [Worker-23: Building] INFO  o.a.m.s.f.DefaultMavenResourcesFiltering - skip non existing resourceDirectory C:\Users\ADMIN\eclipse-workspace\Practo\src\test\resources
2025-03-14 17:39:24,738 [Worker-0: Loading available Gradle versions] INFO  o.e.b.c.i.u.g.PublishedGradleVersions - Gradle version information cache is out-of-date. Trying to update.
2025-03-14 17:44:05,245 [Worker-15: Building] INFO  o.e.m.c.i.e.AbstractTransferListenerAdapter - Downloading https://repo.maven.apache.org/maven2/io/cucumber/messages/maven-metadata.xml
2025-03-14 17:44:05,270 [Worker-15: Building] INFO  o.e.m.c.i.e.AbstractTransferListenerAdapter - Downloaded https://repo.maven.apache.org/maven2/io/cucumber/messages/maven-metadata.xml
2025-03-14 17:44:07,425 [Worker-15: Building] INFO  o.a.m.s.f.DefaultMavenResourcesFiltering - skip non existing resourceDirectory C:\Users\ADMIN\eclipse-workspace\Practo\src\main\resources
2025-03-14 17:44:07,434 [Worker-15: Building] INFO  o.a.m.s.f.DefaultMavenResourcesFiltering - skip non existing resourceDirectory C:\Users\ADMIN\eclipse-workspace\Practo\src\test\resources
2025-03-15 01:00:12,378 [Worker-23: Building] INFO  o.a.m.s.f.DefaultMavenResourcesFiltering - skip non existing resourceDirectory C:\Users\ADMIN\eclipse-workspace\Practo\src\main\resources
2025-03-15 01:00:12,394 [Worker-23: Building] INFO  o.a.m.s.f.DefaultMavenResourcesFiltering - skip non existing resourceDirectory C:\Users\ADMIN\eclipse-workspace\Practo\src\test\resources
2025-03-17 10:56:51,131 [Worker-0: Loading available Gradle versions] INFO  o.e.b.c.i.u.g.PublishedGradleVersions - Gradle version information cache is out-of-date. Trying to update.
2025-03-17 11:00:33,768 [Worker-12: Building] INFO  o.e.m.c.i.e.AbstractTransferListenerAdapter - Downloading https://repo.maven.apache.org/maven2/io/cucumber/messages/maven-metadata.xml
2025-03-17 11:00:33,792 [Worker-12: Building] INFO  o.e.m.c.i.e.AbstractTransferListenerAdapter - Downloaded https://repo.maven.apache.org/maven2/io/cucumber/messages/maven-metadata.xml
2025-03-17 11:00:35,575 [Worker-12: Building] INFO  o.a.m.s.f.DefaultMavenResourcesFiltering - skip non existing resourceDirectory C:\Users\ADMIN\eclipse-workspace\Practo\src\main\resources
2025-03-17 11:00:35,583 [Worker-12: Building] INFO  o.a.m.s.f.DefaultMavenResourcesFiltering - skip non existing resourceDirectory C:\Users\ADMIN\eclipse-workspace\Practo\src\test\resources
2025-03-17 11:07:53,932 [Worker-12: Building] INFO  o.a.m.s.f.DefaultMavenResourcesFiltering - skip non existing resourceDirectory C:\Users\ADMIN\eclipse-workspace\Practo\src\main\resources
2025-03-17 11:07:53,937 [Worker-12: Building] INFO  o.a.m.s.f.DefaultMavenResourcesFiltering - skip non existing resourceDirectory C:\Users\ADMIN\eclipse-workspace\Practo\src\test\resources
2025-03-17 11:08:03,723 [Worker-15: Building] INFO  o.a.m.s.f.DefaultMavenResourcesFiltering - skip non existing resourceDirectory C:\Users\ADMIN\eclipse-workspace\Practo\src\main\resources
2025-03-17 11:08:03,732 [Worker-15: Building] INFO  o.a.m.s.f.DefaultMavenResourcesFiltering - skip non existing resourceDirectory C:\Users\ADMIN\eclipse-workspace\Practo\src\test\resources
2025-03-17 11:12:42,514 [Worker-12: Building] INFO  o.a.m.s.f.DefaultMavenResourcesFiltering - skip non existing resourceDirectory C:\Users\ADMIN\eclipse-workspace\Practo\src\main\resources
2025-03-17 11:12:42,518 [Worker-12: Building] INFO  o.a.m.s.f.DefaultMavenResourcesFiltering - skip non existing resourceDirectory C:\Users\ADMIN\eclipse-workspace\Practo\src\test\resources
2025-07-24 22:31:00,672 [Worker-0: Loading available Gradle versions] INFO  o.e.b.c.i.u.g.PublishedGradleVersions - Gradle version information cache is out-of-date. Trying to update.
2025-07-24 22:32:22,828 [Worker-11: Launching PractoTestngRunner] INFO  o.e.m.c.i.e.AbstractTransferListenerAdapter - Downloading https://repo.maven.apache.org/maven2/io/cucumber/messages/maven-metadata.xml
2025-07-24 22:32:22,907 [Worker-11: Launching PractoTestngRunner] INFO  o.e.m.c.i.e.AbstractTransferListenerAdapter - Downloaded https://repo.maven.apache.org/maven2/io/cucumber/messages/maven-metadata.xml
2025-07-29 23:53:48,118 [Worker-0: Loading available Gradle versions] INFO  o.e.b.c.i.u.g.PublishedGradleVersions - Gradle version information cache is out-of-date. Trying to update.
2025-07-29 23:53:56,965 [Worker-5: Building] INFO  o.e.m.c.i.e.AbstractTransferListenerAdapter - Downloading https://repo.maven.apache.org/maven2/io/cucumber/messages/maven-metadata.xml
2025-07-29 23:53:56,995 [Worker-5: Building] INFO  o.e.m.c.i.e.AbstractTransferListenerAdapter - Downloaded https://repo.maven.apache.org/maven2/io/cucumber/messages/maven-metadata.xml
2025-07-29 23:54:05,808 [main] ERROR o.e.m2e.editor.pom.MavenPomEditor - Cannot determine URI for '/Netmeds/pom.xml'.
org.eclipse.ui.PartInitException: Cannot determine URI for '/Netmeds/pom.xml'.
	at org.eclipse.ui.texteditor.AbstractTextEditor.internalInit(AbstractTextEditor.java:3203)
	at org.eclipse.ui.texteditor.AbstractTextEditor.init(AbstractTextEditor.java:3214)
	at org.eclipse.ui.part.MultiPageEditorPart.addPage(MultiPageEditorPart.java:250)
	at org.eclipse.ui.forms.editor.FormEditor.addPage(FormEditor.java:331)
	at org.eclipse.ui.part.MultiPageEditorPart.addPage(MultiPageEditorPart.java:229)
	at org.eclipse.ui.forms.editor.FormEditor.addPage(FormEditor.java:313)
	at org.eclipse.m2e.editor.pom.MavenPomEditor.addFallbackEditors(MavenPomEditor.java:361)
	at org.eclipse.m2e.editor.pom.MavenPomEditor.addPages(MavenPomEditor.java:337)
	at org.eclipse.ui.forms.editor.FormEditor.createPages(FormEditor.java:143)
	at org.eclipse.ui.part.MultiPageEditorPart.createPartControl(MultiPageEditorPart.java:381)
	at org.eclipse.ui.internal.e4.compatibility.CompatibilityPart.createPartControl(CompatibilityPart.java:160)
	at org.eclipse.ui.internal.e4.compatibility.CompatibilityEditor.createPartControl(CompatibilityEditor.java:96)
	at org.eclipse.ui.internal.e4.compatibility.CompatibilityPart.create(CompatibilityPart.java:367)
	at java.base/jdk.internal.reflect.DirectMethodHandleAccessor.invoke(DirectMethodHandleAccessor.java:103)
	at java.base/java.lang.reflect.Method.invoke(Method.java:580)
	at org.eclipse.e4.core.internal.di.MethodRequestor.execute(MethodRequestor.java:56)
	at org.eclipse.e4.core.internal.di.InjectorImpl.processAnnotated(InjectorImpl.java:977)
	at org.eclipse.e4.core.internal.di.InjectorImpl.processAnnotated(InjectorImpl.java:939)
	at org.eclipse.e4.core.internal.di.InjectorImpl.internalInject(InjectorImpl.java:139)
	at org.eclipse.e4.core.internal.di.InjectorImpl.internalMake(InjectorImpl.java:386)
	at org.eclipse.e4.core.internal.di.InjectorImpl.make(InjectorImpl.java:312)
	at org.eclipse.e4.core.contexts.ContextInjectionFactory.make(ContextInjectionFactory.java:203)
	at org.eclipse.e4.ui.internal.workbench.ReflectionContributionFactory.createFromBundle(ReflectionContributionFactory.java:90)
	at org.eclipse.e4.ui.internal.workbench.ReflectionContributionFactory.doCreate(ReflectionContributionFactory.java:59)
	at org.eclipse.e4.ui.internal.workbench.ReflectionContributionFactory.create(ReflectionContributionFactory.java:42)
	at org.eclipse.ui.internal.WorkbenchContributionFactory.create(WorkbenchContributionFactory.java:46)
	at org.eclipse.e4.ui.workbench.renderers.swt.ContributedPartRenderer.createWidget(ContributedPartRenderer.java:134)
	at org.eclipse.e4.ui.internal.workbench.swt.PartRenderingEngine.createWidget(PartRenderingEngine.java:991)
	at org.eclipse.e4.ui.internal.workbench.swt.PartRenderingEngine.safeCreateGui(PartRenderingEngine.java:658)
	at org.eclipse.e4.ui.internal.workbench.swt.PartRenderingEngine.safeCreateGui(PartRenderingEngine.java:762)
	at org.eclipse.e4.ui.internal.workbench.swt.PartRenderingEngine$2.run(PartRenderingEngine.java:727)
	at org.eclipse.core.runtime.SafeRunner.run(SafeRunner.java:47)
	at org.eclipse.e4.ui.internal.workbench.swt.PartRenderingEngine.createGui(PartRenderingEngine.java:711)
	at org.eclipse.e4.ui.internal.workbench.PartServiceImpl.lambda$0(PartServiceImpl.java:105)
	at org.eclipse.e4.ui.services.internal.events.UIEventHandler.lambda$0(UIEventHandler.java:38)
	at org.eclipse.swt.widgets.Synchronizer.syncExec(Synchronizer.java:183)
	at org.eclipse.ui.internal.UISynchronizer.syncExec(UISynchronizer.java:133)
	at org.eclipse.swt.widgets.Display.syncExec(Display.java:4870)
	at org.eclipse.e4.ui.workbench.swt.DisplayUISynchronize.syncExec(DisplayUISynchronize.java:34)
	at org.eclipse.e4.ui.services.internal.events.UIEventHandler.handleEvent(UIEventHandler.java:38)
	at org.eclipse.equinox.internal.event.EventHandlerWrapper.handleEvent(EventHandlerWrapper.java:206)
	at org.eclipse.equinox.internal.event.EventHandlerTracker.dispatchEvent(EventHandlerTracker.java:201)
	at org.eclipse.equinox.internal.event.EventHandlerTracker.dispatchEvent(EventHandlerTracker.java:1)
	at org.eclipse.osgi.framework.eventmgr.EventManager.dispatchEvent(EventManager.java:230)
	at org.eclipse.osgi.framework.eventmgr.ListenerQueue.dispatchEventSynchronous(ListenerQueue.java:151)
	at org.eclipse.equinox.internal.event.EventAdminImpl.dispatchEvent(EventAdminImpl.java:132)
	at org.eclipse.equinox.internal.event.EventAdminImpl.sendEvent(EventAdminImpl.java:73)
	at org.eclipse.equinox.internal.event.EventComponent.sendEvent(EventComponent.java:48)
	at org.eclipse.e4.ui.services.internal.events.EventBroker.send(EventBroker.java:55)
	at org.eclipse.e4.ui.internal.workbench.UIEventPublisher.notifyChanged(UIEventPublisher.java:60)
	at org.eclipse.emf.common.notify.impl.BasicNotifierImpl.eNotify(BasicNotifierImpl.java:424)
	at org.eclipse.e4.ui.model.application.ui.impl.ElementContainerImpl.setSelectedElementGen(ElementContainerImpl.java:168)
	at org.eclipse.e4.ui.model.application.ui.impl.ElementContainerImpl.setSelectedElement(ElementContainerImpl.java:187)
	at org.eclipse.e4.ui.internal.workbench.PartServiceImpl.hidePart(PartServiceImpl.java:1391)
	at org.eclipse.e4.ui.internal.workbench.PartServiceImpl.hidePart(PartServiceImpl.java:1341)
	at org.eclipse.e4.ui.workbench.renderers.swt.StackRenderer.closePart(StackRenderer.java:1362)
	at org.eclipse.e4.ui.workbench.renderers.swt.StackRenderer$3.close(StackRenderer.java:1227)
	at org.eclipse.swt.custom.CTabFolder.onMouse(CTabFolder.java:1982)
	at org.eclipse.swt.custom.CTabFolder.lambda$0(CTabFolder.java:337)
	at org.eclipse.swt.widgets.EventTable.sendEvent(EventTable.java:91)
	at org.eclipse.swt.widgets.Display.sendEvent(Display.java:4338)
	at org.eclipse.swt.widgets.Widget.sendEvent(Widget.java:1214)
	at org.eclipse.swt.widgets.Display.runDeferredEvents(Display.java:4136)
	at org.eclipse.swt.widgets.Display.readAndDispatch(Display.java:3724)
	at org.eclipse.e4.ui.internal.workbench.swt.PartRenderingEngine$5.run(PartRenderingEngine.java:1151)
	at org.eclipse.core.databinding.observable.Realm.runWithDefault(Realm.java:339)
	at org.eclipse.e4.ui.internal.workbench.swt.PartRenderingEngine.run(PartRenderingEngine.java:1042)
	at org.eclipse.e4.ui.internal.workbench.E4Workbench.createAndRunUI(E4Workbench.java:153)
	at org.eclipse.ui.internal.Workbench.lambda$3(Workbench.java:678)
	at org.eclipse.core.databinding.observable.Realm.runWithDefault(Realm.java:339)
	at org.eclipse.ui.internal.Workbench.createAndRunWorkbench(Workbench.java:583)
	at org.eclipse.ui.PlatformUI.createAndRunWorkbench(PlatformUI.java:173)
	at org.eclipse.ui.internal.ide.application.IDEApplication.start(IDEApplication.java:185)
	at org.eclipse.equinox.internal.app.EclipseAppHandle.run(EclipseAppHandle.java:219)
	at org.eclipse.core.runtime.internal.adaptor.EclipseAppLauncher.runApplication(EclipseAppLauncher.java:149)
	at org.eclipse.core.runtime.internal.adaptor.EclipseAppLauncher.start(EclipseAppLauncher.java:115)
	at org.eclipse.core.runtime.adaptor.EclipseStarter.run(EclipseStarter.java:467)
	at org.eclipse.core.runtime.adaptor.EclipseStarter.run(EclipseStarter.java:298)
	at java.base/jdk.internal.reflect.DirectMethodHandleAccessor.invoke(DirectMethodHandleAccessor.java:103)
	at java.base/java.lang.reflect.Method.invoke(Method.java:580)
	at org.eclipse.equinox.launcher.Main.invokeFramework(Main.java:627)
	at org.eclipse.equinox.launcher.Main.basicRun(Main.java:575)
	at org.eclipse.equinox.launcher.Main.run(Main.java:1431)
Caused by: org.eclipse.core.runtime.CoreException: Cannot determine URI for '/Netmeds/pom.xml'.
	at org.eclipse.core.internal.filebuffers.ResourceFileBuffer.create(ResourceFileBuffer.java:239)
	at org.eclipse.core.internal.filebuffers.TextFileBufferManager.connect(TextFileBufferManager.java:116)
	at org.eclipse.ui.editors.text.TextFileDocumentProvider.createFileInfo(TextFileDocumentProvider.java:565)
	at org.eclipse.ui.editors.text.TextFileDocumentProvider.connect(TextFileDocumentProvider.java:481)
	at org.eclipse.ui.texteditor.AbstractTextEditor.doSetInput(AbstractTextEditor.java:4188)
	at org.eclipse.ui.texteditor.StatusTextEditor.doSetInput(StatusTextEditor.java:262)
	at org.eclipse.ui.texteditor.AbstractDecoratedTextEditor.doSetInput(AbstractDecoratedTextEditor.java:1535)
	at org.eclipse.ui.editors.text.TextEditor.doSetInput(TextEditor.java:153)
	at org.eclipse.ui.internal.genericeditor.ExtensionBasedTextEditor.doSetInput(ExtensionBasedTextEditor.java:92)
	at org.eclipse.ui.texteditor.AbstractTextEditor.lambda$1(AbstractTextEditor.java:3172)
	at org.eclipse.jface.operation.ModalContext.runInCurrentThread(ModalContext.java:433)
	at org.eclipse.jface.operation.ModalContext.run(ModalContext.java:353)
	at org.eclipse.ui.internal.WorkbenchWindow.lambda$7(WorkbenchWindow.java:2335)
	at org.eclipse.swt.custom.BusyIndicator.showWhile(BusyIndicator.java:67)
	at org.eclipse.ui.internal.WorkbenchWindow.run(WorkbenchWindow.java:2332)
	at org.eclipse.ui.texteditor.AbstractTextEditor.internalInit(AbstractTextEditor.java:3189)
	... 82 common frames omitted
2025-09-20 15:57:13,495 [Worker-7: Loading available Gradle versions] INFO  o.e.b.c.i.u.g.PublishedGradleVersions - Gradle version information cache is out-of-date. Trying to update.
2025-09-20 16:12:33,084 [Worker-0: Loading available Gradle versions] INFO  o.e.b.c.i.u.g.PublishedGradleVersions - Gradle version information cache is up-to-date. Trying to read.
2025-09-28 12:15:20,058 [Worker-5: Loading available Gradle versions] INFO  o.e.b.c.i.u.g.PublishedGradleVersions - Gradle version information cache is out-of-date. Trying to update.
2026-02-03 21:45:58,341 [Worker-10: Loading available Gradle versions] INFO  o.e.b.c.i.u.g.PublishedGradleVersions - Gradle version information cache is out-of-date. Trying to update.
2026-02-04 23:10:30,366 [Worker-0: Loading available Gradle versions] INFO  o.e.b.c.i.u.g.PublishedGradleVersions - Gradle version information cache is out-of-date. Trying to update.
2026-02-07 22:04:18,993 [Worker-1: Loading available Gradle versions] INFO  o.e.b.c.i.u.g.PublishedGradleVersions - Gradle version information cache is out-of-date. Trying to update.
2026-02-10 21:03:46,032 [Worker-1: Loading available Gradle versions] INFO  o.e.b.c.i.u.g.PublishedGradleVersions - Gradle version information cache is out-of-date. Trying to update.
2026-03-13 00:33:51,706 [Worker-5: Loading available Gradle versions] INFO  o.e.b.c.i.u.g.PublishedGradleVersions - Gradle version information cache is out-of-date. Trying to update.
2026-03-13 21:19:40,989 [Worker-0: Loading available Gradle versions] INFO  o.e.b.c.i.u.g.PublishedGradleVersions - Gradle version information cache is up-to-date. Trying to read.
2026-03-22 21:12:33,236 [Worker-0: Loading available Gradle versions] INFO  o.e.b.c.i.u.g.PublishedGradleVersions - Gradle version information cache is out-of-date. Trying to update.
2026-04-25 22:47:43,685 [Worker-2: Loading available Gradle versions] INFO  o.e.b.c.i.u.g.PublishedGradleVersions - Gradle version information cache is out-of-date. Trying to update.
2026-05-03 00:03:55,640 [Worker-0: Loading available Gradle versions] INFO  o.e.b.c.i.u.g.PublishedGradleVersions - Gradle version information cache is out-of-date. Trying to update.
2026-05-18 20:59:04,444 [Worker-0: Loading available Gradle versions] INFO  o.e.b.c.i.u.g.PublishedGradleVersions - Gradle version information cache is out-of-date. Trying to update.
2026-05-27 22:45:02,101 [Worker-1: Loading available Gradle versions] INFO  o.e.b.c.i.u.g.PublishedGradleVersions - Gradle version information cache is out-of-date. Trying to update.
2026-05-28 23:14:12,570 [Worker-1: Loading available Gradle versions] INFO  o.e.b.c.i.u.g.PublishedGradleVersions - Gradle version information cache is out-of-date. Trying to update.
2026-05-30 23:03:12,504 [Worker-0: Loading available Gradle versions] INFO  o.e.b.c.i.u.g.PublishedGradleVersions - Gradle version information cache is out-of-date. Trying to update.
2026-05-31 20:10:24,107 [Worker-1: Loading available Gradle versions] INFO  o.e.b.c.i.u.g.PublishedGradleVersions - Gradle version information cache is up-to-date. Trying to read.
2026-05-31 20:31:22,922 [Worker-1: Loading available Gradle versions] INFO  o.e.b.c.i.u.g.PublishedGradleVersions - Gradle version information cache is up-to-date. Trying to read.
